code_module,code_presentation,id_student,fold,split
AAA,2013J,11391,2,train
AAA,2013J,28400,2,train
AAA,2013J,30268,1,calib
AAA,2013J,31604,0,test
AAA,2013J,32885,1,calib
AAA,2013J,38053,4,train
AAA,2013J,45462,4,train
AAA,2013J,45642,1,calib
AAA,2013J,52130,3,train
AAA,2013J,53025,3,train
AAA,2013J,57506,3,train
AAA,2013J,58873,2,train
AAA,2013J,59185,4,train
AAA,2013J,62155,1,calib
AAA,2013J,63400,2,train
AAA,2013J,65002,2,train
AAA,2013J,70464,2,train
AAA,2013J,71361,0,test
AAA,2013J,74372,3,train
AAA,2013J,75091,2,train
AAA,2013J,77367,3,train
AAA,2013J,91265,0,test
AAA,2013J,94961,0,test
AAA,2013J,98094,3,train
AAA,2013J,100893,4,train
AAA,2013J,101781,3,train
AAA,2013J,102806,0,test
AAA,2013J,102952,2,train
AAA,2013J,104476,1,calib
AAA,2013J,106247,2,train
AAA,2013J,106577,1,calib
AAA,2013J,110175,4,train
AAA,2013J,111717,1,calib
AAA,2013J,113295,1,calib
AAA,2013J,114017,2,train
AAA,2013J,114999,0,test
AAA,2013J,116541,1,calib
AAA,2013J,116692,1,calib
AAA,2013J,118983,0,test
AAA,2013J,123044,3,train
AAA,2013J,127582,4,train
AAA,2013J,129955,4,train
AAA,2013J,132976,2,train
AAA,2013J,134143,2,train
AAA,2013J,135335,2,train
AAA,2013J,135400,3,train
AAA,2013J,137873,1,calib
AAA,2013J,141355,0,test
AAA,2013J,141377,1,calib
AAA,2013J,142326,3,train
AAA,2013J,144801,2,train
AAA,2013J,145130,2,train
AAA,2013J,146188,4,train
AAA,2013J,147756,0,test
AAA,2013J,147793,1,calib
AAA,2013J,148993,1,calib
AAA,2013J,151358,1,calib
AAA,2013J,155550,4,train
AAA,2013J,155854,4,train
AAA,2013J,155984,3,train
AAA,2013J,157568,1,calib
AAA,2013J,159954,3,train
AAA,2013J,164259,4,train
AAA,2013J,167906,0,test
AAA,2013J,168936,2,train
AAA,2013J,172112,3,train
AAA,2013J,172797,4,train
AAA,2013J,174782,1,calib
AAA,2013J,175392,4,train
AAA,2013J,175932,2,train
AAA,2013J,175991,4,train
AAA,2013J,180753,0,test
AAA,2013J,181316,4,train
AAA,2013J,183096,2,train
AAA,2013J,183947,3,train
AAA,2013J,184271,2,train
AAA,2013J,185439,4,train
AAA,2013J,186149,0,test
AAA,2013J,187100,3,train
AAA,2013J,188278,3,train
AAA,2013J,189879,4,train
AAA,2013J,192183,4,train
AAA,2013J,195262,2,train
AAA,2013J,200860,3,train
AAA,2013J,202635,2,train
AAA,2013J,205350,3,train
AAA,2013J,205719,4,train
AAA,2013J,227499,0,test
AAA,2013J,227517,1,calib
AAA,2013J,228082,2,train
AAA,2013J,228222,1,calib
AAA,2013J,229179,0,test
AAA,2013J,229361,3,train
AAA,2013J,231554,3,train
AAA,2013J,235507,2,train
AAA,2013J,236284,4,train
AAA,2013J,238007,3,train
AAA,2013J,240712,3,train
AAA,2013J,240884,0,test
AAA,2013J,241649,2,train
AAA,2013J,241729,4,train
AAA,2013J,242793,1,calib
AAA,2013J,246834,0,test
AAA,2013J,248270,0,test
AAA,2013J,255548,4,train
AAA,2013J,256815,2,train
AAA,2013J,258392,2,train
AAA,2013J,258894,1,calib
AAA,2013J,260355,1,calib
AAA,2013J,262011,1,calib
AAA,2013J,262934,1,calib
AAA,2013J,268073,4,train
AAA,2013J,268733,2,train
AAA,2013J,271251,4,train
AAA,2013J,277880,3,train
AAA,2013J,279572,4,train
AAA,2013J,281022,2,train
AAA,2013J,281250,3,train
AAA,2013J,281589,1,calib
AAA,2013J,282821,3,train
AAA,2013J,286488,3,train
AAA,2013J,287548,3,train
AAA,2013J,290201,4,train
AAA,2013J,290757,4,train
AAA,2013J,291334,1,calib
AAA,2013J,292923,4,train
AAA,2013J,293699,0,test
AAA,2013J,294570,3,train
AAA,2013J,294594,4,train
AAA,2013J,295741,1,calib
AAA,2013J,296332,4,train
AAA,2013J,298696,4,train
AAA,2013J,300398,4,train
AAA,2013J,302302,0,test
AAA,2013J,305152,1,calib
AAA,2013J,305386,0,test
AAA,2013J,305539,2,train
AAA,2013J,306107,1,calib
AAA,2013J,306466,4,train
AAA,2013J,306897,0,test
AAA,2013J,307061,0,test
AAA,2013J,307866,2,train
AAA,2013J,311917,4,train
AAA,2013J,312537,4,train
AAA,2013J,312782,3,train
AAA,2013J,318933,0,test
AAA,2013J,319047,2,train
AAA,2013J,321942,2,train
AAA,2013J,324002,3,train
AAA,2013J,324084,3,train
AAA,2013J,324282,4,train
AAA,2013J,331358,2,train
AAA,2013J,332789,0,test
AAA,2013J,333059,4,train
AAA,2013J,333323,4,train
AAA,2013J,334259,1,calib
AAA,2013J,334333,2,train
AAA,2013J,335764,0,test
AAA,2013J,336207,2,train
AAA,2013J,339972,0,test
AAA,2013J,341872,1,calib
AAA,2013J,342007,0,test
AAA,2013J,342514,0,test
AAA,2013J,342972,2,train
AAA,2013J,343446,1,calib
AAA,2013J,344282,1,calib
AAA,2013J,345068,2,train
AAA,2013J,345357,0,test
AAA,2013J,346025,3,train
AAA,2013J,346843,1,calib
AAA,2013J,350188,3,train
AAA,2013J,354858,0,test
AAA,2013J,357668,3,train
AAA,2013J,364177,1,calib
AAA,2013J,365244,1,calib
AAA,2013J,365642,0,test
AAA,2013J,366483,2,train
AAA,2013J,368194,4,train
AAA,2013J,368824,1,calib
AAA,2013J,368963,3,train
AAA,2013J,376439,1,calib
AAA,2013J,376581,3,train
AAA,2013J,380953,1,calib
AAA,2013J,383254,4,train
AAA,2013J,386924,1,calib
AAA,2013J,386952,0,test
AAA,2013J,388722,3,train
AAA,2013J,388885,1,calib
AAA,2013J,390890,0,test
AAA,2013J,392756,4,train
AAA,2013J,392931,1,calib
AAA,2013J,393207,4,train
AAA,2013J,396872,1,calib
AAA,2013J,398552,3,train
AAA,2013J,401869,4,train
AAA,2013J,402470,4,train
AAA,2013J,404804,0,test
AAA,2013J,405088,3,train
AAA,2013J,405961,3,train
AAA,2013J,414117,3,train
AAA,2013J,415969,1,calib
AAA,2013J,420087,1,calib
AAA,2013J,429958,1,calib
AAA,2013J,441018,2,train
AAA,2013J,441888,4,train
AAA,2013J,442442,1,calib
AAA,2013J,444677,0,test
AAA,2013J,470588,1,calib
AAA,2013J,489455,0,test
AAA,2013J,494424,1,calib
AAA,2013J,495284,1,calib
AAA,2013J,498857,0,test
AAA,2013J,508818,3,train
AAA,2013J,512460,4,train
AAA,2013J,544103,2,train
AAA,2013J,550383,3,train
AAA,2013J,564450,1,calib
AAA,2013J,568601,4,train
AAA,2013J,572652,4,train
AAA,2013J,580389,2,train
AAA,2013J,581129,4,train
AAA,2013J,588775,4,train
AAA,2013J,591774,4,train
AAA,2013J,603861,0,test
AAA,2013J,606143,2,train
AAA,2013J,704156,3,train
AAA,2013J,705379,4,train
AAA,2013J,721259,1,calib
AAA,2013J,749412,4,train
AAA,2013J,760729,2,train
AAA,2013J,905042,2,train
AAA,2013J,949618,3,train
AAA,2013J,958987,2,train
AAA,2013J,968578,2,train
AAA,2013J,969076,3,train
AAA,2013J,971027,1,calib
AAA,2013J,978739,0,test
AAA,2013J,1035023,2,train
AAA,2013J,1105478,4,train
AAA,2013J,1352868,1,calib
AAA,2013J,1401935,2,train
AAA,2013J,1402638,0,test
AAA,2013J,1414443,3,train
AAA,2013J,1456619,1,calib
AAA,2013J,1465690,4,train
AAA,2013J,1472925,4,train
AAA,2013J,1488959,4,train
AAA,2013J,1518989,0,test
AAA,2013J,1618738,3,train
AAA,2013J,1620151,1,calib
AAA,2013J,1626710,3,train
AAA,2013J,1640609,1,calib
AAA,2013J,1686521,0,test
AAA,2013J,1729319,3,train
AAA,2013J,1746134,0,test
AAA,2013J,1758449,0,test
AAA,2013J,1763015,0,test
AAA,2013J,1765788,0,test
AAA,2013J,1801229,3,train
AAA,2013J,1801641,0,test
AAA,2013J,1847830,1,calib
AAA,2013J,1860318,2,train
AAA,2013J,1889511,4,train
AAA,2013J,1889577,2,train
AAA,2013J,1894188,2,train
AAA,2013J,1938355,1,calib
AAA,2013J,1942396,1,calib
AAA,2013J,1970390,0,test
AAA,2013J,1976139,2,train
AAA,2013J,2011876,3,train
AAA,2013J,2012966,0,test
AAA,2013J,2051699,2,train
AAA,2013J,2062879,2,train
AAA,2013J,2065691,0,test
AAA,2013J,2073016,0,test
AAA,2013J,2080474,0,test
AAA,2013J,2083877,2,train
AAA,2013J,2084066,4,train
AAA,2013J,2104505,3,train
AAA,2013J,2122180,1,calib
AAA,2013J,2139353,0,test
AAA,2013J,2143752,0,test
AAA,2013J,2146792,0,test
AAA,2013J,2149225,1,calib
AAA,2013J,2153153,2,train
AAA,2013J,2155014,3,train
AAA,2013J,2164705,3,train
AAA,2013J,2171627,0,test
AAA,2013J,2182846,4,train
AAA,2013J,2194100,4,train
AAA,2013J,2197016,0,test
AAA,2013J,2208424,3,train
AAA,2013J,2229865,4,train
AAA,2013J,2255601,3,train
AAA,2013J,2268379,0,test
AAA,2013J,2278464,3,train
AAA,2013J,2293923,0,test
AAA,2013J,2312620,0,test
AAA,2013J,2318055,3,train
AAA,2013J,2324976,2,train
AAA,2013J,2329342,3,train
AAA,2013J,2339528,4,train
AAA,2013J,2342426,2,train
AAA,2013J,2344901,3,train
AAA,2013J,2358056,4,train
AAA,2013J,2358969,3,train
AAA,2013J,2364471,2,train
AAA,2013J,2365101,3,train
AAA,2013J,2367155,3,train
AAA,2013J,2369266,2,train
AAA,2013J,2376496,0,test
AAA,2013J,2391984,1,calib
AAA,2013J,2411661,0,test
AAA,2013J,2411778,0,test
AAA,2013J,2412002,2,train
AAA,2013J,2412967,2,train
AAA,2013J,2429854,3,train
AAA,2013J,2437837,0,test
AAA,2013J,2449878,2,train
AAA,2013J,2456480,4,train
AAA,2013J,2457256,3,train
AAA,2013J,2458355,1,calib
AAA,2013J,2460080,1,calib
AAA,2013J,2461190,3,train
AAA,2013J,2469673,1,calib
AAA,2013J,2470694,3,train
AAA,2013J,2479954,1,calib
AAA,2013J,2481901,4,train
AAA,2013J,2482700,3,train
AAA,2013J,2486127,0,test
AAA,2013J,2498700,0,test
AAA,2013J,2516503,2,train
AAA,2013J,2518069,2,train
AAA,2013J,2521459,4,train
AAA,2013J,2523736,2,train
AAA,2013J,2529279,4,train
AAA,2013J,2532302,1,calib
AAA,2013J,2536991,2,train
AAA,2013J,2542724,1,calib
AAA,2013J,2550279,4,train
AAA,2013J,2551220,3,train
AAA,2013J,2552472,2,train
AAA,2013J,2555340,2,train
AAA,2013J,2557283,1,calib
AAA,2013J,2559575,0,test
AAA,2013J,2562034,0,test
AAA,2013J,2566163,0,test
AAA,2013J,2566592,2,train
AAA,2013J,2569324,1,calib
AAA,2013J,2574528,4,train
AAA,2013J,2574583,0,test
AAA,2013J,2576122,2,train
AAA,2013J,2578995,4,train
AAA,2013J,2586560,0,test
AAA,2013J,2594139,4,train
AAA,2013J,2598871,4,train
AAA,2013J,2599352,2,train
AAA,2013J,2600688,0,test
AAA,2013J,2606098,1,calib
AAA,2013J,2613116,4,train
AAA,2013J,2617002,4,train
AAA,2013J,2620584,2,train
AAA,2013J,2639449,2,train
AAA,2013J,2639540,1,calib
AAA,2013J,2639641,2,train
AAA,2013J,2641155,1,calib
AAA,2013J,2643002,2,train
AAA,2013J,2645733,2,train
AAA,2013J,2649826,2,train
AAA,2013J,2650282,3,train
AAA,2013J,2664024,3,train
AAA,2013J,2666246,3,train
AAA,2013J,2669816,2,train
AAA,2013J,2671132,2,train
AAA,2013J,2676809,0,test
AAA,2013J,2678643,1,calib
AAA,2013J,2685865,0,test
AAA,2013J,2688067,2,train
AAA,2013J,2689958,0,test
AAA,2013J,2691206,3,train
AAA,2013J,2691244,0,test
AAA,2013J,2694424,1,calib
AAA,2013J,2698257,1,calib
AAA,2014J,6516,4,train
AAA,2014J,24734,0,test
AAA,2014J,26192,1,calib
AAA,2014J,28061,0,test
AAA,2014J,31600,4,train
AAA,2014J,46844,1,calib
AAA,2014J,52765,0,test
AAA,2014J,55104,3,train
AAA,2014J,58071,0,test
AAA,2014J,58316,0,test
AAA,2014J,62487,3,train
AAA,2014J,63165,1,calib
AAA,2014J,65002,2,train
AAA,2014J,70011,3,train
AAA,2014J,75255,3,train
AAA,2014J,79403,3,train
AAA,2014J,85092,0,test
AAA,2014J,85144,3,train
AAA,2014J,85302,0,test
AAA,2014J,87431,2,train
AAA,2014J,94961,0,test
AAA,2014J,95755,1,calib
AAA,2014J,101116,0,test
AAA,2014J,107489,1,calib
AAA,2014J,108872,4,train
AAA,2014J,109155,3,train
AAA,2014J,111512,2,train
AAA,2014J,117818,4,train
AAA,2014J,119902,4,train
AAA,2014J,121349,4,train
AAA,2014J,124064,4,train
AAA,2014J,125018,4,train
AAA,2014J,129955,4,train
AAA,2014J,130034,1,calib
AAA,2014J,130547,0,test
AAA,2014J,130636,1,calib
AAA,2014J,131390,0,test
AAA,2014J,133816,4,train
AAA,2014J,133922,0,test
AAA,2014J,135335,2,train
AAA,2014J,135400,3,train
AAA,2014J,135471,4,train
AAA,2014J,139033,0,test
AAA,2014J,141377,1,calib
AAA,2014J,141506,3,train
AAA,2014J,146503,1,calib
AAA,2014J,147756,0,test
AAA,2014J,148993,1,calib
AAA,2014J,149741,0,test
AAA,2014J,149962,1,calib
AAA,2014J,151587,3,train
AAA,2014J,152668,4,train
AAA,2014J,155984,3,train
AAA,2014J,158707,1,calib
AAA,2014J,159954,3,train
AAA,2014J,164944,2,train
AAA,2014J,165226,4,train
AAA,2014J,167961,1,calib
AAA,2014J,174024,2,train
AAA,2014J,174094,3,train
AAA,2014J,174745,3,train
AAA,2014J,175447,1,calib
AAA,2014J,175772,0,test
AAA,2014J,183057,3,train
AAA,2014J,185350,3,train
AAA,2014J,188278,3,train
AAA,2014J,199636,0,test
AAA,2014J,199897,0,test
AAA,2014J,200804,2,train
AAA,2014J,205494,3,train
AAA,2014J,228021,4,train
AAA,2014J,228383,4,train
AAA,2014J,232307,3,train
AAA,2014J,235068,0,test
AAA,2014J,235507,2,train
AAA,2014J,236875,3,train
AAA,2014J,237274,1,calib
AAA,2014J,243510,4,train
AAA,2014J,244246,1,calib
AAA,2014J,248581,1,calib
AAA,2014J,252073,2,train
AAA,2014J,254625,0,test
AAA,2014J,258587,4,train
AAA,2014J,260355,1,calib
AAA,2014J,260623,1,calib
AAA,2014J,263251,0,test
AAA,2014J,263543,0,test
AAA,2014J,263952,3,train
AAA,2014J,266524,0,test
AAA,2014J,268733,2,train
AAA,2014J,273346,2,train
AAA,2014J,274947,1,calib
AAA,2014J,275674,0,test
AAA,2014J,275792,4,train
AAA,2014J,277123,0,test
AAA,2014J,277880,3,train
AAA,2014J,281077,3,train
AAA,2014J,281636,0,test
AAA,2014J,285315,2,train
AAA,2014J,287040,2,train
AAA,2014J,287204,0,test
AAA,2014J,287210,2,train
AAA,2014J,288994,2,train
AAA,2014J,289449,1,calib
AAA,2014J,290164,2,train
AAA,2014J,292525,3,train
AAA,2014J,292775,3,train
AAA,2014J,293824,1,calib
AAA,2014J,294496,3,train
AAA,2014J,294655,4,train
AAA,2014J,295060,0,test
AAA,2014J,295075,3,train
AAA,2014J,296424,0,test
AAA,2014J,298034,4,train
AAA,2014J,298838,0,test
AAA,2014J,301967,1,calib
AAA,2014J,302476,4,train
AAA,2014J,303521,3,train
AAA,2014J,303985,4,train
AAA,2014J,304465,4,train
AAA,2014J,306646,1,calib
AAA,2014J,309142,2,train
AAA,2014J,310412,1,calib
AAA,2014J,311235,3,train
AAA,2014J,311659,4,train
AAA,2014J,313937,3,train
AAA,2014J,315076,2,train
AAA,2014J,315744,0,test
AAA,2014J,323370,2,train
AAA,2014J,323805,4,train
AAA,2014J,328024,0,test
AAA,2014J,328734,3,train
AAA,2014J,329659,0,test
AAA,2014J,330594,3,train
AAA,2014J,331358,2,train
AAA,2014J,332884,3,train
AAA,2014J,334441,3,train
AAA,2014J,335247,4,train
AAA,2014J,335764,0,test
AAA,2014J,337748,1,calib
AAA,2014J,338407,4,train
AAA,2014J,341876,3,train
AAA,2014J,342007,0,test
AAA,2014J,345440,2,train
AAA,2014J,345519,4,train
AAA,2014J,346118,4,train
AAA,2014J,348275,3,train
AAA,2014J,348807,0,test
AAA,2014J,350156,0,test
AAA,2014J,350939,0,test
AAA,2014J,351336,2,train
AAA,2014J,353665,2,train
AAA,2014J,354170,1,calib
AAA,2014J,356170,3,train
AAA,2014J,358182,2,train
AAA,2014J,364957,1,calib
AAA,2014J,369834,4,train
AAA,2014J,371710,0,test
AAA,2014J,373872,1,calib
AAA,2014J,375260,3,train
AAA,2014J,375646,3,train
AAA,2014J,377546,2,train
AAA,2014J,381642,3,train
AAA,2014J,382095,0,test
AAA,2014J,383180,3,train
AAA,2014J,383600,2,train
AAA,2014J,383723,3,train
AAA,2014J,384203,4,train
AAA,2014J,384725,2,train
AAA,2014J,387533,2,train
AAA,2014J,387954,1,calib
AAA,2014J,388147,0,test
AAA,2014J,390890,0,test
AAA,2014J,391249,1,calib
AAA,2014J,396599,4,train
AAA,2014J,396655,2,train
AAA,2014J,398171,2,train
AAA,2014J,398349,0,test
AAA,2014J,400147,0,test
AAA,2014J,400682,1,calib
AAA,2014J,401404,0,test
AAA,2014J,402204,0,test
AAA,2014J,402727,2,train
AAA,2014J,402961,3,train
AAA,2014J,404356,1,calib
AAA,2014J,406671,1,calib
AAA,2014J,406682,2,train
AAA,2014J,409100,3,train
AAA,2014J,409703,4,train
AAA,2014J,410092,3,train
AAA,2014J,411971,1,calib
AAA,2014J,415969,1,calib
AAA,2014J,418731,0,test
AAA,2014J,421455,0,test
AAA,2014J,424577,0,test
AAA,2014J,429858,0,test
AAA,2014J,431025,0,test
AAA,2014J,439305,1,calib
AAA,2014J,440319,3,train
AAA,2014J,442064,2,train
AAA,2014J,442132,1,calib
AAA,2014J,446108,4,train
AAA,2014J,447481,3,train
AAA,2014J,468120,4,train
AAA,2014J,468694,2,train
AAA,2014J,470588,1,calib
AAA,2014J,470982,2,train
AAA,2014J,476603,1,calib
AAA,2014J,481022,4,train
AAA,2014J,483800,4,train
AAA,2014J,484897,1,calib
AAA,2014J,485962,1,calib
AAA,2014J,488382,3,train
AAA,2014J,488990,1,calib
AAA,2014J,500113,2,train
AAA,2014J,503889,1,calib
AAA,2014J,514526,1,calib
AAA,2014J,518808,1,calib
AAA,2014J,522482,2,train
AAA,2014J,527100,1,calib
AAA,2014J,527801,2,train
AAA,2014J,533068,2,train
AAA,2014J,537081,3,train
AAA,2014J,544253,2,train
AAA,2014J,548120,1,calib
AAA,2014J,561467,1,calib
AAA,2014J,567922,4,train
AAA,2014J,569505,3,train
AAA,2014J,570317,1,calib
AAA,2014J,574505,0,test
AAA,2014J,588477,1,calib
AAA,2014J,593846,2,train
AAA,2014J,593987,2,train
AAA,2014J,596288,2,train
AAA,2014J,598070,3,train
AAA,2014J,603834,2,train
AAA,2014J,603861,0,test
AAA,2014J,608440,2,train
AAA,2014J,623710,0,test
AAA,2014J,623840,3,train
AAA,2014J,626240,1,calib
AAA,2014J,628088,4,train
AAA,2014J,628312,3,train
AAA,2014J,630142,3,train
AAA,2014J,637665,1,calib
AAA,2014J,639053,4,train
AAA,2014J,642878,1,calib
AAA,2014J,648130,4,train
AAA,2014J,676546,0,test
AAA,2014J,677186,4,train
AAA,2014J,677281,1,calib
AAA,2014J,684180,1,calib
AAA,2014J,687698,4,train
AAA,2014J,696073,4,train
AAA,2014J,696578,0,test
AAA,2014J,721259,1,calib
AAA,2014J,852847,3,train
AAA,2014J,998493,0,test
AAA,2014J,1045203,1,calib
AAA,2014J,1112555,4,train
AAA,2014J,1183831,3,train
AAA,2014J,1268696,0,test
AAA,2014J,1336190,4,train
AAA,2014J,1352868,1,calib
AAA,2014J,1398979,4,train
AAA,2014J,1456619,1,calib
AAA,2014J,1469279,0,test
AAA,2014J,1471214,3,train
AAA,2014J,1472925,4,train
AAA,2014J,1484804,4,train
AAA,2014J,1511033,3,train
AAA,2014J,1576513,3,train
AAA,2014J,1609002,0,test
AAA,2014J,1629771,3,train
AAA,2014J,1676594,1,calib
AAA,2014J,1686551,1,calib
AAA,2014J,1689639,3,train
AAA,2014J,1715896,3,train
AAA,2014J,1721270,2,train
AAA,2014J,1757766,4,train
AAA,2014J,1773377,1,calib
AAA,2014J,1799111,0,test
AAA,2014J,1818673,2,train
AAA,2014J,1839386,3,train
AAA,2014J,1926668,1,calib
AAA,2014J,1947156,0,test
AAA,2014J,1967783,3,train
AAA,2014J,1970390,0,test
AAA,2014J,1975209,0,test
AAA,2014J,2010232,0,test
AAA,2014J,2045084,2,train
AAA,2014J,2057803,4,train
AAA,2014J,2073016,0,test
AAA,2014J,2085209,2,train
AAA,2014J,2086400,4,train
AAA,2014J,2139353,0,test
AAA,2014J,2148681,1,calib
AAA,2014J,2158048,3,train
AAA,2014J,2158196,4,train
AAA,2014J,2165164,1,calib
AAA,2014J,2168833,2,train
AAA,2014J,2207874,0,test
AAA,2014J,2240349,0,test
AAA,2014J,2244332,1,calib
AAA,2014J,2273119,3,train
AAA,2014J,2277857,4,train
AAA,2014J,2297896,4,train
AAA,2014J,2313257,4,train
AAA,2014J,2318055,3,train
AAA,2014J,2330254,4,train
AAA,2014J,2355470,1,calib
AAA,2014J,2358969,3,train
AAA,2014J,2363863,0,test
AAA,2014J,2365101,3,train
AAA,2014J,2369415,0,test
AAA,2014J,2375975,4,train
AAA,2014J,2397661,4,train
AAA,2014J,2398313,1,calib
AAA,2014J,2404408,0,test
AAA,2014J,2425993,0,test
AAA,2014J,2429854,3,train
AAA,2014J,2432796,3,train
AAA,2014J,2434159,2,train
AAA,2014J,2436812,4,train
AAA,2014J,2467267,1,calib
AAA,2014J,2470694,3,train
AAA,2014J,2473538,0,test
AAA,2014J,2474849,4,train
AAA,2014J,2494700,1,calib
AAA,2014J,2500258,4,train
AAA,2014J,2507842,1,calib
AAA,2014J,2509639,3,train
AAA,2014J,2514368,4,train
AAA,2014J,2514898,2,train
AAA,2014J,2521865,2,train
AAA,2014J,2522927,4,train
AAA,2014J,2540168,2,train
AAA,2014J,2546445,3,train
AAA,2014J,2551797,4,train
AAA,2014J,2551932,1,calib
AAA,2014J,2569324,1,calib
AAA,2014J,2574990,0,test
AAA,2014J,2576122,2,train
AAA,2014J,2578676,4,train
AAA,2014J,2581477,4,train
AAA,2014J,2584873,4,train
AAA,2014J,2595841,3,train
AAA,2014J,2596621,4,train
AAA,2014J,2601889,3,train
AAA,2014J,2602338,2,train
AAA,2014J,2606802,4,train
AAA,2014J,2624961,4,train
AAA,2014J,2630087,4,train
AAA,2014J,2633226,3,train
AAA,2014J,2642616,1,calib
AAA,2014J,2642935,0,test
AAA,2014J,2648611,3,train
AAA,2014J,2649800,1,calib
AAA,2014J,2654628,4,train
AAA,2014J,2677624,4,train
AAA,2014J,2680312,1,calib
AAA,2014J,2688166,0,test
AAA,2014J,2690062,3,train
AAA,2014J,2692514,1,calib
AAA,2014J,2694788,1,calib
BBB,2013B,23629,4,train
BBB,2013B,25107,0,test
BBB,2013B,27891,2,train
BBB,2013B,29144,3,train
BBB,2013B,31663,1,calib
BBB,2013B,33666,4,train
BBB,2013B,34229,4,train
BBB,2013B,34353,2,train
BBB,2013B,34431,3,train
BBB,2013B,34694,0,test
BBB,2013B,34756,2,train
BBB,2013B,34863,3,train
BBB,2013B,35812,0,test
BBB,2013B,39655,3,train
BBB,2013B,50993,1,calib
BBB,2013B,52899,2,train
BBB,2013B,58089,3,train
BBB,2013B,62631,4,train
BBB,2013B,70608,0,test
BBB,2013B,71433,1,calib
BBB,2013B,72070,0,test
BBB,2013B,74695,2,train
BBB,2013B,74734,3,train
BBB,2013B,75399,0,test
BBB,2013B,78645,0,test
BBB,2013B,79378,2,train
BBB,2013B,82535,4,train
BBB,2013B,82741,2,train
BBB,2013B,83254,0,test
BBB,2013B,84245,0,test
BBB,2013B,84664,1,calib
BBB,2013B,86291,4,train
BBB,2013B,87604,4,train
BBB,2013B,87732,0,test
BBB,2013B,88580,1,calib
BBB,2013B,91322,2,train
BBB,2013B,92274,2,train
BBB,2013B,92832,0,test
BBB,2013B,92947,2,train
BBB,2013B,92993,1,calib
BBB,2013B,94616,1,calib
BBB,2013B,96291,1,calib
BBB,2013B,97154,4,train
BBB,2013B,98313,0,test
BBB,2013B,102849,3,train
BBB,2013B,104054,1,calib
BBB,2013B,108377,4,train
BBB,2013B,108589,2,train
BBB,2013B,109938,1,calib
BBB,2013B,110881,3,train
BBB,2013B,116603,2,train
BBB,2013B,117071,4,train
BBB,2013B,120994,1,calib
BBB,2013B,122524,0,test
BBB,2013B,123379,0,test
BBB,2013B,123860,0,test
BBB,2013B,126322,3,train
BBB,2013B,126411,1,calib
BBB,2013B,127209,1,calib
BBB,2013B,128776,3,train
BBB,2013B,133155,2,train
BBB,2013B,133531,1,calib
BBB,2013B,133748,4,train
BBB,2013B,141823,2,train
BBB,2013B,142324,4,train
BBB,2013B,143741,1,calib
BBB,2013B,143854,4,train
BBB,2013B,145544,4,train
BBB,2013B,147876,2,train
BBB,2013B,151697,0,test
BBB,2013B,152153,2,train
BBB,2013B,152910,2,train
BBB,2013B,152929,0,test
BBB,2013B,153212,0,test
BBB,2013B,153704,2,train
BBB,2013B,154027,3,train
BBB,2013B,154125,0,test
BBB,2013B,154540,1,calib
BBB,2013B,155735,1,calib
BBB,2013B,156835,4,train
BBB,2013B,161678,2,train
BBB,2013B,165243,0,test
BBB,2013B,169515,4,train
BBB,2013B,170356,0,test
BBB,2013B,171377,1,calib
BBB,2013B,173316,3,train
BBB,2013B,173335,4,train
BBB,2013B,174321,1,calib
BBB,2013B,177639,2,train
BBB,2013B,179605,1,calib
BBB,2013B,182824,0,test
BBB,2013B,183806,2,train
BBB,2013B,185240,4,train
BBB,2013B,185349,0,test
BBB,2013B,186670,4,train
BBB,2013B,186780,0,test
BBB,2013B,186988,2,train
BBB,2013B,187793,4,train
BBB,2013B,188152,0,test
BBB,2013B,192424,0,test
BBB,2013B,193822,3,train
BBB,2013B,197595,0,test
BBB,2013B,198956,1,calib
BBB,2013B,199520,3,train
BBB,2013B,200863,4,train
BBB,2013B,200905,0,test
BBB,2013B,203108,4,train
BBB,2013B,203481,2,train
BBB,2013B,203652,0,test
BBB,2013B,204746,3,train
BBB,2013B,205231,0,test
BBB,2013B,226374,1,calib
BBB,2013B,226827,2,train
BBB,2013B,228049,0,test
BBB,2013B,228235,2,train
BBB,2013B,229240,1,calib
BBB,2013B,229426,0,test
BBB,2013B,230348,1,calib
BBB,2013B,232600,1,calib
BBB,2013B,232695,0,test
BBB,2013B,232745,1,calib
BBB,2013B,235097,1,calib
BBB,2013B,237304,2,train
BBB,2013B,237913,0,test
BBB,2013B,242149,0,test
BBB,2013B,245404,2,train
BBB,2013B,247267,3,train
BBB,2013B,248103,2,train
BBB,2013B,249534,3,train
BBB,2013B,251351,3,train
BBB,2013B,252340,1,calib
BBB,2013B,252652,2,train
BBB,2013B,253250,1,calib
BBB,2013B,255347,1,calib
BBB,2013B,255998,3,train
BBB,2013B,256215,1,calib
BBB,2013B,258402,1,calib
BBB,2013B,259182,3,train
BBB,2013B,262294,2,train
BBB,2013B,262454,2,train
BBB,2013B,262741,4,train
BBB,2013B,263499,4,train
BBB,2013B,263531,3,train
BBB,2013B,265405,0,test
BBB,2013B,265958,0,test
BBB,2013B,267761,0,test
BBB,2013B,267853,3,train
BBB,2013B,269076,0,test
BBB,2013B,269289,3,train
BBB,2013B,270399,1,calib
BBB,2013B,270567,2,train
BBB,2013B,271036,2,train
BBB,2013B,272580,1,calib
BBB,2013B,273731,3,train
BBB,2013B,273877,1,calib
BBB,2013B,276717,2,train
BBB,2013B,277733,0,test
BBB,2013B,278447,4,train
BBB,2013B,280962,1,calib
BBB,2013B,281564,4,train
BBB,2013B,284076,4,train
BBB,2013B,285633,4,train
BBB,2013B,285912,2,train
BBB,2013B,288380,0,test
BBB,2013B,288990,1,calib
BBB,2013B,290550,3,train
BBB,2013B,291037,3,train
BBB,2013B,291194,0,test
BBB,2013B,291701,2,train
BBB,2013B,292027,1,calib
BBB,2013B,294381,2,train
BBB,2013B,294961,3,train
BBB,2013B,294999,3,train
BBB,2013B,295754,2,train
BBB,2013B,296408,1,calib
BBB,2013B,297484,3,train
BBB,2013B,298322,0,test
BBB,2013B,298476,2,train
BBB,2013B,299561,3,train
BBB,2013B,302550,4,train
BBB,2013B,305945,4,train
BBB,2013B,306886,4,train
BBB,2013B,306984,3,train
BBB,2013B,309175,3,train
BBB,2013B,309709,4,train
BBB,2013B,309734,1,calib
BBB,2013B,311042,3,train
BBB,2013B,312141,0,test
BBB,2013B,313810,2,train
BBB,2013B,315186,2,train
BBB,2013B,316841,2,train
BBB,2013B,318056,2,train
BBB,2013B,318101,4,train
BBB,2013B,319209,1,calib
BBB,2013B,322745,3,train
BBB,2013B,322960,3,train
BBB,2013B,323914,4,train
BBB,2013B,324236,2,train
BBB,2013B,325511,4,train
BBB,2013B,325879,4,train
BBB,2013B,326012,2,train
BBB,2013B,329226,1,calib
BBB,2013B,329321,2,train
BBB,2013B,329800,3,train
BBB,2013B,330376,0,test
BBB,2013B,331354,1,calib
BBB,2013B,331844,1,calib
BBB,2013B,333129,1,calib
BBB,2013B,333837,3,train
BBB,2013B,334291,3,train
BBB,2013B,334794,2,train
BBB,2013B,335421,0,test
BBB,2013B,335600,3,train
BBB,2013B,335910,3,train
BBB,2013B,336165,1,calib
BBB,2013B,338056,4,train
BBB,2013B,338861,0,test
BBB,2013B,338912,2,train
BBB,2013B,339379,3,train
BBB,2013B,339526,4,train
BBB,2013B,339946,2,train
BBB,2013B,340378,2,train
BBB,2013B,340831,1,calib
BBB,2013B,341040,1,calib
BBB,2013B,341229,1,calib
BBB,2013B,341235,2,train
BBB,2013B,341509,0,test
BBB,2013B,349040,2,train
BBB,2013B,349424,0,test
BBB,2013B,350622,3,train
BBB,2013B,350795,0,test
BBB,2013B,351271,0,test
BBB,2013B,351290,3,train
BBB,2013B,351543,4,train
BBB,2013B,352161,4,train
BBB,2013B,352364,2,train
BBB,2013B,353093,3,train
BBB,2013B,353352,1,calib
BBB,2013B,353918,0,test
BBB,2013B,354058,0,test
BBB,2013B,354815,0,test
BBB,2013B,354895,3,train
BBB,2013B,355369,0,test
BBB,2013B,355998,4,train
BBB,2013B,357030,4,train
BBB,2013B,357038,0,test
BBB,2013B,357928,1,calib
BBB,2013B,359170,1,calib
BBB,2013B,360188,2,train
BBB,2013B,360489,4,train
BBB,2013B,360877,2,train
BBB,2013B,361603,3,train
BBB,2013B,362760,1,calib
BBB,2013B,362877,3,train
BBB,2013B,363401,2,train
BBB,2013B,363416,4,train
BBB,2013B,363660,0,test
BBB,2013B,364323,1,calib
BBB,2013B,365439,1,calib
BBB,2013B,365452,2,train
BBB,2013B,365488,3,train
BBB,2013B,365707,4,train
BBB,2013B,366821,1,calib
BBB,2013B,367304,4,train
BBB,2013B,367348,1,calib
BBB,2013B,367609,1,calib
BBB,2013B,368439,3,train
BBB,2013B,369212,3,train
BBB,2013B,370302,2,train
BBB,2013B,370720,0,test
BBB,2013B,371679,2,train
BBB,2013B,372624,0,test
BBB,2013B,374102,0,test
BBB,2013B,374234,2,train
BBB,2013B,375312,2,train
BBB,2013B,376617,0,test
BBB,2013B,377695,0,test
BBB,2013B,377759,2,train
BBB,2013B,377846,4,train
BBB,2013B,377905,3,train
BBB,2013B,378462,1,calib
BBB,2013B,378543,1,calib
BBB,2013B,378721,4,train
BBB,2013B,379402,2,train
BBB,2013B,379405,2,train
BBB,2013B,380151,3,train
BBB,2013B,381640,2,train
BBB,2013B,381722,1,calib
BBB,2013B,383828,2,train
BBB,2013B,384678,1,calib
BBB,2013B,384909,0,test
BBB,2013B,385034,0,test
BBB,2013B,386348,2,train
BBB,2013B,386957,3,train
BBB,2013B,387276,1,calib
BBB,2013B,387702,1,calib
BBB,2013B,388014,2,train
BBB,2013B,388205,1,calib
BBB,2013B,388360,2,train
BBB,2013B,388410,2,train
BBB,2013B,388484,4,train
BBB,2013B,389369,2,train
BBB,2013B,390220,2,train
BBB,2013B,390442,1,calib
BBB,2013B,390461,2,train
BBB,2013B,392213,1,calib
BBB,2013B,392281,3,train
BBB,2013B,392428,4,train
BBB,2013B,392614,4,train
BBB,2013B,393327,0,test
BBB,2013B,394956,2,train
BBB,2013B,395107,1,calib
BBB,2013B,395229,3,train
BBB,2013B,397118,3,train
BBB,2013B,397763,3,train
BBB,2013B,398084,1,calib
BBB,2013B,398949,4,train
BBB,2013B,398965,4,train
BBB,2013B,399108,1,calib
BBB,2013B,399792,4,train
BBB,2013B,400049,2,train
BBB,2013B,400469,1,calib
BBB,2013B,400474,2,train
BBB,2013B,400718,2,train
BBB,2013B,400894,1,calib
BBB,2013B,401339,4,train
BBB,2013B,401349,3,train
BBB,2013B,402660,3,train
BBB,2013B,403093,3,train
BBB,2013B,403191,0,test
BBB,2013B,404022,1,calib
BBB,2013B,404727,0,test
BBB,2013B,405471,2,train
BBB,2013B,405746,4,train
BBB,2013B,405995,1,calib
BBB,2013B,406311,1,calib
BBB,2013B,406416,0,test
BBB,2013B,406974,2,train
BBB,2013B,408112,0,test
BBB,2013B,409662,0,test
BBB,2013B,410739,2,train
BBB,2013B,411197,0,test
BBB,2013B,412407,4,train
BBB,2013B,412654,3,train
BBB,2013B,413984,0,test
BBB,2013B,414958,3,train
BBB,2013B,415548,2,train
BBB,2013B,415716,1,calib
BBB,2013B,415760,3,train
BBB,2013B,416007,2,train
BBB,2013B,416314,1,calib
BBB,2013B,416654,1,calib
BBB,2013B,417462,1,calib
BBB,2013B,418065,0,test
BBB,2013B,418325,2,train
BBB,2013B,420604,3,train
BBB,2013B,421205,1,calib
BBB,2013B,422070,2,train
BBB,2013B,422752,3,train
BBB,2013B,423314,2,train
BBB,2013B,423317,3,train
BBB,2013B,423871,3,train
BBB,2013B,425747,1,calib
BBB,2013B,425808,1,calib
BBB,2013B,425817,3,train
BBB,2013B,425820,4,train
BBB,2013B,426650,0,test
BBB,2013B,426838,1,calib
BBB,2013B,427536,0,test
BBB,2013B,427704,2,train
BBB,2013B,427773,3,train
BBB,2013B,429038,0,test
BBB,2013B,429158,3,train
BBB,2013B,429494,3,train
BBB,2013B,430160,0,test
BBB,2013B,430357,4,train
BBB,2013B,431071,1,calib
BBB,2013B,432004,4,train
BBB,2013B,432232,3,train
BBB,2013B,432319,1,calib
BBB,2013B,432870,2,train
BBB,2013B,433531,3,train
BBB,2013B,433755,1,calib
BBB,2013B,433939,4,train
BBB,2013B,434094,2,train
BBB,2013B,434192,4,train
BBB,2013B,434353,1,calib
BBB,2013B,434646,2,train
BBB,2013B,435245,0,test
BBB,2013B,435803,4,train
BBB,2013B,437562,1,calib
BBB,2013B,437967,0,test
BBB,2013B,438210,0,test
BBB,2013B,438379,0,test
BBB,2013B,438703,1,calib
BBB,2013B,439857,2,train
BBB,2013B,440057,0,test
BBB,2013B,440509,1,calib
BBB,2013B,441000,4,train
BBB,2013B,441181,3,train
BBB,2013B,441255,2,train
BBB,2013B,441423,1,calib
BBB,2013B,442012,4,train
BBB,2013B,442143,3,train
BBB,2013B,442183,4,train
BBB,2013B,442456,4,train
BBB,2013B,442466,0,test
BBB,2013B,443108,4,train
BBB,2013B,443288,3,train
BBB,2013B,443452,1,calib
BBB,2013B,444117,4,train
BBB,2013B,444408,1,calib
BBB,2013B,444784,4,train
BBB,2013B,444926,2,train
BBB,2013B,445065,0,test
BBB,2013B,445125,1,calib
BBB,2013B,445889,3,train
BBB,2013B,446045,0,test
BBB,2013B,446145,1,calib
BBB,2013B,446247,1,calib
BBB,2013B,446357,1,calib
BBB,2013B,446856,4,train
BBB,2013B,447007,1,calib
BBB,2013B,447759,3,train
BBB,2013B,447782,4,train
BBB,2013B,447790,0,test
BBB,2013B,465599,2,train
BBB,2013B,465730,3,train
BBB,2013B,466037,0,test
BBB,2013B,466800,2,train
BBB,2013B,466810,3,train
BBB,2013B,466959,4,train
BBB,2013B,466973,3,train
BBB,2013B,467035,1,calib
BBB,2013B,467292,2,train
BBB,2013B,467756,3,train
BBB,2013B,467835,1,calib
BBB,2013B,468021,2,train
BBB,2013B,468792,1,calib
BBB,2013B,468949,3,train
BBB,2013B,469683,4,train
BBB,2013B,470318,1,calib
BBB,2013B,470653,4,train
BBB,2013B,471219,0,test
BBB,2013B,471525,2,train
BBB,2013B,472182,1,calib
BBB,2013B,472348,2,train
BBB,2013B,472586,1,calib
BBB,2013B,473095,4,train
BBB,2013B,473328,0,test
BBB,2013B,475078,0,test
BBB,2013B,475095,1,calib
BBB,2013B,475460,1,calib
BBB,2013B,475688,0,test
BBB,2013B,475901,3,train
BBB,2013B,476037,4,train
BBB,2013B,476201,0,test
BBB,2013B,476297,2,train
BBB,2013B,476369,3,train
BBB,2013B,476457,3,train
BBB,2013B,476596,1,calib
BBB,2013B,476709,2,train
BBB,2013B,476710,3,train
BBB,2013B,476783,0,test
BBB,2013B,476816,3,train
BBB,2013B,476855,2,train
BBB,2013B,476859,0,test
BBB,2013B,477009,2,train
BBB,2013B,477011,0,test
BBB,2013B,477164,4,train
BBB,2013B,477167,0,test
BBB,2013B,477734,4,train
BBB,2013B,477835,1,calib
BBB,2013B,478317,3,train
BBB,2013B,478444,0,test
BBB,2013B,478718,2,train
BBB,2013B,478792,1,calib
BBB,2013B,478873,4,train
BBB,2013B,479060,3,train
BBB,2013B,479171,1,calib
BBB,2013B,479267,2,train
BBB,2013B,479343,4,train
BBB,2013B,479516,4,train
BBB,2013B,479519,3,train
BBB,2013B,480151,3,train
BBB,2013B,480382,3,train
BBB,2013B,480458,3,train
BBB,2013B,480507,4,train
BBB,2013B,480554,2,train
BBB,2013B,480650,0,test
BBB,2013B,480815,2,train
BBB,2013B,481010,3,train
BBB,2013B,481143,1,calib
BBB,2013B,481580,2,train
BBB,2013B,481607,0,test
BBB,2013B,482467,4,train
BBB,2013B,482710,1,calib
BBB,2013B,482766,4,train
BBB,2013B,482945,3,train
BBB,2013B,483064,1,calib
BBB,2013B,483074,2,train
BBB,2013B,483109,1,calib
BBB,2013B,483243,0,test
BBB,2013B,483309,4,train
BBB,2013B,483371,2,train
BBB,2013B,483411,4,train
BBB,2013B,483479,0,test
BBB,2013B,483952,4,train
BBB,2013B,484039,3,train
BBB,2013B,484135,1,calib
BBB,2013B,484161,2,train
BBB,2013B,484768,0,test
BBB,2013B,484885,0,test
BBB,2013B,484933,2,train
BBB,2013B,485352,4,train
BBB,2013B,485399,1,calib
BBB,2013B,485568,2,train
BBB,2013B,485630,4,train
BBB,2013B,485782,1,calib
BBB,2013B,486099,2,train
BBB,2013B,486214,4,train
BBB,2013B,486282,1,calib
BBB,2013B,486391,3,train
BBB,2013B,486521,1,calib
BBB,2013B,486650,4,train
BBB,2013B,486656,2,train
BBB,2013B,487329,3,train
BBB,2013B,487646,1,calib
BBB,2013B,488185,0,test
BBB,2013B,488364,2,train
BBB,2013B,488425,1,calib
BBB,2013B,488477,2,train
BBB,2013B,488863,2,train
BBB,2013B,488929,4,train
BBB,2013B,489251,3,train
BBB,2013B,490110,0,test
BBB,2013B,490152,1,calib
BBB,2013B,490514,4,train
BBB,2013B,490733,0,test
BBB,2013B,492182,2,train
BBB,2013B,492240,2,train
BBB,2013B,492336,3,train
BBB,2013B,492590,0,test
BBB,2013B,492946,2,train
BBB,2013B,493186,4,train
BBB,2013B,493377,2,train
BBB,2013B,493451,1,calib
BBB,2013B,493515,1,calib
BBB,2013B,493773,3,train
BBB,2013B,493912,2,train
BBB,2013B,493958,3,train
BBB,2013B,494095,4,train
BBB,2013B,494278,2,train
BBB,2013B,494304,0,test
BBB,2013B,494673,3,train
BBB,2013B,494786,2,train
BBB,2013B,494838,2,train
BBB,2013B,494840,4,train
BBB,2013B,494927,2,train
BBB,2013B,495324,3,train
BBB,2013B,495377,0,test
BBB,2013B,495674,0,test
BBB,2013B,495856,0,test
BBB,2013B,495875,3,train
BBB,2013B,495913,3,train
BBB,2013B,496041,0,test
BBB,2013B,496070,4,train
BBB,2013B,496220,4,train
BBB,2013B,496243,4,train
BBB,2013B,496674,1,calib
BBB,2013B,497088,4,train
BBB,2013B,497278,4,train
BBB,2013B,497280,0,test
BBB,2013B,497468,0,test
BBB,2013B,497607,4,train
BBB,2013B,497793,1,calib
BBB,2013B,498065,2,train
BBB,2013B,498131,1,calib
BBB,2013B,498175,2,train
BBB,2013B,498296,4,train
BBB,2013B,498371,3,train
BBB,2013B,498455,1,calib
BBB,2013B,498967,0,test
BBB,2013B,499027,4,train
BBB,2013B,499067,2,train
BBB,2013B,499118,1,calib
BBB,2013B,499380,1,calib
BBB,2013B,499387,4,train
BBB,2013B,499483,0,test
BBB,2013B,499511,1,calib
BBB,2013B,499891,0,test
BBB,2013B,499931,1,calib
BBB,2013B,500507,4,train
BBB,2013B,500585,0,test
BBB,2013B,500659,1,calib
BBB,2013B,500719,4,train
BBB,2013B,500791,3,train
BBB,2013B,500815,0,test
BBB,2013B,500819,1,calib
BBB,2013B,500836,1,calib
BBB,2013B,500958,4,train
BBB,2013B,501008,3,train
BBB,2013B,501432,4,train
BBB,2013B,501550,0,test
BBB,2013B,501879,4,train
BBB,2013B,501955,0,test
BBB,2013B,502088,0,test
BBB,2013B,502131,1,calib
BBB,2013B,502279,3,train
BBB,2013B,502441,0,test
BBB,2013B,502604,3,train
BBB,2013B,502694,2,train
BBB,2013B,502713,0,test
BBB,2013B,502717,4,train
BBB,2013B,502872,4,train
BBB,2013B,503353,1,calib
BBB,2013B,503390,3,train
BBB,2013B,503491,0,test
BBB,2013B,503509,1,calib
BBB,2013B,503878,4,train
BBB,2013B,504014,4,train
BBB,2013B,504021,0,test
BBB,2013B,504028,0,test
BBB,2013B,504102,2,train
BBB,2013B,504689,3,train
BBB,2013B,504936,0,test
BBB,2013B,505123,3,train
BBB,2013B,505376,2,train
BBB,2013B,505417,0,test
BBB,2013B,505499,4,train
BBB,2013B,505592,1,calib
BBB,2013B,505595,2,train
BBB,2013B,505606,3,train
BBB,2013B,505694,1,calib
BBB,2013B,505871,4,train
BBB,2013B,505959,3,train
BBB,2013B,505961,4,train
BBB,2013B,506233,3,train
BBB,2013B,506360,1,calib
BBB,2013B,506650,4,train
BBB,2013B,506753,2,train
BBB,2013B,507184,3,train
BBB,2013B,507221,2,train
BBB,2013B,507303,0,test
BBB,2013B,507320,2,train
BBB,2013B,507359,4,train
BBB,2013B,507485,1,calib
BBB,2013B,507685,1,calib
BBB,2013B,507817,1,calib
BBB,2013B,508103,4,train
BBB,2013B,508452,1,calib
BBB,2013B,508537,1,calib
BBB,2013B,508662,3,train
BBB,2013B,508668,4,train
BBB,2013B,509130,3,train
BBB,2013B,509226,4,train
BBB,2013B,509295,3,train
BBB,2013B,509334,0,test
BBB,2013B,509737,1,calib
BBB,2013B,509768,2,train
BBB,2013B,509797,4,train
BBB,2013B,509901,2,train
BBB,2013B,509926,0,test
BBB,2013B,510141,4,train
BBB,2013B,510492,2,train
BBB,2013B,510556,1,calib
BBB,2013B,510756,2,train
BBB,2013B,510845,1,calib
BBB,2013B,511050,1,calib
BBB,2013B,511067,4,train
BBB,2013B,511306,2,train
BBB,2013B,511459,4,train
BBB,2013B,511474,2,train
BBB,2013B,511515,3,train
BBB,2013B,511524,3,train
BBB,2013B,511527,1,calib
BBB,2013B,511652,3,train
BBB,2013B,511693,3,train
BBB,2013B,512070,4,train
BBB,2013B,512180,2,train
BBB,2013B,512242,2,train
BBB,2013B,512468,0,test
BBB,2013B,512805,2,train
BBB,2013B,512883,2,train
BBB,2013B,512911,3,train
BBB,2013B,512924,4,train
BBB,2013B,512929,0,test
BBB,2013B,512995,4,train
BBB,2013B,513005,1,calib
BBB,2013B,513016,0,test
BBB,2013B,513093,3,train
BBB,2013B,513196,1,calib
BBB,2013B,513210,2,train
BBB,2013B,513315,0,test
BBB,2013B,513368,1,calib
BBB,2013B,513733,3,train
BBB,2013B,513757,1,calib
BBB,2013B,513881,4,train
BBB,2013B,514140,0,test
BBB,2013B,514365,2,train
BBB,2013B,514819,1,calib
BBB,2013B,514951,0,test
BBB,2013B,514981,2,train
BBB,2013B,514987,3,train
BBB,2013B,515035,0,test
BBB,2013B,515105,4,train
BBB,2013B,515130,3,train
BBB,2013B,515174,4,train
BBB,2013B,515311,4,train
BBB,2013B,515474,1,calib
BBB,2013B,515497,4,train
BBB,2013B,515959,4,train
BBB,2013B,516057,2,train
BBB,2013B,516432,3,train
BBB,2013B,516456,2,train
BBB,2013B,516475,4,train
BBB,2013B,516495,4,train
BBB,2013B,516529,3,train
BBB,2013B,516776,3,train
BBB,2013B,516841,2,train
BBB,2013B,517043,2,train
BBB,2013B,517175,0,test
BBB,2013B,517474,3,train
BBB,2013B,517617,4,train
BBB,2013B,517701,0,test
BBB,2013B,517778,3,train
BBB,2013B,517853,2,train
BBB,2013B,517890,3,train
BBB,2013B,518189,3,train
BBB,2013B,518469,3,train
BBB,2013B,518876,3,train
BBB,2013B,518879,0,test
BBB,2013B,518904,4,train
BBB,2013B,518970,0,test
BBB,2013B,519012,1,calib
BBB,2013B,519222,2,train
BBB,2013B,519387,0,test
BBB,2013B,519602,2,train
BBB,2013B,519647,2,train
BBB,2013B,519800,0,test
BBB,2013B,520049,4,train
BBB,2013B,520230,2,train
BBB,2013B,520749,3,train
BBB,2013B,520836,0,test
BBB,2013B,521069,4,train
BBB,2013B,521081,3,train
BBB,2013B,521096,0,test
BBB,2013B,521394,1,calib
BBB,2013B,521430,3,train
BBB,2013B,521496,1,calib
BBB,2013B,521764,0,test
BBB,2013B,521903,2,train
BBB,2013B,522090,0,test
BBB,2013B,522249,1,calib
BBB,2013B,522302,3,train
BBB,2013B,522373,3,train
BBB,2013B,522383,4,train
BBB,2013B,522512,4,train
BBB,2013B,523012,3,train
BBB,2013B,523156,4,train
BBB,2013B,523596,2,train
BBB,2013B,523630,4,train
BBB,2013B,523672,0,test
BBB,2013B,523789,3,train
BBB,2013B,523966,3,train
BBB,2013B,524101,1,calib
BBB,2013B,524171,0,test
BBB,2013B,524452,2,train
BBB,2013B,524496,4,train
BBB,2013B,524598,2,train
BBB,2013B,524769,1,calib
BBB,2013B,524968,4,train
BBB,2013B,525501,2,train
BBB,2013B,525520,3,train
BBB,2013B,525543,4,train
BBB,2013B,525679,4,train
BBB,2013B,525683,4,train
BBB,2013B,525797,4,train
BBB,2013B,525869,3,train
BBB,2013B,525942,4,train
BBB,2013B,526200,2,train
BBB,2013B,526370,3,train
BBB,2013B,526506,3,train
BBB,2013B,527020,2,train
BBB,2013B,527164,2,train
BBB,2013B,527227,3,train
BBB,2013B,527313,4,train
BBB,2013B,527343,1,calib
BBB,2013B,527382,2,train
BBB,2013B,527400,2,train
BBB,2013B,527659,2,train
BBB,2013B,527886,4,train
BBB,2013B,527980,4,train
BBB,2013B,528161,0,test
BBB,2013B,528175,1,calib
BBB,2013B,528220,0,test
BBB,2013B,528250,1,calib
BBB,2013B,528261,3,train
BBB,2013B,528270,4,train
BBB,2013B,528353,1,calib
BBB,2013B,528649,4,train
BBB,2013B,528698,4,train
BBB,2013B,528904,2,train
BBB,2013B,528918,3,train
BBB,2013B,529065,1,calib
BBB,2013B,529118,3,train
BBB,2013B,529174,0,test
BBB,2013B,529212,0,test
BBB,2013B,529383,3,train
BBB,2013B,529446,3,train
BBB,2013B,529452,4,train
BBB,2013B,529502,1,calib
BBB,2013B,529767,4,train
BBB,2013B,530065,2,train
BBB,2013B,530153,4,train
BBB,2013B,530215,2,train
BBB,2013B,530226,3,train
BBB,2013B,530245,0,test
BBB,2013B,530266,1,calib
BBB,2013B,530398,0,test
BBB,2013B,530483,3,train
BBB,2013B,530493,4,train
BBB,2013B,530669,2,train
BBB,2013B,530987,1,calib
BBB,2013B,531000,3,train
BBB,2013B,531027,4,train
BBB,2013B,531205,3,train
BBB,2013B,531235,4,train
BBB,2013B,531427,1,calib
BBB,2013B,531428,4,train
BBB,2013B,531464,2,train
BBB,2013B,531481,3,train
BBB,2013B,531569,0,test
BBB,2013B,531573,2,train
BBB,2013B,531634,3,train
BBB,2013B,531689,2,train
BBB,2013B,532000,4,train
BBB,2013B,532034,2,train
BBB,2013B,532140,3,train
BBB,2013B,532142,2,train
BBB,2013B,532317,2,train
BBB,2013B,532396,4,train
BBB,2013B,532500,1,calib
BBB,2013B,532512,3,train
BBB,2013B,532534,0,test
BBB,2013B,532584,3,train
BBB,2013B,532665,1,calib
BBB,2013B,532668,4,train
BBB,2013B,532710,3,train
BBB,2013B,532742,4,train
BBB,2013B,532839,3,train
BBB,2013B,532886,4,train
BBB,2013B,532928,1,calib
BBB,2013B,532950,2,train
BBB,2013B,533324,3,train
BBB,2013B,533347,2,train
BBB,2013B,533365,2,train
BBB,2013B,533512,3,train
BBB,2013B,533545,1,calib
BBB,2013B,533697,3,train
BBB,2013B,533722,1,calib
BBB,2013B,533737,2,train
BBB,2013B,533839,3,train
BBB,2013B,533846,1,calib
BBB,2013B,533969,4,train
BBB,2013B,533996,1,calib
BBB,2013B,534051,3,train
BBB,2013B,534086,1,calib
BBB,2013B,534151,4,train
BBB,2013B,534217,2,train
BBB,2013B,534343,1,calib
BBB,2013B,534360,3,train
BBB,2013B,534373,4,train
BBB,2013B,534426,0,test
BBB,2013B,534432,4,train
BBB,2013B,534530,0,test
BBB,2013B,534652,2,train
BBB,2013B,534671,4,train
BBB,2013B,534698,2,train
BBB,2013B,534709,1,calib
BBB,2013B,534713,3,train
BBB,2013B,534744,2,train
BBB,2013B,534758,4,train
BBB,2013B,534765,0,test
BBB,2013B,534830,4,train
BBB,2013B,534908,3,train
BBB,2013B,534922,0,test
BBB,2013B,534983,3,train
BBB,2013B,534991,1,calib
BBB,2013B,535012,0,test
BBB,2013B,535140,3,train
BBB,2013B,535145,0,test
BBB,2013B,535152,4,train
BBB,2013B,535155,2,train
BBB,2013B,535269,2,train
BBB,2013B,535272,3,train
BBB,2013B,535278,4,train
BBB,2013B,535303,1,calib
BBB,2013B,535328,2,train
BBB,2013B,535396,1,calib
BBB,2013B,535407,0,test
BBB,2013B,535468,0,test
BBB,2013B,535526,2,train
BBB,2013B,535530,2,train
BBB,2013B,535558,0,test
BBB,2013B,535605,2,train
BBB,2013B,535618,3,train
BBB,2013B,535755,2,train
BBB,2013B,535760,3,train
BBB,2013B,535773,0,test
BBB,2013B,535778,1,calib
BBB,2013B,535800,4,train
BBB,2013B,535807,2,train
BBB,2013B,535820,1,calib
BBB,2013B,536050,2,train
BBB,2013B,536112,4,train
BBB,2013B,536188,2,train
BBB,2013B,536189,3,train
BBB,2013B,536203,0,test
BBB,2013B,536205,1,calib
BBB,2013B,536216,4,train
BBB,2013B,536243,0,test
BBB,2013B,536270,2,train
BBB,2013B,536442,2,train
BBB,2013B,536452,0,test
BBB,2013B,536471,3,train
BBB,2013B,536510,1,calib
BBB,2013B,536519,3,train
BBB,2013B,536520,4,train
BBB,2013B,536551,0,test
BBB,2013B,536670,2,train
BBB,2013B,536722,3,train
BBB,2013B,536726,4,train
BBB,2013B,536856,4,train
BBB,2013B,536900,3,train
BBB,2013B,537162,3,train
BBB,2013B,537193,2,train
BBB,2013B,537255,0,test
BBB,2013B,537259,1,calib
BBB,2013B,537263,2,train
BBB,2013B,537320,2,train
BBB,2013B,537342,1,calib
BBB,2013B,537392,4,train
BBB,2013B,537414,2,train
BBB,2013B,537433,0,test
BBB,2013B,537434,1,calib
BBB,2013B,537464,0,test
BBB,2013B,537473,4,train
BBB,2013B,537488,1,calib
BBB,2013B,537558,3,train
BBB,2013B,537572,0,test
BBB,2013B,537584,4,train
BBB,2013B,537676,2,train
BBB,2013B,537679,4,train
BBB,2013B,537688,0,test
BBB,2013B,537704,0,test
BBB,2013B,537844,0,test
BBB,2013B,537875,4,train
BBB,2013B,537898,1,calib
BBB,2013B,537905,2,train
BBB,2013B,538138,2,train
BBB,2013B,538196,4,train
BBB,2013B,538221,3,train
BBB,2013B,538232,4,train
BBB,2013B,538897,1,calib
BBB,2013B,538942,3,train
BBB,2013B,538987,0,test
BBB,2013B,539041,0,test
BBB,2013B,539056,4,train
BBB,2013B,539232,1,calib
BBB,2013B,539253,4,train
BBB,2013B,539265,4,train
BBB,2013B,539303,3,train
BBB,2013B,539345,2,train
BBB,2013B,539365,0,test
BBB,2013B,539385,2,train
BBB,2013B,539416,3,train
BBB,2013B,539418,0,test
BBB,2013B,539426,3,train
BBB,2013B,539558,4,train
BBB,2013B,539572,2,train
BBB,2013B,539710,3,train
BBB,2013B,539737,3,train
BBB,2013B,539891,2,train
BBB,2013B,539962,3,train
BBB,2013B,540055,3,train
BBB,2013B,540122,4,train
BBB,2013B,540184,1,calib
BBB,2013B,540511,2,train
BBB,2013B,540513,0,test
BBB,2013B,540530,3,train
BBB,2013B,540568,3,train
BBB,2013B,540594,1,calib
BBB,2013B,540607,4,train
BBB,2013B,540614,1,calib
BBB,2013B,540656,1,calib
BBB,2013B,540750,3,train
BBB,2013B,540767,1,calib
BBB,2013B,540780,2,train
BBB,2013B,540787,0,test
BBB,2013B,540826,0,test
BBB,2013B,540918,2,train
BBB,2013B,540953,2,train
BBB,2013B,541013,3,train
BBB,2013B,541048,1,calib
BBB,2013B,541061,2,train
BBB,2013B,541073,3,train
BBB,2013B,541113,1,calib
BBB,2013B,541196,2,train
BBB,2013B,541231,2,train
BBB,2013B,541232,3,train
BBB,2013B,541363,3,train
BBB,2013B,541523,2,train
BBB,2013B,541573,2,train
BBB,2013B,541697,1,calib
BBB,2013B,541706,0,test
BBB,2013B,541709,4,train
BBB,2013B,541727,2,train
BBB,2013B,541763,4,train
BBB,2013B,541764,2,train
BBB,2013B,541794,2,train
BBB,2013B,541803,0,test
BBB,2013B,541808,4,train
BBB,2013B,541822,3,train
BBB,2013B,541832,3,train
BBB,2013B,541838,4,train
BBB,2013B,541884,1,calib
BBB,2013B,541973,4,train
BBB,2013B,541985,0,test
BBB,2013B,542010,3,train
BBB,2013B,542012,0,test
BBB,2013B,542081,4,train
BBB,2013B,542084,2,train
BBB,2013B,542115,3,train
BBB,2013B,542172,1,calib
BBB,2013B,542259,3,train
BBB,2013B,542260,4,train
BBB,2013B,542291,0,test
BBB,2013B,542396,2,train
BBB,2013B,542543,3,train
BBB,2013B,542562,4,train
BBB,2013B,542602,3,train
BBB,2013B,542613,1,calib
BBB,2013B,542622,2,train
BBB,2013B,542663,3,train
BBB,2013B,542687,0,test
BBB,2013B,542692,0,test
BBB,2013B,542745,2,train
BBB,2013B,542748,3,train
BBB,2013B,542760,4,train
BBB,2013B,542991,3,train
BBB,2013B,543124,3,train
BBB,2013B,543140,4,train
BBB,2013B,543165,2,train
BBB,2013B,543180,0,test
BBB,2013B,543199,3,train
BBB,2013B,543351,3,train
BBB,2013B,543356,2,train
BBB,2013B,543365,4,train
BBB,2013B,543408,3,train
BBB,2013B,543465,4,train
BBB,2013B,543473,1,calib
BBB,2013B,543533,4,train
BBB,2013B,543630,0,test
BBB,2013B,543719,3,train
BBB,2013B,543853,3,train
BBB,2013B,543864,4,train
BBB,2013B,543896,4,train
BBB,2013B,543926,1,calib
BBB,2013B,543970,2,train
BBB,2013B,544017,3,train
BBB,2013B,544186,1,calib
BBB,2013B,544351,1,calib
BBB,2013B,544408,2,train
BBB,2013B,544435,4,train
BBB,2013B,544444,1,calib
BBB,2013B,544455,0,test
BBB,2013B,544491,0,test
BBB,2013B,544500,1,calib
BBB,2013B,544519,2,train
BBB,2013B,544532,1,calib
BBB,2013B,544627,4,train
BBB,2013B,544632,1,calib
BBB,2013B,544639,4,train
BBB,2013B,544642,0,test
BBB,2013B,544686,3,train
BBB,2013B,544741,4,train
BBB,2013B,544796,0,test
BBB,2013B,544848,2,train
BBB,2013B,544859,4,train
BBB,2013B,544881,3,train
BBB,2013B,544890,0,test
BBB,2013B,544978,4,train
BBB,2013B,544989,0,test
BBB,2013B,545001,2,train
BBB,2013B,545041,2,train
BBB,2013B,545072,4,train
BBB,2013B,545191,1,calib
BBB,2013B,545219,2,train
BBB,2013B,545223,1,calib
BBB,2013B,545240,3,train
BBB,2013B,545337,0,test
BBB,2013B,545340,1,calib
BBB,2013B,545376,2,train
BBB,2013B,545381,0,test
BBB,2013B,545392,3,train
BBB,2013B,545480,4,train
BBB,2013B,545514,1,calib
BBB,2013B,545521,0,test
BBB,2013B,545658,1,calib
BBB,2013B,545697,3,train
BBB,2013B,545702,4,train
BBB,2013B,545725,1,calib
BBB,2013B,545780,3,train
BBB,2013B,545799,1,calib
BBB,2013B,545803,0,test
BBB,2013B,545896,2,train
BBB,2013B,545927,0,test
BBB,2013B,546015,1,calib
BBB,2013B,546019,2,train
BBB,2013B,546052,0,test
BBB,2013B,546136,1,calib
BBB,2013B,546157,3,train
BBB,2013B,546202,2,train
BBB,2013B,546322,2,train
BBB,2013B,546333,0,test
BBB,2013B,546407,2,train
BBB,2013B,546428,2,train
BBB,2013B,546455,2,train
BBB,2013B,546500,1,calib
BBB,2013B,546533,0,test
BBB,2013B,546609,0,test
BBB,2013B,546632,4,train
BBB,2013B,546681,2,train
BBB,2013B,546685,4,train
BBB,2013B,546749,2,train
BBB,2013B,546786,3,train
BBB,2013B,546811,4,train
BBB,2013B,546837,0,test
BBB,2013B,546843,3,train
BBB,2013B,546892,4,train
BBB,2013B,546909,4,train
BBB,2013B,546921,0,test
BBB,2013B,546941,4,train
BBB,2013B,546947,2,train
BBB,2013B,546958,3,train
BBB,2013B,547052,1,calib
BBB,2013B,547165,3,train
BBB,2013B,547192,0,test
BBB,2013B,547259,4,train
BBB,2013B,547267,2,train
BBB,2013B,547303,4,train
BBB,2013B,547372,4,train
BBB,2013B,547390,1,calib
BBB,2013B,547403,4,train
BBB,2013B,547409,0,test
BBB,2013B,547427,3,train
BBB,2013B,547466,0,test
BBB,2013B,547472,1,calib
BBB,2013B,547620,1,calib
BBB,2013B,547663,4,train
BBB,2013B,547689,4,train
BBB,2013B,547690,0,test
BBB,2013B,547697,2,train
BBB,2013B,547755,4,train
BBB,2013B,547757,0,test
BBB,2013B,547841,3,train
BBB,2013B,547855,0,test
BBB,2013B,547873,1,calib
BBB,2013B,547892,0,test
BBB,2013B,547902,3,train
BBB,2013B,547903,4,train
BBB,2013B,548090,0,test
BBB,2013B,548097,2,train
BBB,2013B,548106,0,test
BBB,2013B,548124,2,train
BBB,2013B,548241,4,train
BBB,2013B,548255,0,test
BBB,2013B,548275,3,train
BBB,2013B,548307,1,calib
BBB,2013B,548321,2,train
BBB,2013B,548334,0,test
BBB,2013B,548344,3,train
BBB,2013B,548355,2,train
BBB,2013B,548403,2,train
BBB,2013B,548439,2,train
BBB,2013B,548488,1,calib
BBB,2013B,548504,3,train
BBB,2013B,548520,0,test
BBB,2013B,548585,4,train
BBB,2013B,548617,1,calib
BBB,2013B,548642,2,train
BBB,2013B,548714,1,calib
BBB,2013B,548744,3,train
BBB,2013B,548791,1,calib
BBB,2013B,548800,3,train
BBB,2013B,548813,3,train
BBB,2013B,548831,4,train
BBB,2013B,548834,0,test
BBB,2013B,548838,1,calib
BBB,2013B,548839,1,calib
BBB,2013B,548843,4,train
BBB,2013B,548871,4,train
BBB,2013B,548881,1,calib
BBB,2013B,548884,4,train
BBB,2013B,548885,1,calib
BBB,2013B,548900,0,test
BBB,2013B,548921,1,calib
BBB,2013B,548924,2,train
BBB,2013B,548935,4,train
BBB,2013B,548954,0,test
BBB,2013B,548981,4,train
BBB,2013B,548990,0,test
BBB,2013B,549009,4,train
BBB,2013B,549047,3,train
BBB,2013B,549078,0,test
BBB,2013B,549106,1,calib
BBB,2013B,549143,1,calib
BBB,2013B,549158,4,train
BBB,2013B,549196,2,train
BBB,2013B,549203,3,train
BBB,2013B,549204,4,train
BBB,2013B,549261,0,test
BBB,2013B,549278,3,train
BBB,2013B,549352,1,calib
BBB,2013B,549391,2,train
BBB,2013B,549406,0,test
BBB,2013B,549512,1,calib
BBB,2013B,549563,2,train
BBB,2013B,549568,3,train
BBB,2013B,549590,1,calib
BBB,2013B,549622,4,train
BBB,2013B,549651,1,calib
BBB,2013B,549713,4,train
BBB,2013B,549732,2,train
BBB,2013B,549754,1,calib
BBB,2013B,549862,2,train
BBB,2013B,549873,3,train
BBB,2013B,549907,1,calib
BBB,2013B,550018,0,test
BBB,2013B,550051,4,train
BBB,2013B,550077,3,train
BBB,2013B,550098,4,train
BBB,2013B,550106,2,train
BBB,2013B,550163,0,test
BBB,2013B,550208,0,test
BBB,2013B,550209,2,train
BBB,2013B,550278,0,test
BBB,2013B,550322,2,train
BBB,2013B,550342,0,test
BBB,2013B,550354,2,train
BBB,2013B,550381,1,calib
BBB,2013B,550400,0,test
BBB,2013B,550403,1,calib
BBB,2013B,550428,4,train
BBB,2013B,550429,4,train
BBB,2013B,550520,2,train
BBB,2013B,550549,0,test
BBB,2013B,550597,0,test
BBB,2013B,550613,1,calib
BBB,2013B,550668,1,calib
BBB,2013B,550676,3,train
BBB,2013B,550707,2,train
BBB,2013B,550708,1,calib
BBB,2013B,550777,2,train
BBB,2013B,550842,1,calib
BBB,2013B,550867,1,calib
BBB,2013B,550898,3,train
BBB,2013B,550921,4,train
BBB,2013B,550923,0,test
BBB,2013B,550960,0,test
BBB,2013B,550963,1,calib
BBB,2013B,551032,1,calib
BBB,2013B,551053,2,train
BBB,2013B,551080,3,train
BBB,2013B,551129,4,train
BBB,2013B,551172,3,train
BBB,2013B,551274,3,train
BBB,2013B,551282,2,train
BBB,2013B,551480,3,train
BBB,2013B,551487,4,train
BBB,2013B,551504,3,train
BBB,2013B,551576,1,calib
BBB,2013B,551601,4,train
BBB,2013B,551655,4,train
BBB,2013B,551702,3,train
BBB,2013B,551706,1,calib
BBB,2013B,551714,4,train
BBB,2013B,551715,0,test
BBB,2013B,551716,1,calib
BBB,2013B,551724,1,calib
BBB,2013B,551759,3,train
BBB,2013B,551762,1,calib
BBB,2013B,551770,2,train
BBB,2013B,551886,3,train
BBB,2013B,551891,3,train
BBB,2013B,551895,0,test
BBB,2013B,551906,2,train
BBB,2013B,551938,0,test
BBB,2013B,551954,0,test
BBB,2013B,551985,2,train
BBB,2013B,552007,4,train
BBB,2013B,552017,0,test
BBB,2013B,552025,1,calib
BBB,2013B,552039,2,train
BBB,2013B,552056,4,train
BBB,2013B,552069,2,train
BBB,2013B,552110,4,train
BBB,2013B,552135,0,test
BBB,2013B,552222,1,calib
BBB,2013B,552273,1,calib
BBB,2013B,552420,0,test
BBB,2013B,552535,4,train
BBB,2013B,552640,2,train
BBB,2013B,552667,3,train
BBB,2013B,552701,2,train
BBB,2013B,552718,4,train
BBB,2013B,552719,0,test
BBB,2013B,552749,4,train
BBB,2013B,552822,3,train
BBB,2013B,552826,0,test
BBB,2013B,552859,2,train
BBB,2013B,552894,4,train
BBB,2013B,552902,0,test
BBB,2013B,552914,4,train
BBB,2013B,552929,1,calib
BBB,2013B,552939,4,train
BBB,2013B,552991,1,calib
BBB,2013B,553047,2,train
BBB,2013B,553125,2,train
BBB,2013B,553320,0,test
BBB,2013B,553321,2,train
BBB,2013B,553442,0,test
BBB,2013B,553443,1,calib
BBB,2013B,553462,3,train
BBB,2013B,553487,0,test
BBB,2013B,553490,1,calib
BBB,2013B,553502,3,train
BBB,2013B,553508,4,train
BBB,2013B,553520,4,train
BBB,2013B,553526,0,test
BBB,2013B,553572,0,test
BBB,2013B,553716,1,calib
BBB,2013B,553729,0,test
BBB,2013B,553755,3,train
BBB,2013B,553763,0,test
BBB,2013B,553800,3,train
BBB,2013B,553807,2,train
BBB,2013B,553840,2,train
BBB,2013B,553938,3,train
BBB,2013B,554068,2,train
BBB,2013B,554083,3,train
BBB,2013B,554139,0,test
BBB,2013B,554203,4,train
BBB,2013B,554206,2,train
BBB,2013B,554226,0,test
BBB,2013B,554249,4,train
BBB,2013B,554290,2,train
BBB,2013B,554294,4,train
BBB,2013B,554336,3,train
BBB,2013B,554344,0,test
BBB,2013B,554352,4,train
BBB,2013B,554362,1,calib
BBB,2013B,554374,2,train
BBB,2013B,554393,3,train
BBB,2013B,554454,1,calib
BBB,2013B,554482,3,train
BBB,2013B,554512,1,calib
BBB,2013B,554545,0,test
BBB,2013B,554551,2,train
BBB,2013B,554608,4,train
BBB,2013B,554637,0,test
BBB,2013B,554783,3,train
BBB,2013B,554795,0,test
BBB,2013B,554818,2,train
BBB,2013B,554830,3,train
BBB,2013B,554894,0,test
BBB,2013B,554898,4,train
BBB,2013B,554920,0,test
BBB,2013B,554930,1,calib
BBB,2013B,554986,1,calib
BBB,2013B,554998,0,test
BBB,2013B,555035,0,test
BBB,2013B,555059,2,train
BBB,2013B,555086,4,train
BBB,2013B,555102,4,train
BBB,2013B,555157,0,test
BBB,2013B,555212,2,train
BBB,2013B,555263,4,train
BBB,2013B,555309,3,train
BBB,2013B,555338,2,train
BBB,2013B,555407,2,train
BBB,2013B,555414,3,train
BBB,2013B,555552,3,train
BBB,2013B,555627,1,calib
BBB,2013B,555667,1,calib
BBB,2013B,555670,2,train
BBB,2013B,555672,3,train
BBB,2013B,555673,0,test
BBB,2013B,555674,4,train
BBB,2013B,555675,3,train
BBB,2013B,555695,2,train
BBB,2013B,555707,4,train
BBB,2013B,555747,2,train
BBB,2013B,555837,0,test
BBB,2013B,555838,1,calib
BBB,2013B,555880,4,train
BBB,2013B,555902,4,train
BBB,2013B,555909,1,calib
BBB,2013B,555930,0,test
BBB,2013B,555935,4,train
BBB,2013B,555946,0,test
BBB,2013B,555995,3,train
BBB,2013B,556077,4,train
BBB,2013B,556138,3,train
BBB,2013B,556224,0,test
BBB,2013B,556284,1,calib
BBB,2013B,556292,0,test
BBB,2013B,556301,1,calib
BBB,2013B,556318,4,train
BBB,2013B,556349,0,test
BBB,2013B,556481,2,train
BBB,2013B,556502,1,calib
BBB,2013B,556553,2,train
BBB,2013B,556568,0,test
BBB,2013B,556585,3,train
BBB,2013B,556605,1,calib
BBB,2013B,556648,3,train
BBB,2013B,556692,1,calib
BBB,2013B,556840,3,train
BBB,2013B,556860,1,calib
BBB,2013B,556863,2,train
BBB,2013B,556865,3,train
BBB,2013B,556871,4,train
BBB,2013B,556876,0,test
BBB,2013B,556877,1,calib
BBB,2013B,556878,2,train
BBB,2013B,556882,4,train
BBB,2013B,556883,3,train
BBB,2013B,556887,0,test
BBB,2013B,556892,1,calib
BBB,2013B,556898,0,test
BBB,2013B,556929,1,calib
BBB,2013B,556959,0,test
BBB,2013B,556986,3,train
BBB,2013B,556987,4,train
BBB,2013B,556988,0,test
BBB,2013B,556990,1,calib
BBB,2013B,556992,3,train
BBB,2013B,556997,1,calib
BBB,2013B,556999,2,train
BBB,2013B,557006,2,train
BBB,2013B,557024,1,calib
BBB,2013B,557032,3,train
BBB,2013B,557057,4,train
BBB,2013B,557060,0,test
BBB,2013B,557145,3,train
BBB,2013B,557155,1,calib
BBB,2013B,557170,2,train
BBB,2013B,557220,2,train
BBB,2013B,557285,0,test
BBB,2013B,557308,3,train
BBB,2013B,557325,0,test
BBB,2013B,557338,3,train
BBB,2013B,557351,1,calib
BBB,2013B,557451,4,train
BBB,2013B,557528,1,calib
BBB,2013B,557594,1,calib
BBB,2013B,557622,4,train
BBB,2013B,557709,3,train
BBB,2013B,557729,1,calib
BBB,2013B,557758,3,train
BBB,2013B,557775,1,calib
BBB,2013B,557803,0,test
BBB,2013B,557827,3,train
BBB,2013B,557865,0,test
BBB,2013B,557935,4,train
BBB,2013B,557938,0,test
BBB,2013B,557968,3,train
BBB,2013B,557979,3,train
BBB,2013B,557997,1,calib
BBB,2013B,558024,1,calib
BBB,2013B,558040,4,train
BBB,2013B,558042,1,calib
BBB,2013B,558066,2,train
BBB,2013B,558068,3,train
BBB,2013B,558075,1,calib
BBB,2013B,558092,0,test
BBB,2013B,558099,2,train
BBB,2013B,558113,1,calib
BBB,2013B,558114,0,test
BBB,2013B,558146,0,test
BBB,2013B,558163,3,train
BBB,2013B,558168,2,train
BBB,2013B,558212,4,train
BBB,2013B,558231,0,test
BBB,2013B,558247,2,train
BBB,2013B,558250,4,train
BBB,2013B,558324,3,train
BBB,2013B,558326,4,train
BBB,2013B,558373,4,train
BBB,2013B,558395,0,test
BBB,2013B,558435,3,train
BBB,2013B,558602,4,train
BBB,2013B,558622,0,test
BBB,2013B,558654,0,test
BBB,2013B,558662,1,calib
BBB,2013B,558689,3,train
BBB,2013B,558701,2,train
BBB,2013B,558703,0,test
BBB,2013B,558747,4,train
BBB,2013B,558769,1,calib
BBB,2013B,558809,2,train
BBB,2013B,558820,1,calib
BBB,2013B,558903,4,train
BBB,2013B,558955,1,calib
BBB,2013B,558965,2,train
BBB,2013B,558974,3,train
BBB,2013B,559011,4,train
BBB,2013B,559031,2,train
BBB,2013B,559173,2,train
BBB,2013B,559180,3,train
BBB,2013B,559227,1,calib
BBB,2013B,559253,4,train
BBB,2013B,559291,1,calib
BBB,2013B,559350,3,train
BBB,2013B,559389,2,train
BBB,2013B,559425,2,train
BBB,2013B,559452,3,train
BBB,2013B,559458,0,test
BBB,2013B,559475,4,train
BBB,2013B,559495,0,test
BBB,2013B,559595,0,test
BBB,2013B,559603,0,test
BBB,2013B,559606,1,calib
BBB,2013B,559608,2,train
BBB,2013B,559610,2,train
BBB,2013B,559611,0,test
BBB,2013B,559651,1,calib
BBB,2013B,559697,0,test
BBB,2013B,559744,0,test
BBB,2013B,559808,3,train
BBB,2013B,559989,0,test
BBB,2013B,560005,4,train
BBB,2013B,560012,1,calib
BBB,2013B,560075,1,calib
BBB,2013B,560102,4,train
BBB,2013B,560117,2,train
BBB,2013B,560160,3,train
BBB,2013B,560161,4,train
BBB,2013B,560170,4,train
BBB,2013B,560185,2,train
BBB,2013B,560208,2,train
BBB,2013B,560319,1,calib
BBB,2013B,560335,2,train
BBB,2013B,560455,3,train
BBB,2013B,560458,0,test
BBB,2013B,560468,0,test
BBB,2013B,560891,4,train
BBB,2013B,560968,1,calib
BBB,2013B,560970,2,train
BBB,2013B,561138,3,train
BBB,2013B,561161,0,test
BBB,2013B,561164,2,train
BBB,2013B,561166,2,train
BBB,2013B,561167,3,train
BBB,2013B,561343,0,test
BBB,2013B,561366,1,calib
BBB,2013B,561437,1,calib
BBB,2013B,561444,4,train
BBB,2013B,561445,3,train
BBB,2013B,561448,1,calib
BBB,2013B,561452,0,test
BBB,2013B,561455,1,calib
BBB,2013B,561458,3,train
BBB,2013B,561459,4,train
BBB,2013B,561461,0,test
BBB,2013B,561711,0,test
BBB,2013B,561713,1,calib
BBB,2013B,561715,3,train
BBB,2013B,561716,3,train
BBB,2013B,561718,1,calib
BBB,2013B,562146,0,test
BBB,2013B,562465,0,test
BBB,2013B,562483,1,calib
BBB,2013B,562489,2,train
BBB,2013B,562494,4,train
BBB,2013B,562495,0,test
BBB,2013B,563157,4,train
BBB,2013B,563330,2,train
BBB,2013B,563363,4,train
BBB,2013B,563874,0,test
BBB,2013B,563877,4,train
BBB,2013B,563878,1,calib
BBB,2013B,563879,2,train
BBB,2013B,565870,2,train
BBB,2013B,630346,4,train
BBB,2013B,1008675,3,train
BBB,2013B,1098728,1,calib
BBB,2013B,1413989,1,calib
BBB,2013B,1436591,3,train
BBB,2013B,1480800,0,test
BBB,2013B,1493476,2,train
BBB,2013B,1521540,2,train
BBB,2013B,1536591,1,calib
BBB,2013B,1574398,2,train
BBB,2013B,1659662,3,train
BBB,2013B,1678401,4,train
BBB,2013B,1721462,0,test
BBB,2013B,1728437,4,train
BBB,2013B,1730702,2,train
BBB,2013B,1747892,2,train
BBB,2013B,1753965,0,test
BBB,2013B,1770733,0,test
BBB,2013B,1771053,3,train
BBB,2013B,1776925,0,test
BBB,2013B,1789199,4,train
BBB,2013B,1797614,1,calib
BBB,2013B,1847146,4,train
BBB,2013B,1858523,4,train
BBB,2013B,1903527,4,train
BBB,2013B,1904710,0,test
BBB,2013B,1912438,0,test
BBB,2013B,1923618,1,calib
BBB,2013B,1930254,4,train
BBB,2013B,1930367,3,train
BBB,2013B,1937864,4,train
BBB,2013B,1971393,1,calib
BBB,2013B,1993672,4,train
BBB,2013B,1996746,3,train
BBB,2013B,1997796,0,test
BBB,2013B,2019837,4,train
BBB,2013B,2023366,0,test
BBB,2013B,2034350,0,test
BBB,2013B,2035022,0,test
BBB,2013B,2076177,4,train
BBB,2013B,2092834,4,train
BBB,2013B,2097916,4,train
BBB,2013B,2132811,1,calib
BBB,2013B,2173572,0,test
BBB,2013B,2205383,4,train
BBB,2013B,2210318,3,train
BBB,2013B,2216178,0,test
BBB,2013B,2231614,2,train
BBB,2013B,2236738,2,train
BBB,2013B,2243551,3,train
BBB,2013B,2244724,3,train
BBB,2013B,2249372,4,train
BBB,2013B,2254619,1,calib
BBB,2013B,2265234,2,train
BBB,2013B,2269480,3,train
BBB,2013B,2273828,0,test
BBB,2013B,2279538,0,test
BBB,2013B,2280038,2,train
BBB,2013B,2287671,4,train
BBB,2013B,2288607,1,calib
BBB,2013B,2290090,2,train
BBB,2013B,2291598,4,train
BBB,2013B,2293443,3,train
BBB,2013B,2296749,0,test
BBB,2013B,2300911,3,train
BBB,2013B,2301111,2,train
BBB,2013B,2302925,3,train
BBB,2013B,2303034,2,train
BBB,2013B,2303848,1,calib
BBB,2013B,2308528,2,train
BBB,2013B,2322046,3,train
BBB,2013B,2322342,1,calib
BBB,2013B,2327072,4,train
BBB,2013B,2336550,0,test
BBB,2013B,2340190,2,train
BBB,2013B,2366070,1,calib
BBB,2013B,2375144,2,train
BBB,2013B,2376628,2,train
BBB,2013B,2377567,4,train
BBB,2013B,2380539,1,calib
BBB,2013B,2384819,4,train
BBB,2013B,2394212,1,calib
BBB,2013B,2395222,4,train
BBB,2013B,2399361,3,train
BBB,2013B,2415962,1,calib
BBB,2013B,2418877,4,train
BBB,2013B,2422639,4,train
BBB,2013B,2423078,3,train
BBB,2013B,2425333,0,test
BBB,2013B,2425726,1,calib
BBB,2013B,2439201,0,test
BBB,2013B,2442685,3,train
BBB,2013B,2444088,0,test
BBB,2013B,2444102,1,calib
BBB,2013B,2444703,3,train
BBB,2013B,2445088,3,train
BBB,2013B,2445949,0,test
BBB,2013B,2446144,2,train
BBB,2013B,2458984,2,train
BBB,2013B,2464963,0,test
BBB,2013B,2466123,3,train
BBB,2013B,2470672,2,train
BBB,2013B,2474493,3,train
BBB,2013B,2475034,1,calib
BBB,2013B,2475780,2,train
BBB,2013B,2476649,1,calib
BBB,2013B,2480865,4,train
BBB,2013B,2481224,3,train
BBB,2013B,2481765,3,train
BBB,2013B,2483179,1,calib
BBB,2013B,2483568,3,train
BBB,2013B,2487541,1,calib
BBB,2013B,2498182,2,train
BBB,2013B,2498299,3,train
BBB,2013B,2512392,4,train
BBB,2013B,2517864,3,train
BBB,2013B,2518653,4,train
BBB,2013B,2521745,0,test
BBB,2013B,2522093,3,train
BBB,2013B,2524127,0,test
BBB,2013B,2528352,1,calib
BBB,2013B,2528966,2,train
BBB,2013B,2531031,0,test
BBB,2013B,2534033,2,train
BBB,2013B,2535788,4,train
BBB,2013B,2540362,1,calib
BBB,2013B,2540746,3,train
BBB,2013B,2541120,0,test
BBB,2013B,2553749,2,train
BBB,2013B,2560219,0,test
BBB,2013B,2568958,0,test
BBB,2013B,2569163,0,test
BBB,2013B,2570633,2,train
BBB,2013B,2571447,0,test
BBB,2013B,2572118,2,train
BBB,2013B,2575914,4,train
BBB,2013B,2578041,2,train
BBB,2013B,2578567,0,test
BBB,2013B,2579459,3,train
BBB,2013B,2580439,1,calib
BBB,2013B,2581528,3,train
BBB,2013B,2587260,3,train
BBB,2013B,2591421,3,train
BBB,2013B,2597027,0,test
BBB,2013B,2598220,4,train
BBB,2013B,2602809,0,test
BBB,2013B,2608235,3,train
BBB,2013B,2608453,4,train
BBB,2013B,2612483,1,calib
BBB,2013B,2616787,4,train
BBB,2013B,2617596,1,calib
BBB,2013B,2617650,2,train
BBB,2013B,2617999,4,train
BBB,2013B,2620178,4,train
BBB,2013B,2622465,2,train
BBB,2013B,2626410,0,test
BBB,2013B,2635505,2,train
BBB,2013B,2635829,1,calib
BBB,2013B,2639611,0,test
BBB,2013B,2641393,0,test
BBB,2013B,2642029,0,test
BBB,2013B,2645061,3,train
BBB,2013B,2649947,4,train
BBB,2013B,2654302,0,test
BBB,2013B,2654411,1,calib
BBB,2013B,2664301,1,calib
BBB,2013B,2680770,2,train
BBB,2013B,2685831,2,train
BBB,2013B,2692381,0,test
BBB,2013B,2692384,2,train
BBB,2013B,2693974,3,train
BBB,2013J,23632,0,test
BBB,2013J,23798,2,train
BBB,2013J,25629,4,train
BBB,2013J,26677,0,test
BBB,2013J,27457,2,train
BBB,2013J,27759,0,test
BBB,2013J,30091,4,train
BBB,2013J,31014,4,train
BBB,2013J,31849,2,train
BBB,2013J,37622,1,calib
BBB,2013J,38234,2,train
BBB,2013J,47855,2,train
BBB,2013J,48040,3,train
BBB,2013J,48503,1,calib
BBB,2013J,51301,1,calib
BBB,2013J,52797,1,calib
BBB,2013J,52899,2,train
BBB,2013J,53360,4,train
BBB,2013J,54388,0,test
BBB,2013J,55026,4,train
BBB,2013J,56340,1,calib
BBB,2013J,56789,4,train
BBB,2013J,57079,0,test
BBB,2013J,57369,2,train
BBB,2013J,61118,1,calib
BBB,2013J,63044,2,train
BBB,2013J,64246,0,test
BBB,2013J,65807,0,test
BBB,2013J,67863,0,test
BBB,2013J,68556,0,test
BBB,2013J,69843,4,train
BBB,2013J,72057,4,train
BBB,2013J,73489,1,calib
BBB,2013J,74169,2,train
BBB,2013J,74585,2,train
BBB,2013J,78255,4,train
BBB,2013J,80717,3,train
BBB,2013J,84812,2,train
BBB,2013J,86291,4,train
BBB,2013J,90243,4,train
BBB,2013J,96475,0,test
BBB,2013J,97567,0,test
BBB,2013J,98268,4,train
BBB,2013J,98720,2,train
BBB,2013J,100282,0,test
BBB,2013J,105527,4,train
BBB,2013J,105851,1,calib
BBB,2013J,105883,2,train
BBB,2013J,106588,4,train
BBB,2013J,108118,1,calib
BBB,2013J,108760,3,train
BBB,2013J,109372,2,train
BBB,2013J,109782,0,test
BBB,2013J,111942,1,calib
BBB,2013J,119898,3,train
BBB,2013J,123716,1,calib
BBB,2013J,124909,4,train
BBB,2013J,125874,2,train
BBB,2013J,128386,0,test
BBB,2013J,128889,2,train
BBB,2013J,131051,2,train
BBB,2013J,132626,3,train
BBB,2013J,133269,2,train
BBB,2013J,134563,2,train
BBB,2013J,138289,1,calib
BBB,2013J,138920,2,train
BBB,2013J,139549,3,train
BBB,2013J,141949,1,calib
BBB,2013J,146165,3,train
BBB,2013J,146600,2,train
BBB,2013J,151800,3,train
BBB,2013J,151917,2,train
BBB,2013J,152867,3,train
BBB,2013J,153704,2,train
BBB,2013J,154011,0,test
BBB,2013J,154570,3,train
BBB,2013J,156311,4,train
BBB,2013J,156788,3,train
BBB,2013J,157060,0,test
BBB,2013J,157795,4,train
BBB,2013J,161491,4,train
BBB,2013J,162646,3,train
BBB,2013J,165823,1,calib
BBB,2013J,169213,0,test
BBB,2013J,174222,4,train
BBB,2013J,174440,2,train
BBB,2013J,174487,2,train
BBB,2013J,178738,3,train
BBB,2013J,178963,1,calib
BBB,2013J,179254,3,train
BBB,2013J,182661,4,train
BBB,2013J,184236,4,train
BBB,2013J,184897,3,train
BBB,2013J,185597,4,train
BBB,2013J,188026,4,train
BBB,2013J,189095,3,train
BBB,2013J,191269,1,calib
BBB,2013J,193215,1,calib
BBB,2013J,195096,3,train
BBB,2013J,195938,0,test
BBB,2013J,197240,1,calib
BBB,2013J,197412,2,train
BBB,2013J,197759,4,train
BBB,2013J,198339,0,test
BBB,2013J,199029,3,train
BBB,2013J,199663,4,train
BBB,2013J,202879,0,test
BBB,2013J,203640,4,train
BBB,2013J,205788,1,calib
BBB,2013J,227416,3,train
BBB,2013J,228243,2,train
BBB,2013J,228513,1,calib
BBB,2013J,230081,0,test
BBB,2013J,231959,4,train
BBB,2013J,233102,3,train
BBB,2013J,233317,1,calib
BBB,2013J,233752,0,test
BBB,2013J,233957,3,train
BBB,2013J,234929,1,calib
BBB,2013J,235258,3,train
BBB,2013J,235428,4,train
BBB,2013J,238825,1,calib
BBB,2013J,240993,2,train
BBB,2013J,241338,1,calib
BBB,2013J,242149,0,test
BBB,2013J,242893,4,train
BBB,2013J,243047,4,train
BBB,2013J,243851,2,train
BBB,2013J,243909,0,test
BBB,2013J,243992,2,train
BBB,2013J,244917,0,test
BBB,2013J,245987,2,train
BBB,2013J,247902,2,train
BBB,2013J,248653,4,train
BBB,2013J,248716,2,train
BBB,2013J,248800,4,train
BBB,2013J,251815,1,calib
BBB,2013J,252257,0,test
BBB,2013J,252652,2,train
BBB,2013J,253577,2,train
BBB,2013J,256998,3,train
BBB,2013J,258035,0,test
BBB,2013J,259182,3,train
BBB,2013J,260179,3,train
BBB,2013J,261332,2,train
BBB,2013J,261466,1,calib
BBB,2013J,262639,3,train
BBB,2013J,264152,2,train
BBB,2013J,264744,0,test
BBB,2013J,264842,2,train
BBB,2013J,265170,2,train
BBB,2013J,266331,4,train
BBB,2013J,266564,2,train
BBB,2013J,266744,4,train
BBB,2013J,268589,0,test
BBB,2013J,269082,4,train
BBB,2013J,269204,2,train
BBB,2013J,270646,4,train
BBB,2013J,271346,3,train
BBB,2013J,272172,2,train
BBB,2013J,272617,3,train
BBB,2013J,274247,4,train
BBB,2013J,274577,2,train
BBB,2013J,274971,3,train
BBB,2013J,276925,4,train
BBB,2013J,277537,0,test
BBB,2013J,277812,2,train
BBB,2013J,278272,0,test
BBB,2013J,278773,2,train
BBB,2013J,278794,4,train
BBB,2013J,280140,2,train
BBB,2013J,280151,3,train
BBB,2013J,280439,0,test
BBB,2013J,282038,3,train
BBB,2013J,282785,4,train
BBB,2013J,284906,0,test
BBB,2013J,285050,2,train
BBB,2013J,286402,4,train
BBB,2013J,286690,2,train
BBB,2013J,287107,0,test
BBB,2013J,287309,4,train
BBB,2013J,287679,3,train
BBB,2013J,289753,2,train
BBB,2013J,289965,1,calib
BBB,2013J,290089,1,calib
BBB,2013J,291544,3,train
BBB,2013J,292537,4,train
BBB,2013J,293712,3,train
BBB,2013J,293754,4,train
BBB,2013J,293760,1,calib
BBB,2013J,299561,3,train
BBB,2013J,301583,0,test
BBB,2013J,301987,2,train
BBB,2013J,303331,1,calib
BBB,2013J,303617,1,calib
BBB,2013J,304069,0,test
BBB,2013J,304795,2,train
BBB,2013J,305173,4,train
BBB,2013J,305547,4,train
BBB,2013J,305812,0,test
BBB,2013J,305935,3,train
BBB,2013J,306964,2,train
BBB,2013J,307193,3,train
BBB,2013J,307230,0,test
BBB,2013J,308359,2,train
BBB,2013J,308509,1,calib
BBB,2013J,308703,1,calib
BBB,2013J,308852,2,train
BBB,2013J,310125,2,train
BBB,2013J,310933,4,train
BBB,2013J,312531,0,test
BBB,2013J,314850,4,train
BBB,2013J,315105,3,train
BBB,2013J,316076,1,calib
BBB,2013J,318848,3,train
BBB,2013J,319618,1,calib
BBB,2013J,320051,3,train
BBB,2013J,320757,0,test
BBB,2013J,322728,1,calib
BBB,2013J,323090,0,test
BBB,2013J,323606,4,train
BBB,2013J,324236,2,train
BBB,2013J,324319,0,test
BBB,2013J,324614,2,train
BBB,2013J,325887,2,train
BBB,2013J,329030,3,train
BBB,2013J,329192,4,train
BBB,2013J,332257,4,train
BBB,2013J,333117,3,train
BBB,2013J,333651,3,train
BBB,2013J,335136,4,train
BBB,2013J,335481,2,train
BBB,2013J,336478,0,test
BBB,2013J,336646,1,calib
BBB,2013J,337151,3,train
BBB,2013J,338741,1,calib
BBB,2013J,338878,4,train
BBB,2013J,339494,0,test
BBB,2013J,339608,0,test
BBB,2013J,339656,2,train
BBB,2013J,340661,1,calib
BBB,2013J,340911,0,test
BBB,2013J,340965,4,train
BBB,2013J,341612,3,train
BBB,2013J,342678,1,calib
BBB,2013J,342685,3,train
BBB,2013J,344568,4,train
BBB,2013J,345083,0,test
BBB,2013J,345128,4,train
BBB,2013J,349554,1,calib
BBB,2013J,349675,2,train
BBB,2013J,352112,3,train
BBB,2013J,352161,4,train
BBB,2013J,352339,1,calib
BBB,2013J,352688,1,calib
BBB,2013J,354779,2,train
BBB,2013J,355591,1,calib
BBB,2013J,355692,1,calib
BBB,2013J,358289,2,train
BBB,2013J,360101,3,train
BBB,2013J,360876,1,calib
BBB,2013J,361988,2,train
BBB,2013J,362907,0,test
BBB,2013J,363151,2,train
BBB,2013J,363711,3,train
BBB,2013J,364073,0,test
BBB,2013J,364185,2,train
BBB,2013J,364666,1,calib
BBB,2013J,364871,4,train
BBB,2013J,365060,3,train
BBB,2013J,365169,1,calib
BBB,2013J,365288,3,train
BBB,2013J,365631,4,train
BBB,2013J,366524,3,train
BBB,2013J,367433,2,train
BBB,2013J,368077,1,calib
BBB,2013J,369507,1,calib
BBB,2013J,369986,2,train
BBB,2013J,370307,3,train
BBB,2013J,370859,1,calib
BBB,2013J,371530,4,train
BBB,2013J,371888,0,test
BBB,2013J,372172,4,train
BBB,2013J,372658,3,train
BBB,2013J,373174,4,train
BBB,2013J,373269,2,train
BBB,2013J,373633,0,test
BBB,2013J,373807,1,calib
BBB,2013J,373848,0,test
BBB,2013J,374038,2,train
BBB,2013J,375960,2,train
BBB,2013J,378721,4,train
BBB,2013J,379210,4,train
BBB,2013J,379983,4,train
BBB,2013J,380205,2,train
BBB,2013J,380240,3,train
BBB,2013J,381541,4,train
BBB,2013J,381669,2,train
BBB,2013J,382575,3,train
BBB,2013J,382920,0,test
BBB,2013J,382979,2,train
BBB,2013J,383303,1,calib
BBB,2013J,383571,1,calib
BBB,2013J,385040,1,calib
BBB,2013J,385820,1,calib
BBB,2013J,386889,4,train
BBB,2013J,386904,3,train
BBB,2013J,387276,1,calib
BBB,2013J,387378,1,calib
BBB,2013J,387700,2,train
BBB,2013J,388052,3,train
BBB,2013J,388432,3,train
BBB,2013J,388549,1,calib
BBB,2013J,388975,2,train
BBB,2013J,389101,3,train
BBB,2013J,389471,3,train
BBB,2013J,390958,2,train
BBB,2013J,392060,1,calib
BBB,2013J,392281,3,train
BBB,2013J,393327,0,test
BBB,2013J,395073,4,train
BBB,2013J,395358,1,calib
BBB,2013J,395715,1,calib
BBB,2013J,396114,1,calib
BBB,2013J,396256,0,test
BBB,2013J,397590,2,train
BBB,2013J,398067,4,train
BBB,2013J,398315,3,train
BBB,2013J,398525,0,test
BBB,2013J,398891,3,train
BBB,2013J,398956,1,calib
BBB,2013J,401319,4,train
BBB,2013J,402993,0,test
BBB,2013J,404269,4,train
BBB,2013J,404671,3,train
BBB,2013J,404708,2,train
BBB,2013J,405945,4,train
BBB,2013J,408106,4,train
BBB,2013J,408975,2,train
BBB,2013J,409160,1,calib
BBB,2013J,409698,2,train
BBB,2013J,409930,1,calib
BBB,2013J,409945,0,test
BBB,2013J,410052,4,train
BBB,2013J,410281,2,train
BBB,2013J,410357,3,train
BBB,2013J,410537,1,calib
BBB,2013J,410842,4,train
BBB,2013J,411126,2,train
BBB,2013J,411226,3,train
BBB,2013J,411642,3,train
BBB,2013J,413052,4,train
BBB,2013J,413248,3,train
BBB,2013J,414028,4,train
BBB,2013J,414350,1,calib
BBB,2013J,414495,3,train
BBB,2013J,415216,3,train
BBB,2013J,415546,1,calib
BBB,2013J,415698,0,test
BBB,2013J,417657,1,calib
BBB,2013J,417677,4,train
BBB,2013J,417785,1,calib
BBB,2013J,417967,0,test
BBB,2013J,419375,1,calib
BBB,2013J,420163,4,train
BBB,2013J,420724,1,calib
BBB,2013J,421018,0,test
BBB,2013J,422223,1,calib
BBB,2013J,422479,1,calib
BBB,2013J,422505,4,train
BBB,2013J,423399,0,test
BBB,2013J,424014,1,calib
BBB,2013J,424539,3,train
BBB,2013J,424637,2,train
BBB,2013J,425817,3,train
BBB,2013J,426458,0,test
BBB,2013J,427683,1,calib
BBB,2013J,427921,3,train
BBB,2013J,428323,0,test
BBB,2013J,428653,4,train
BBB,2013J,429610,0,test
BBB,2013J,430352,1,calib
BBB,2013J,430392,0,test
BBB,2013J,430708,1,calib
BBB,2013J,431071,1,calib
BBB,2013J,432144,0,test
BBB,2013J,432237,1,calib
BBB,2013J,433280,1,calib
BBB,2013J,433864,3,train
BBB,2013J,434035,1,calib
BBB,2013J,434397,2,train
BBB,2013J,434585,4,train
BBB,2013J,437030,2,train
BBB,2013J,438068,4,train
BBB,2013J,438551,3,train
BBB,2013J,439182,1,calib
BBB,2013J,439294,4,train
BBB,2013J,439684,1,calib
BBB,2013J,440225,4,train
BBB,2013J,440563,1,calib
BBB,2013J,440593,3,train
BBB,2013J,440751,2,train
BBB,2013J,440765,4,train
BBB,2013J,442144,3,train
BBB,2013J,442910,1,calib
BBB,2013J,443108,4,train
BBB,2013J,443923,2,train
BBB,2013J,444225,3,train
BBB,2013J,444729,4,train
BBB,2013J,444821,0,test
BBB,2013J,444960,3,train
BBB,2013J,445230,0,test
BBB,2013J,445351,3,train
BBB,2013J,445760,4,train
BBB,2013J,446345,1,calib
BBB,2013J,446873,2,train
BBB,2013J,447086,0,test
BBB,2013J,447516,0,test
BBB,2013J,464525,2,train
BBB,2013J,465730,3,train
BBB,2013J,466202,3,train
BBB,2013J,466477,3,train
BBB,2013J,466800,2,train
BBB,2013J,466854,0,test
BBB,2013J,467179,2,train
BBB,2013J,467330,2,train
BBB,2013J,467396,4,train
BBB,2013J,467606,1,calib
BBB,2013J,467721,4,train
BBB,2013J,468187,2,train
BBB,2013J,468482,1,calib
BBB,2013J,469878,1,calib
BBB,2013J,470869,1,calib
BBB,2013J,471196,4,train
BBB,2013J,471434,4,train
BBB,2013J,471711,0,test
BBB,2013J,472262,0,test
BBB,2013J,472327,4,train
BBB,2013J,473509,0,test
BBB,2013J,474071,3,train
BBB,2013J,475215,3,train
BBB,2013J,475241,0,test
BBB,2013J,475594,1,calib
BBB,2013J,475682,0,test
BBB,2013J,476278,1,calib
BBB,2013J,476816,3,train
BBB,2013J,477319,4,train
BBB,2013J,477825,3,train
BBB,2013J,478069,0,test
BBB,2013J,478718,2,train
BBB,2013J,478967,3,train
BBB,2013J,479020,1,calib
BBB,2013J,479170,0,test
BBB,2013J,479305,2,train
BBB,2013J,479853,0,test
BBB,2013J,480667,1,calib
BBB,2013J,480888,3,train
BBB,2013J,481448,4,train
BBB,2013J,482356,1,calib
BBB,2013J,482556,0,test
BBB,2013J,482680,0,test
BBB,2013J,482810,3,train
BBB,2013J,483135,4,train
BBB,2013J,483339,1,calib
BBB,2013J,483646,2,train
BBB,2013J,483703,2,train
BBB,2013J,483744,0,test
BBB,2013J,483876,1,calib
BBB,2013J,484135,1,calib
BBB,2013J,484301,1,calib
BBB,2013J,484412,3,train
BBB,2013J,484446,0,test
BBB,2013J,485006,1,calib
BBB,2013J,485439,3,train
BBB,2013J,485534,2,train
BBB,2013J,485560,4,train
BBB,2013J,485762,0,test
BBB,2013J,485772,2,train
BBB,2013J,486004,3,train
BBB,2013J,486457,3,train
BBB,2013J,486550,1,calib
BBB,2013J,487214,4,train
BBB,2013J,487371,4,train
BBB,2013J,487681,2,train
BBB,2013J,488176,1,calib
BBB,2013J,488195,2,train
BBB,2013J,488427,3,train
BBB,2013J,488908,3,train
BBB,2013J,489320,2,train
BBB,2013J,489889,0,test
BBB,2013J,489966,2,train
BBB,2013J,490500,2,train
BBB,2013J,490677,4,train
BBB,2013J,490894,4,train
BBB,2013J,491097,1,calib
BBB,2013J,491279,3,train
BBB,2013J,491758,4,train
BBB,2013J,491907,3,train
BBB,2013J,491966,3,train
BBB,2013J,492153,0,test
BBB,2013J,492229,3,train
BBB,2013J,492247,0,test
BBB,2013J,492286,4,train
BBB,2013J,492478,3,train
BBB,2013J,492726,1,calib
BBB,2013J,493453,3,train
BBB,2013J,493465,0,test
BBB,2013J,493672,0,test
BBB,2013J,493891,0,test
BBB,2013J,493999,1,calib
BBB,2013J,494214,1,calib
BBB,2013J,494471,0,test
BBB,2013J,494789,4,train
BBB,2013J,494896,2,train
BBB,2013J,494960,2,train
BBB,2013J,495035,1,calib
BBB,2013J,495449,3,train
BBB,2013J,495509,4,train
BBB,2013J,495625,2,train
BBB,2013J,495875,3,train
BBB,2013J,495879,2,train
BBB,2013J,495913,3,train
BBB,2013J,496091,2,train
BBB,2013J,496334,1,calib
BBB,2013J,496442,4,train
BBB,2013J,496764,2,train
BBB,2013J,497130,1,calib
BBB,2013J,497632,3,train
BBB,2013J,497925,0,test
BBB,2013J,498543,3,train
BBB,2013J,498635,0,test
BBB,2013J,498755,1,calib
BBB,2013J,498841,0,test
BBB,2013J,498892,1,calib
BBB,2013J,499373,0,test
BBB,2013J,499624,4,train
BBB,2013J,499822,4,train
BBB,2013J,500016,0,test
BBB,2013J,500135,1,calib
BBB,2013J,500279,2,train
BBB,2013J,500552,3,train
BBB,2013J,500625,3,train
BBB,2013J,500668,3,train
BBB,2013J,501053,4,train
BBB,2013J,501208,2,train
BBB,2013J,501637,3,train
BBB,2013J,501862,1,calib
BBB,2013J,501945,4,train
BBB,2013J,502391,3,train
BBB,2013J,502452,2,train
BBB,2013J,502621,4,train
BBB,2013J,503322,2,train
BBB,2013J,503516,2,train
BBB,2013J,503804,1,calib
BBB,2013J,503878,4,train
BBB,2013J,504013,3,train
BBB,2013J,504022,0,test
BBB,2013J,504466,3,train
BBB,2013J,504635,4,train
BBB,2013J,504842,4,train
BBB,2013J,505413,3,train
BBB,2013J,505595,2,train
BBB,2013J,506185,2,train
BBB,2013J,506248,4,train
BBB,2013J,506804,0,test
BBB,2013J,506980,2,train
BBB,2013J,507016,4,train
BBB,2013J,507279,0,test
BBB,2013J,507387,2,train
BBB,2013J,507389,0,test
BBB,2013J,507676,0,test
BBB,2013J,507944,1,calib
BBB,2013J,508028,3,train
BBB,2013J,508047,0,test
BBB,2013J,508079,4,train
BBB,2013J,508414,3,train
BBB,2013J,508422,4,train
BBB,2013J,508517,0,test
BBB,2013J,508759,2,train
BBB,2013J,509036,1,calib
BBB,2013J,509236,4,train
BBB,2013J,509258,2,train
BBB,2013J,509390,2,train
BBB,2013J,509607,1,calib
BBB,2013J,509845,2,train
BBB,2013J,509913,3,train
BBB,2013J,510149,0,test
BBB,2013J,510438,4,train
BBB,2013J,510650,2,train
BBB,2013J,510776,3,train
BBB,2013J,510868,2,train
BBB,2013J,511678,2,train
BBB,2013J,512417,3,train
BBB,2013J,512581,2,train
BBB,2013J,512775,1,calib
BBB,2013J,512839,3,train
BBB,2013J,512883,2,train
BBB,2013J,512940,2,train
BBB,2013J,512977,3,train
BBB,2013J,513076,1,calib
BBB,2013J,513648,2,train
BBB,2013J,513836,1,calib
BBB,2013J,514043,0,test
BBB,2013J,514074,3,train
BBB,2013J,514302,0,test
BBB,2013J,514445,3,train
BBB,2013J,514776,2,train
BBB,2013J,514824,2,train
BBB,2013J,514864,4,train
BBB,2013J,515203,2,train
BBB,2013J,515209,0,test
BBB,2013J,515417,3,train
BBB,2013J,515646,1,calib
BBB,2013J,515676,2,train
BBB,2013J,516055,1,calib
BBB,2013J,516165,4,train
BBB,2013J,516212,0,test
BBB,2013J,516214,0,test
BBB,2013J,516364,1,calib
BBB,2013J,516447,3,train
BBB,2013J,516926,2,train
BBB,2013J,517000,4,train
BBB,2013J,517016,0,test
BBB,2013J,517075,3,train
BBB,2013J,517231,4,train
BBB,2013J,517352,0,test
BBB,2013J,517553,0,test
BBB,2013J,517922,1,calib
BBB,2013J,518029,0,test
BBB,2013J,518126,4,train
BBB,2013J,518223,4,train
BBB,2013J,518258,0,test
BBB,2013J,518496,4,train
BBB,2013J,519294,4,train
BBB,2013J,519584,0,test
BBB,2013J,519622,3,train
BBB,2013J,519751,1,calib
BBB,2013J,519945,3,train
BBB,2013J,520002,3,train
BBB,2013J,520006,4,train
BBB,2013J,520024,3,train
BBB,2013J,520100,4,train
BBB,2013J,520153,4,train
BBB,2013J,520286,1,calib
BBB,2013J,520325,3,train
BBB,2013J,521209,1,calib
BBB,2013J,521341,1,calib
BBB,2013J,521456,4,train
BBB,2013J,521509,2,train
BBB,2013J,521590,1,calib
BBB,2013J,521666,4,train
BBB,2013J,521895,1,calib
BBB,2013J,521957,3,train
BBB,2013J,522426,2,train
BBB,2013J,522434,2,train
BBB,2013J,522441,3,train
BBB,2013J,522443,2,train
BBB,2013J,522446,4,train
BBB,2013J,522529,0,test
BBB,2013J,522622,0,test
BBB,2013J,522650,2,train
BBB,2013J,522714,1,calib
BBB,2013J,522792,4,train
BBB,2013J,522889,4,train
BBB,2013J,522891,4,train
BBB,2013J,522894,0,test
BBB,2013J,522899,1,calib
BBB,2013J,523331,0,test
BBB,2013J,523398,2,train
BBB,2013J,523466,1,calib
BBB,2013J,523545,1,calib
BBB,2013J,523655,4,train
BBB,2013J,523757,2,train
BBB,2013J,523857,3,train
BBB,2013J,523875,4,train
BBB,2013J,523885,2,train
BBB,2013J,523928,0,test
BBB,2013J,524076,0,test
BBB,2013J,524496,4,train
BBB,2013J,524790,4,train
BBB,2013J,525877,0,test
BBB,2013J,525885,2,train
BBB,2013J,525974,0,test
BBB,2013J,526088,1,calib
BBB,2013J,526177,0,test
BBB,2013J,526506,3,train
BBB,2013J,526810,2,train
BBB,2013J,527393,3,train
BBB,2013J,527580,3,train
BBB,2013J,527636,1,calib
BBB,2013J,527689,3,train
BBB,2013J,527799,0,test
BBB,2013J,528056,2,train
BBB,2013J,528204,3,train
BBB,2013J,528464,3,train
BBB,2013J,528642,1,calib
BBB,2013J,529000,1,calib
BBB,2013J,529163,4,train
BBB,2013J,529597,0,test
BBB,2013J,529795,1,calib
BBB,2013J,530021,0,test
BBB,2013J,530112,2,train
BBB,2013J,530487,0,test
BBB,2013J,530514,2,train
BBB,2013J,530753,2,train
BBB,2013J,530841,1,calib
BBB,2013J,531287,2,train
BBB,2013J,531384,1,calib
BBB,2013J,531643,4,train
BBB,2013J,532114,4,train
BBB,2013J,532335,3,train
BBB,2013J,532477,0,test
BBB,2013J,532615,1,calib
BBB,2013J,532739,1,calib
BBB,2013J,532750,1,calib
BBB,2013J,532839,3,train
BBB,2013J,532868,4,train
BBB,2013J,532869,2,train
BBB,2013J,533091,4,train
BBB,2013J,533164,2,train
BBB,2013J,533301,2,train
BBB,2013J,533414,4,train
BBB,2013J,533449,0,test
BBB,2013J,534133,4,train
BBB,2013J,534323,4,train
BBB,2013J,534816,4,train
BBB,2013J,534946,2,train
BBB,2013J,534998,0,test
BBB,2013J,535168,3,train
BBB,2013J,535269,2,train
BBB,2013J,535379,4,train
BBB,2013J,535833,4,train
BBB,2013J,536318,0,test
BBB,2013J,536409,3,train
BBB,2013J,536487,2,train
BBB,2013J,536632,0,test
BBB,2013J,536649,4,train
BBB,2013J,536660,3,train
BBB,2013J,536663,0,test
BBB,2013J,536664,1,calib
BBB,2013J,536666,1,calib
BBB,2013J,536852,3,train
BBB,2013J,536992,2,train
BBB,2013J,537271,3,train
BBB,2013J,538210,2,train
BBB,2013J,539299,1,calib
BBB,2013J,539414,1,calib
BBB,2013J,539426,3,train
BBB,2013J,539670,4,train
BBB,2013J,540005,1,calib
BBB,2013J,540249,0,test
BBB,2013J,540293,4,train
BBB,2013J,540521,1,calib
BBB,2013J,540602,2,train
BBB,2013J,540682,4,train
BBB,2013J,541171,1,calib
BBB,2013J,541274,2,train
BBB,2013J,541586,3,train
BBB,2013J,541702,1,calib
BBB,2013J,541842,0,test
BBB,2013J,542296,2,train
BBB,2013J,542472,4,train
BBB,2013J,542562,4,train
BBB,2013J,542574,0,test
BBB,2013J,542707,0,test
BBB,2013J,543021,2,train
BBB,2013J,543199,3,train
BBB,2013J,543279,1,calib
BBB,2013J,543418,0,test
BBB,2013J,543428,1,calib
BBB,2013J,544122,1,calib
BBB,2013J,544627,4,train
BBB,2013J,545200,2,train
BBB,2013J,545247,1,calib
BBB,2013J,545297,2,train
BBB,2013J,545298,4,train
BBB,2013J,545443,4,train
BBB,2013J,545462,2,train
BBB,2013J,545521,0,test
BBB,2013J,546124,4,train
BBB,2013J,546195,1,calib
BBB,2013J,546196,2,train
BBB,2013J,546941,4,train
BBB,2013J,547266,1,calib
BBB,2013J,547311,2,train
BBB,2013J,547718,3,train
BBB,2013J,547755,4,train
BBB,2013J,547979,0,test
BBB,2013J,548197,2,train
BBB,2013J,548899,3,train
BBB,2013J,549129,4,train
BBB,2013J,549226,1,calib
BBB,2013J,549445,4,train
BBB,2013J,549586,1,calib
BBB,2013J,549745,4,train
BBB,2013J,549873,3,train
BBB,2013J,549918,1,calib
BBB,2013J,550412,2,train
BBB,2013J,550559,3,train
BBB,2013J,550880,0,test
BBB,2013J,550941,3,train
BBB,2013J,551031,0,test
BBB,2013J,551136,2,train
BBB,2013J,551205,4,train
BBB,2013J,551219,3,train
BBB,2013J,551234,3,train
BBB,2013J,551347,0,test
BBB,2013J,551515,4,train
BBB,2013J,551628,2,train
BBB,2013J,551802,0,test
BBB,2013J,551836,1,calib
BBB,2013J,552116,3,train
BBB,2013J,552177,1,calib
BBB,2013J,552205,2,train
BBB,2013J,552339,1,calib
BBB,2013J,552399,4,train
BBB,2013J,552515,1,calib
BBB,2013J,552622,1,calib
BBB,2013J,552865,1,calib
BBB,2013J,552883,3,train
BBB,2013J,553078,4,train
BBB,2013J,553556,4,train
BBB,2013J,553825,1,calib
BBB,2013J,553856,3,train
BBB,2013J,553893,2,train
BBB,2013J,554243,3,train
BBB,2013J,554297,0,test
BBB,2013J,554314,2,train
BBB,2013J,554540,3,train
BBB,2013J,555061,4,train
BBB,2013J,555346,3,train
BBB,2013J,555614,4,train
BBB,2013J,555721,0,test
BBB,2013J,555789,0,test
BBB,2013J,556062,3,train
BBB,2013J,556089,0,test
BBB,2013J,556175,2,train
BBB,2013J,556228,3,train
BBB,2013J,556427,0,test
BBB,2013J,556592,0,test
BBB,2013J,556637,3,train
BBB,2013J,556738,2,train
BBB,2013J,556972,2,train
BBB,2013J,557652,3,train
BBB,2013J,558035,3,train
BBB,2013J,558333,0,test
BBB,2013J,558533,4,train
BBB,2013J,558661,1,calib
BBB,2013J,558755,3,train
BBB,2013J,558962,3,train
BBB,2013J,558983,0,test
BBB,2013J,559139,0,test
BBB,2013J,559168,4,train
BBB,2013J,559344,2,train
BBB,2013J,559382,1,calib
BBB,2013J,559414,0,test
BBB,2013J,559584,2,train
BBB,2013J,559685,3,train
BBB,2013J,559851,4,train
BBB,2013J,560030,2,train
BBB,2013J,560074,2,train
BBB,2013J,560430,1,calib
BBB,2013J,560490,2,train
BBB,2013J,560559,4,train
BBB,2013J,560567,0,test
BBB,2013J,560676,2,train
BBB,2013J,560773,1,calib
BBB,2013J,560920,3,train
BBB,2013J,561312,4,train
BBB,2013J,561457,2,train
BBB,2013J,561534,0,test
BBB,2013J,561549,2,train
BBB,2013J,561591,0,test
BBB,2013J,561640,2,train
BBB,2013J,561674,3,train
BBB,2013J,561841,1,calib
BBB,2013J,561932,2,train
BBB,2013J,562090,1,calib
BBB,2013J,562270,4,train
BBB,2013J,562456,2,train
BBB,2013J,563022,1,calib
BBB,2013J,563063,0,test
BBB,2013J,563174,1,calib
BBB,2013J,563374,4,train
BBB,2013J,563706,3,train
BBB,2013J,563733,0,test
BBB,2013J,563735,2,train
BBB,2013J,563769,2,train
BBB,2013J,563794,4,train
BBB,2013J,564105,2,train
BBB,2013J,564129,0,test
BBB,2013J,564144,2,train
BBB,2013J,564245,0,test
BBB,2013J,564268,0,test
BBB,2013J,564300,4,train
BBB,2013J,564596,0,test
BBB,2013J,564626,1,calib
BBB,2013J,564791,1,calib
BBB,2013J,564792,2,train
BBB,2013J,564898,0,test
BBB,2013J,564930,2,train
BBB,2013J,564958,3,train
BBB,2013J,564972,3,train
BBB,2013J,565035,3,train
BBB,2013J,565393,1,calib
BBB,2013J,565402,3,train
BBB,2013J,565513,4,train
BBB,2013J,565518,2,train
BBB,2013J,565582,3,train
BBB,2013J,565607,0,test
BBB,2013J,565715,4,train
BBB,2013J,565819,2,train
BBB,2013J,565888,4,train
BBB,2013J,565919,3,train
BBB,2013J,566133,4,train
BBB,2013J,566339,4,train
BBB,2013J,566346,2,train
BBB,2013J,566358,1,calib
BBB,2013J,566369,0,test
BBB,2013J,566392,2,train
BBB,2013J,566407,3,train
BBB,2013J,566415,4,train
BBB,2013J,566720,0,test
BBB,2013J,566813,4,train
BBB,2013J,566814,0,test
BBB,2013J,567013,4,train
BBB,2013J,567033,3,train
BBB,2013J,567059,1,calib
BBB,2013J,567145,3,train
BBB,2013J,567160,3,train
BBB,2013J,567262,3,train
BBB,2013J,567363,1,calib
BBB,2013J,567402,4,train
BBB,2013J,567429,4,train
BBB,2013J,567500,2,train
BBB,2013J,567598,2,train
BBB,2013J,567627,0,test
BBB,2013J,567754,1,calib
BBB,2013J,567915,2,train
BBB,2013J,567925,0,test
BBB,2013J,567929,1,calib
BBB,2013J,567958,4,train
BBB,2013J,567979,0,test
BBB,2013J,568074,4,train
BBB,2013J,568293,4,train
BBB,2013J,568370,3,train
BBB,2013J,568474,2,train
BBB,2013J,568502,3,train
BBB,2013J,568523,4,train
BBB,2013J,568533,4,train
BBB,2013J,568609,2,train
BBB,2013J,568775,2,train
BBB,2013J,569035,3,train
BBB,2013J,569141,2,train
BBB,2013J,569334,3,train
BBB,2013J,569426,0,test
BBB,2013J,569854,1,calib
BBB,2013J,569862,4,train
BBB,2013J,569930,3,train
BBB,2013J,570137,4,train
BBB,2013J,570157,1,calib
BBB,2013J,570168,2,train
BBB,2013J,570177,3,train
BBB,2013J,570271,1,calib
BBB,2013J,570287,2,train
BBB,2013J,570351,4,train
BBB,2013J,570519,3,train
BBB,2013J,570623,0,test
BBB,2013J,570759,4,train
BBB,2013J,570783,0,test
BBB,2013J,570862,2,train
BBB,2013J,570864,4,train
BBB,2013J,570970,2,train
BBB,2013J,571083,0,test
BBB,2013J,571143,1,calib
BBB,2013J,571441,0,test
BBB,2013J,571503,1,calib
BBB,2013J,571516,4,train
BBB,2013J,571540,0,test
BBB,2013J,571554,2,train
BBB,2013J,571601,0,test
BBB,2013J,571672,3,train
BBB,2013J,571681,4,train
BBB,2013J,571693,2,train
BBB,2013J,571770,2,train
BBB,2013J,571779,0,test
BBB,2013J,571794,4,train
BBB,2013J,571871,3,train
BBB,2013J,571885,4,train
BBB,2013J,571907,3,train
BBB,2013J,572029,0,test
BBB,2013J,572051,2,train
BBB,2013J,572054,0,test
BBB,2013J,572067,1,calib
BBB,2013J,572103,2,train
BBB,2013J,572131,2,train
BBB,2013J,572163,1,calib
BBB,2013J,572173,3,train
BBB,2013J,572277,0,test
BBB,2013J,572302,2,train
BBB,2013J,572416,0,test
BBB,2013J,572436,4,train
BBB,2013J,572447,4,train
BBB,2013J,572495,2,train
BBB,2013J,572504,1,calib
BBB,2013J,572508,3,train
BBB,2013J,572514,2,train
BBB,2013J,572626,1,calib
BBB,2013J,572733,0,test
BBB,2013J,572739,0,test
BBB,2013J,572752,1,calib
BBB,2013J,572765,2,train
BBB,2013J,572770,4,train
BBB,2013J,572898,3,train
BBB,2013J,572918,2,train
BBB,2013J,572937,0,test
BBB,2013J,573043,3,train
BBB,2013J,573063,2,train
BBB,2013J,573159,1,calib
BBB,2013J,573208,1,calib
BBB,2013J,573217,3,train
BBB,2013J,573223,4,train
BBB,2013J,573225,0,test
BBB,2013J,573275,0,test
BBB,2013J,573321,1,calib
BBB,2013J,573409,4,train
BBB,2013J,573411,0,test
BBB,2013J,573431,2,train
BBB,2013J,573433,0,test
BBB,2013J,573441,3,train
BBB,2013J,573453,4,train
BBB,2013J,573485,3,train
BBB,2013J,573487,0,test
BBB,2013J,573519,0,test
BBB,2013J,573578,2,train
BBB,2013J,573654,4,train
BBB,2013J,573683,3,train
BBB,2013J,573694,0,test
BBB,2013J,573758,0,test
BBB,2013J,573777,2,train
BBB,2013J,573790,4,train
BBB,2013J,573810,0,test
BBB,2013J,573821,2,train
BBB,2013J,573831,1,calib
BBB,2013J,573893,0,test
BBB,2013J,573986,2,train
BBB,2013J,574002,3,train
BBB,2013J,574051,4,train
BBB,2013J,574053,4,train
BBB,2013J,574065,3,train
BBB,2013J,574125,2,train
BBB,2013J,574146,3,train
BBB,2013J,574194,2,train
BBB,2013J,574212,0,test
BBB,2013J,574250,0,test
BBB,2013J,574276,3,train
BBB,2013J,574319,1,calib
BBB,2013J,574320,2,train
BBB,2013J,574348,1,calib
BBB,2013J,574549,4,train
BBB,2013J,574591,1,calib
BBB,2013J,574648,3,train
BBB,2013J,574674,1,calib
BBB,2013J,574708,3,train
BBB,2013J,574727,2,train
BBB,2013J,574766,4,train
BBB,2013J,574783,1,calib
BBB,2013J,574810,0,test
BBB,2013J,574962,2,train
BBB,2013J,574973,3,train
BBB,2013J,574998,2,train
BBB,2013J,575018,1,calib
BBB,2013J,575089,2,train
BBB,2013J,575100,3,train
BBB,2013J,575124,1,calib
BBB,2013J,575207,0,test
BBB,2013J,575281,1,calib
BBB,2013J,575290,4,train
BBB,2013J,575387,2,train
BBB,2013J,575421,3,train
BBB,2013J,575423,4,train
BBB,2013J,575480,3,train
BBB,2013J,575520,1,calib
BBB,2013J,575560,0,test
BBB,2013J,575672,3,train
BBB,2013J,575681,1,calib
BBB,2013J,575794,0,test
BBB,2013J,575897,4,train
BBB,2013J,575927,3,train
BBB,2013J,575929,0,test
BBB,2013J,575930,2,train
BBB,2013J,575982,2,train
BBB,2013J,575992,2,train
BBB,2013J,576046,4,train
BBB,2013J,576098,2,train
BBB,2013J,576158,3,train
BBB,2013J,576226,0,test
BBB,2013J,576375,4,train
BBB,2013J,576483,3,train
BBB,2013J,576513,0,test
BBB,2013J,576524,0,test
BBB,2013J,576550,2,train
BBB,2013J,576600,0,test
BBB,2013J,576664,4,train
BBB,2013J,576714,4,train
BBB,2013J,576815,3,train
BBB,2013J,576841,0,test
BBB,2013J,576882,0,test
BBB,2013J,576935,4,train
BBB,2013J,576940,0,test
BBB,2013J,576946,0,test
BBB,2013J,576947,2,train
BBB,2013J,576981,4,train
BBB,2013J,576983,0,test
BBB,2013J,576985,4,train
BBB,2013J,576996,1,calib
BBB,2013J,577007,3,train
BBB,2013J,577049,1,calib
BBB,2013J,577069,3,train
BBB,2013J,577096,3,train
BBB,2013J,577099,0,test
BBB,2013J,577215,0,test
BBB,2013J,577239,0,test
BBB,2013J,577256,1,calib
BBB,2013J,577280,4,train
BBB,2013J,577286,1,calib
BBB,2013J,577347,4,train
BBB,2013J,577376,0,test
BBB,2013J,577449,1,calib
BBB,2013J,577498,1,calib
BBB,2013J,577648,1,calib
BBB,2013J,577659,0,test
BBB,2013J,577680,3,train
BBB,2013J,577692,1,calib
BBB,2013J,577695,3,train
BBB,2013J,577824,0,test
BBB,2013J,577905,0,test
BBB,2013J,577914,1,calib
BBB,2013J,577915,2,train
BBB,2013J,577949,1,calib
BBB,2013J,577965,2,train
BBB,2013J,577980,4,train
BBB,2013J,577992,1,calib
BBB,2013J,578030,4,train
BBB,2013J,578057,1,calib
BBB,2013J,578062,2,train
BBB,2013J,578109,3,train
BBB,2013J,578197,0,test
BBB,2013J,578264,0,test
BBB,2013J,578362,0,test
BBB,2013J,578447,0,test
BBB,2013J,578520,1,calib
BBB,2013J,578546,2,train
BBB,2013J,578578,3,train
BBB,2013J,578598,1,calib
BBB,2013J,578600,4,train
BBB,2013J,578676,1,calib
BBB,2013J,578717,0,test
BBB,2013J,578739,4,train
BBB,2013J,578854,0,test
BBB,2013J,578953,0,test
BBB,2013J,579046,1,calib
BBB,2013J,579050,3,train
BBB,2013J,579255,0,test
BBB,2013J,579256,2,train
BBB,2013J,579259,1,calib
BBB,2013J,579279,4,train
BBB,2013J,579300,2,train
BBB,2013J,579316,0,test
BBB,2013J,579448,2,train
BBB,2013J,579486,0,test
BBB,2013J,579549,1,calib
BBB,2013J,579571,1,calib
BBB,2013J,579575,1,calib
BBB,2013J,579619,4,train
BBB,2013J,579718,1,calib
BBB,2013J,579762,0,test
BBB,2013J,580094,3,train
BBB,2013J,580314,2,train
BBB,2013J,580328,2,train
BBB,2013J,580346,1,calib
BBB,2013J,580360,4,train
BBB,2013J,580412,2,train
BBB,2013J,580497,4,train
BBB,2013J,580540,0,test
BBB,2013J,580592,3,train
BBB,2013J,580612,4,train
BBB,2013J,580646,0,test
BBB,2013J,580654,2,train
BBB,2013J,580684,0,test
BBB,2013J,580854,4,train
BBB,2013J,580880,1,calib
BBB,2013J,580883,2,train
BBB,2013J,580960,3,train
BBB,2013J,580975,1,calib
BBB,2013J,581016,3,train
BBB,2013J,581027,0,test
BBB,2013J,581038,2,train
BBB,2013J,581139,1,calib
BBB,2013J,581235,4,train
BBB,2013J,581305,2,train
BBB,2013J,581431,0,test
BBB,2013J,581492,4,train
BBB,2013J,581493,1,calib
BBB,2013J,581530,2,train
BBB,2013J,581586,4,train
BBB,2013J,581625,0,test
BBB,2013J,581657,1,calib
BBB,2013J,581672,3,train
BBB,2013J,581826,4,train
BBB,2013J,581959,1,calib
BBB,2013J,582084,3,train
BBB,2013J,582093,2,train
BBB,2013J,582123,0,test
BBB,2013J,582182,0,test
BBB,2013J,582184,1,calib
BBB,2013J,582190,4,train
BBB,2013J,582218,0,test
BBB,2013J,582243,3,train
BBB,2013J,582301,0,test
BBB,2013J,582305,1,calib
BBB,2013J,582333,0,test
BBB,2013J,582390,2,train
BBB,2013J,582394,0,test
BBB,2013J,582404,3,train
BBB,2013J,582406,4,train
BBB,2013J,582439,2,train
BBB,2013J,582443,3,train
BBB,2013J,582446,4,train
BBB,2013J,582469,3,train
BBB,2013J,582474,4,train
BBB,2013J,582574,2,train
BBB,2013J,582578,3,train
BBB,2013J,582591,3,train
BBB,2013J,582636,1,calib
BBB,2013J,582650,4,train
BBB,2013J,582806,0,test
BBB,2013J,582833,2,train
BBB,2013J,582878,0,test
BBB,2013J,582940,2,train
BBB,2013J,582958,2,train
BBB,2013J,582963,1,calib
BBB,2013J,582975,4,train
BBB,2013J,583007,1,calib
BBB,2013J,583012,2,train
BBB,2013J,583021,3,train
BBB,2013J,583039,1,calib
BBB,2013J,583065,2,train
BBB,2013J,583098,1,calib
BBB,2013J,583113,2,train
BBB,2013J,583142,0,test
BBB,2013J,583170,1,calib
BBB,2013J,583179,2,train
BBB,2013J,583191,2,train
BBB,2013J,583235,1,calib
BBB,2013J,583240,0,test
BBB,2013J,583255,4,train
BBB,2013J,583301,0,test
BBB,2013J,583333,4,train
BBB,2013J,583367,3,train
BBB,2013J,583429,0,test
BBB,2013J,583433,4,train
BBB,2013J,583459,2,train
BBB,2013J,583473,3,train
BBB,2013J,583534,0,test
BBB,2013J,583598,0,test
BBB,2013J,583609,3,train
BBB,2013J,583645,1,calib
BBB,2013J,583708,0,test
BBB,2013J,583832,1,calib
BBB,2013J,583873,0,test
BBB,2013J,583964,2,train
BBB,2013J,583967,4,train
BBB,2013J,583970,2,train
BBB,2013J,583977,1,calib
BBB,2013J,584042,0,test
BBB,2013J,584178,4,train
BBB,2013J,584223,4,train
BBB,2013J,584238,1,calib
BBB,2013J,584325,2,train
BBB,2013J,584342,1,calib
BBB,2013J,584374,1,calib
BBB,2013J,584408,3,train
BBB,2013J,584534,4,train
BBB,2013J,584580,1,calib
BBB,2013J,584588,4,train
BBB,2013J,584611,2,train
BBB,2013J,584676,1,calib
BBB,2013J,584735,4,train
BBB,2013J,584762,1,calib
BBB,2013J,584766,2,train
BBB,2013J,584813,3,train
BBB,2013J,584892,3,train
BBB,2013J,585004,0,test
BBB,2013J,585074,4,train
BBB,2013J,585170,0,test
BBB,2013J,585200,2,train
BBB,2013J,585212,0,test
BBB,2013J,585342,2,train
BBB,2013J,585355,1,calib
BBB,2013J,585406,1,calib
BBB,2013J,585459,2,train
BBB,2013J,585461,3,train
BBB,2013J,585603,4,train
BBB,2013J,585611,2,train
BBB,2013J,585618,0,test
BBB,2013J,585644,2,train
BBB,2013J,585652,0,test
BBB,2013J,585693,0,test
BBB,2013J,585764,4,train
BBB,2013J,585779,3,train
BBB,2013J,585790,4,train
BBB,2013J,585816,0,test
BBB,2013J,585915,0,test
BBB,2013J,585963,4,train
BBB,2013J,586072,4,train
BBB,2013J,586078,0,test
BBB,2013J,586145,2,train
BBB,2013J,586165,4,train
BBB,2013J,586346,3,train
BBB,2013J,586393,4,train
BBB,2013J,586407,3,train
BBB,2013J,586416,0,test
BBB,2013J,586440,2,train
BBB,2013J,586450,4,train
BBB,2013J,586490,1,calib
BBB,2013J,586516,1,calib
BBB,2013J,586535,3,train
BBB,2013J,586581,0,test
BBB,2013J,586720,3,train
BBB,2013J,586742,3,train
BBB,2013J,586836,1,calib
BBB,2013J,586843,4,train
BBB,2013J,586854,3,train
BBB,2013J,586882,2,train
BBB,2013J,586890,0,test
BBB,2013J,586928,3,train
BBB,2013J,586975,3,train
BBB,2013J,586996,1,calib
BBB,2013J,587051,0,test
BBB,2013J,587071,3,train
BBB,2013J,587120,1,calib
BBB,2013J,587155,1,calib
BBB,2013J,587192,2,train
BBB,2013J,587194,4,train
BBB,2013J,587219,1,calib
BBB,2013J,587223,4,train
BBB,2013J,587285,3,train
BBB,2013J,587297,2,train
BBB,2013J,587349,1,calib
BBB,2013J,587409,0,test
BBB,2013J,587418,1,calib
BBB,2013J,587423,4,train
BBB,2013J,587564,3,train
BBB,2013J,587623,2,train
BBB,2013J,587665,4,train
BBB,2013J,587702,4,train
BBB,2013J,587722,4,train
BBB,2013J,587732,0,test
BBB,2013J,587754,2,train
BBB,2013J,587755,2,train
BBB,2013J,587810,0,test
BBB,2013J,587824,1,calib
BBB,2013J,587838,2,train
BBB,2013J,587851,0,test
BBB,2013J,587923,1,calib
BBB,2013J,587961,3,train
BBB,2013J,587985,2,train
BBB,2013J,588117,1,calib
BBB,2013J,588191,0,test
BBB,2013J,588194,1,calib
BBB,2013J,588205,1,calib
BBB,2013J,588252,1,calib
BBB,2013J,588265,4,train
BBB,2013J,588321,0,test
BBB,2013J,588355,1,calib
BBB,2013J,588432,2,train
BBB,2013J,588445,4,train
BBB,2013J,588504,2,train
BBB,2013J,588642,0,test
BBB,2013J,588685,4,train
BBB,2013J,588691,1,calib
BBB,2013J,588713,4,train
BBB,2013J,588883,3,train
BBB,2013J,588910,0,test
BBB,2013J,588969,4,train
BBB,2013J,589067,1,calib
BBB,2013J,589123,0,test
BBB,2013J,589154,0,test
BBB,2013J,589216,2,train
BBB,2013J,589234,3,train
BBB,2013J,589239,4,train
BBB,2013J,589296,0,test
BBB,2013J,589302,3,train
BBB,2013J,589411,3,train
BBB,2013J,589471,3,train
BBB,2013J,589508,1,calib
BBB,2013J,589509,3,train
BBB,2013J,589580,3,train
BBB,2013J,589810,1,calib
BBB,2013J,589903,4,train
BBB,2013J,589950,4,train
BBB,2013J,590107,4,train
BBB,2013J,590202,1,calib
BBB,2013J,590231,3,train
BBB,2013J,590244,2,train
BBB,2013J,590305,2,train
BBB,2013J,590308,3,train
BBB,2013J,590310,4,train
BBB,2013J,590325,1,calib
BBB,2013J,590360,2,train
BBB,2013J,590362,4,train
BBB,2013J,590365,2,train
BBB,2013J,590372,1,calib
BBB,2013J,590478,1,calib
BBB,2013J,590502,4,train
BBB,2013J,590625,2,train
BBB,2013J,590667,3,train
BBB,2013J,590668,0,test
BBB,2013J,590713,3,train
BBB,2013J,590812,1,calib
BBB,2013J,590867,3,train
BBB,2013J,590923,1,calib
BBB,2013J,590931,3,train
BBB,2013J,590994,4,train
BBB,2013J,591030,4,train
BBB,2013J,591034,2,train
BBB,2013J,591223,4,train
BBB,2013J,591257,1,calib
BBB,2013J,591273,0,test
BBB,2013J,591299,3,train
BBB,2013J,591410,4,train
BBB,2013J,591414,3,train
BBB,2013J,591420,1,calib
BBB,2013J,591440,4,train
BBB,2013J,591461,1,calib
BBB,2013J,591501,3,train
BBB,2013J,591518,1,calib
BBB,2013J,591558,3,train
BBB,2013J,591574,1,calib
BBB,2013J,591589,0,test
BBB,2013J,591591,2,train
BBB,2013J,591608,1,calib
BBB,2013J,591721,1,calib
BBB,2013J,591785,0,test
BBB,2013J,591787,0,test
BBB,2013J,591820,2,train
BBB,2013J,591895,1,calib
BBB,2013J,591912,2,train
BBB,2013J,591937,4,train
BBB,2013J,591978,0,test
BBB,2013J,591986,4,train
BBB,2013J,592081,0,test
BBB,2013J,592147,3,train
BBB,2013J,592205,2,train
BBB,2013J,592256,2,train
BBB,2013J,592290,3,train
BBB,2013J,592317,1,calib
BBB,2013J,592322,2,train
BBB,2013J,592406,1,calib
BBB,2013J,592441,0,test
BBB,2013J,592471,0,test
BBB,2013J,592480,1,calib
BBB,2013J,592496,4,train
BBB,2013J,592618,2,train
BBB,2013J,592624,0,test
BBB,2013J,592669,4,train
BBB,2013J,592683,1,calib
BBB,2013J,592756,2,train
BBB,2013J,592772,3,train
BBB,2013J,592815,4,train
BBB,2013J,592854,3,train
BBB,2013J,592889,0,test
BBB,2013J,592900,3,train
BBB,2013J,592949,0,test
BBB,2013J,592972,4,train
BBB,2013J,593023,4,train
BBB,2013J,593081,3,train
BBB,2013J,593189,4,train
BBB,2013J,593266,2,train
BBB,2013J,593281,0,test
BBB,2013J,593299,1,calib
BBB,2013J,593385,2,train
BBB,2013J,593421,4,train
BBB,2013J,593427,0,test
BBB,2013J,593440,3,train
BBB,2013J,593441,4,train
BBB,2013J,593443,1,calib
BBB,2013J,593444,1,calib
BBB,2013J,593510,0,test
BBB,2013J,593513,2,train
BBB,2013J,593514,2,train
BBB,2013J,593571,0,test
BBB,2013J,593593,4,train
BBB,2013J,593613,0,test
BBB,2013J,593631,1,calib
BBB,2013J,593685,4,train
BBB,2013J,593692,0,test
BBB,2013J,593694,1,calib
BBB,2013J,593695,4,train
BBB,2013J,593706,2,train
BBB,2013J,593707,3,train
BBB,2013J,593709,4,train
BBB,2013J,593711,4,train
BBB,2013J,593712,0,test
BBB,2013J,593715,1,calib
BBB,2013J,593727,3,train
BBB,2013J,593743,4,train
BBB,2013J,593798,4,train
BBB,2013J,593871,0,test
BBB,2013J,593875,1,calib
BBB,2013J,593898,2,train
BBB,2013J,593900,4,train
BBB,2013J,593930,4,train
BBB,2013J,594015,0,test
BBB,2013J,594038,0,test
BBB,2013J,594043,1,calib
BBB,2013J,594056,4,train
BBB,2013J,594057,2,train
BBB,2013J,594208,2,train
BBB,2013J,594253,0,test
BBB,2013J,594456,0,test
BBB,2013J,594468,1,calib
BBB,2013J,594497,4,train
BBB,2013J,594529,0,test
BBB,2013J,594607,3,train
BBB,2013J,594677,2,train
BBB,2013J,594693,0,test
BBB,2013J,594697,1,calib
BBB,2013J,594762,1,calib
BBB,2013J,594774,3,train
BBB,2013J,594776,4,train
BBB,2013J,594812,0,test
BBB,2013J,594845,2,train
BBB,2013J,594928,2,train
BBB,2013J,595010,1,calib
BBB,2013J,595047,0,test
BBB,2013J,595094,4,train
BBB,2013J,595095,4,train
BBB,2013J,595103,2,train
BBB,2013J,595138,3,train
BBB,2013J,595232,3,train
BBB,2013J,595234,0,test
BBB,2013J,595241,4,train
BBB,2013J,595287,3,train
BBB,2013J,595295,0,test
BBB,2013J,595298,2,train
BBB,2013J,595345,2,train
BBB,2013J,595388,3,train
BBB,2013J,595420,2,train
BBB,2013J,595436,2,train
BBB,2013J,595499,3,train
BBB,2013J,595509,4,train
BBB,2013J,595570,3,train
BBB,2013J,595594,1,calib
BBB,2013J,595672,3,train
BBB,2013J,595678,1,calib
BBB,2013J,595711,2,train
BBB,2013J,595791,2,train
BBB,2013J,595816,3,train
BBB,2013J,595818,4,train
BBB,2013J,595854,3,train
BBB,2013J,595874,0,test
BBB,2013J,595877,3,train
BBB,2013J,595925,0,test
BBB,2013J,595959,0,test
BBB,2013J,596016,4,train
BBB,2013J,596017,2,train
BBB,2013J,596041,3,train
BBB,2013J,596095,0,test
BBB,2013J,596100,1,calib
BBB,2013J,596103,2,train
BBB,2013J,596107,4,train
BBB,2013J,596108,0,test
BBB,2013J,596112,1,calib
BBB,2013J,596114,3,train
BBB,2013J,596144,2,train
BBB,2013J,596241,4,train
BBB,2013J,596242,1,calib
BBB,2013J,596275,1,calib
BBB,2013J,596305,1,calib
BBB,2013J,596360,0,test
BBB,2013J,596372,4,train
BBB,2013J,596390,0,test
BBB,2013J,596417,0,test
BBB,2013J,596451,1,calib
BBB,2013J,596535,1,calib
BBB,2013J,596583,1,calib
BBB,2013J,596596,2,train
BBB,2013J,596641,2,train
BBB,2013J,596677,0,test
BBB,2013J,596814,4,train
BBB,2013J,596820,2,train
BBB,2013J,596847,3,train
BBB,2013J,596849,2,train
BBB,2013J,596892,1,calib
BBB,2013J,596897,2,train
BBB,2013J,596961,4,train
BBB,2013J,596964,0,test
BBB,2013J,596988,3,train
BBB,2013J,597033,0,test
BBB,2013J,597050,3,train
BBB,2013J,597078,2,train
BBB,2013J,597102,3,train
BBB,2013J,597109,0,test
BBB,2013J,597142,2,train
BBB,2013J,597255,4,train
BBB,2013J,597286,2,train
BBB,2013J,597301,2,train
BBB,2013J,597321,1,calib
BBB,2013J,597451,0,test
BBB,2013J,597532,0,test
BBB,2013J,597582,0,test
BBB,2013J,597689,0,test
BBB,2013J,597742,2,train
BBB,2013J,597790,1,calib
BBB,2013J,597866,2,train
BBB,2013J,597878,2,train
BBB,2013J,597886,3,train
BBB,2013J,597894,3,train
BBB,2013J,598000,1,calib
BBB,2013J,598199,4,train
BBB,2013J,598202,1,calib
BBB,2013J,598230,0,test
BBB,2013J,598243,2,train
BBB,2013J,598252,4,train
BBB,2013J,598253,0,test
BBB,2013J,598260,2,train
BBB,2013J,598315,0,test
BBB,2013J,598351,0,test
BBB,2013J,598394,3,train
BBB,2013J,598462,2,train
BBB,2013J,598503,0,test
BBB,2013J,598538,3,train
BBB,2013J,598562,4,train
BBB,2013J,598596,4,train
BBB,2013J,598623,3,train
BBB,2013J,598709,2,train
BBB,2013J,598760,2,train
BBB,2013J,598865,3,train
BBB,2013J,598883,0,test
BBB,2013J,598901,4,train
BBB,2013J,598907,0,test
BBB,2013J,598914,1,calib
BBB,2013J,598969,0,test
BBB,2013J,598986,1,calib
BBB,2013J,599016,0,test
BBB,2013J,599037,1,calib
BBB,2013J,599161,4,train
BBB,2013J,599230,1,calib
BBB,2013J,599292,1,calib
BBB,2013J,599402,2,train
BBB,2013J,599423,4,train
BBB,2013J,599427,1,calib
BBB,2013J,599432,0,test
BBB,2013J,599434,1,calib
BBB,2013J,599456,1,calib
BBB,2013J,599475,1,calib
BBB,2013J,599606,2,train
BBB,2013J,599639,3,train
BBB,2013J,599640,0,test
BBB,2013J,599644,1,calib
BBB,2013J,599709,3,train
BBB,2013J,599739,1,calib
BBB,2013J,599748,1,calib
BBB,2013J,599785,4,train
BBB,2013J,599787,1,calib
BBB,2013J,599794,4,train
BBB,2013J,599802,3,train
BBB,2013J,599836,0,test
BBB,2013J,599840,4,train
BBB,2013J,599895,0,test
BBB,2013J,599908,0,test
BBB,2013J,599960,1,calib
BBB,2013J,600006,1,calib
BBB,2013J,600121,3,train
BBB,2013J,600211,2,train
BBB,2013J,600218,3,train
BBB,2013J,600254,2,train
BBB,2013J,600263,4,train
BBB,2013J,600279,3,train
BBB,2013J,600370,4,train
BBB,2013J,600407,1,calib
BBB,2013J,600428,2,train
BBB,2013J,600449,4,train
BBB,2013J,600470,1,calib
BBB,2013J,600476,4,train
BBB,2013J,600490,0,test
BBB,2013J,600541,0,test
BBB,2013J,600579,3,train
BBB,2013J,600681,3,train
BBB,2013J,600684,0,test
BBB,2013J,600740,3,train
BBB,2013J,600749,4,train
BBB,2013J,600770,1,calib
BBB,2013J,600771,4,train
BBB,2013J,600833,2,train
BBB,2013J,600844,0,test
BBB,2013J,600845,1,calib
BBB,2013J,600856,2,train
BBB,2013J,600966,2,train
BBB,2013J,600967,3,train
BBB,2013J,600999,4,train
BBB,2013J,601243,0,test
BBB,2013J,601251,1,calib
BBB,2013J,601269,2,train
BBB,2013J,601346,4,train
BBB,2013J,601424,1,calib
BBB,2013J,601455,4,train
BBB,2013J,601472,2,train
BBB,2013J,601491,4,train
BBB,2013J,601497,1,calib
BBB,2013J,601499,0,test
BBB,2013J,601504,3,train
BBB,2013J,601505,2,train
BBB,2013J,601551,4,train
BBB,2013J,601558,0,test
BBB,2013J,601635,0,test
BBB,2013J,601655,2,train
BBB,2013J,601706,0,test
BBB,2013J,601885,0,test
BBB,2013J,601887,1,calib
BBB,2013J,601896,3,train
BBB,2013J,601934,0,test
BBB,2013J,601951,3,train
BBB,2013J,602009,0,test
BBB,2013J,602011,1,calib
BBB,2013J,602014,2,train
BBB,2013J,602032,2,train
BBB,2013J,602066,2,train
BBB,2013J,602147,2,train
BBB,2013J,602245,1,calib
BBB,2013J,602324,3,train
BBB,2013J,602395,1,calib
BBB,2013J,602458,1,calib
BBB,2013J,602483,0,test
BBB,2013J,602496,1,calib
BBB,2013J,602598,2,train
BBB,2013J,602631,3,train
BBB,2013J,602634,1,calib
BBB,2013J,602652,2,train
BBB,2013J,602666,1,calib
BBB,2013J,602739,2,train
BBB,2013J,602767,3,train
BBB,2013J,602803,3,train
BBB,2013J,602826,3,train
BBB,2013J,602863,4,train
BBB,2013J,602971,0,test
BBB,2013J,603012,0,test
BBB,2013J,603035,2,train
BBB,2013J,603036,3,train
BBB,2013J,603038,3,train
BBB,2013J,603052,2,train
BBB,2013J,603113,1,calib
BBB,2013J,603123,3,train
BBB,2013J,603165,3,train
BBB,2013J,603210,3,train
BBB,2013J,603265,1,calib
BBB,2013J,603270,2,train
BBB,2013J,603287,3,train
BBB,2013J,603296,0,test
BBB,2013J,603398,3,train
BBB,2013J,603440,4,train
BBB,2013J,603446,4,train
BBB,2013J,603471,0,test
BBB,2013J,603516,0,test
BBB,2013J,603601,2,train
BBB,2013J,603627,0,test
BBB,2013J,603661,4,train
BBB,2013J,603789,3,train
BBB,2013J,603818,1,calib
BBB,2013J,603908,3,train
BBB,2013J,603910,4,train
BBB,2013J,603912,2,train
BBB,2013J,604079,2,train
BBB,2013J,604095,4,train
BBB,2013J,604116,0,test
BBB,2013J,604118,1,calib
BBB,2013J,604147,4,train
BBB,2013J,604151,3,train
BBB,2013J,604154,4,train
BBB,2013J,604161,1,calib
BBB,2013J,604187,4,train
BBB,2013J,604196,3,train
BBB,2013J,604200,4,train
BBB,2013J,604204,0,test
BBB,2013J,604238,3,train
BBB,2013J,604292,1,calib
BBB,2013J,604298,3,train
BBB,2013J,604315,4,train
BBB,2013J,604356,0,test
BBB,2013J,604523,1,calib
BBB,2013J,604543,4,train
BBB,2013J,604556,1,calib
BBB,2013J,604610,0,test
BBB,2013J,604731,0,test
BBB,2013J,604752,2,train
BBB,2013J,604916,1,calib
BBB,2013J,604917,2,train
BBB,2013J,604919,3,train
BBB,2013J,604921,0,test
BBB,2013J,604923,1,calib
BBB,2013J,604932,2,train
BBB,2013J,604939,3,train
BBB,2013J,604942,4,train
BBB,2013J,604951,3,train
BBB,2013J,604962,3,train
BBB,2013J,604966,0,test
BBB,2013J,604982,4,train
BBB,2013J,605009,3,train
BBB,2013J,605102,2,train
BBB,2013J,605207,0,test
BBB,2013J,605246,0,test
BBB,2013J,605255,1,calib
BBB,2013J,605292,3,train
BBB,2013J,605309,3,train
BBB,2013J,605327,0,test
BBB,2013J,605390,0,test
BBB,2013J,605438,3,train
BBB,2013J,605494,1,calib
BBB,2013J,605505,2,train
BBB,2013J,605594,2,train
BBB,2013J,605595,3,train
BBB,2013J,605679,2,train
BBB,2013J,605691,4,train
BBB,2013J,605832,2,train
BBB,2013J,605854,0,test
BBB,2013J,605882,0,test
BBB,2013J,605914,1,calib
BBB,2013J,605916,2,train
BBB,2013J,605930,0,test
BBB,2013J,606063,1,calib
BBB,2013J,606097,2,train
BBB,2013J,606179,4,train
BBB,2013J,606194,0,test
BBB,2013J,606229,3,train
BBB,2013J,606333,2,train
BBB,2013J,606355,3,train
BBB,2013J,606377,1,calib
BBB,2013J,606388,0,test
BBB,2013J,606410,2,train
BBB,2013J,606412,2,train
BBB,2013J,606414,0,test
BBB,2013J,606420,3,train
BBB,2013J,606422,4,train
BBB,2013J,606426,0,test
BBB,2013J,606450,0,test
BBB,2013J,606458,2,train
BBB,2013J,606465,3,train
BBB,2013J,606477,0,test
BBB,2013J,606546,1,calib
BBB,2013J,606562,2,train
BBB,2013J,606572,4,train
BBB,2013J,606607,3,train
BBB,2013J,606627,0,test
BBB,2013J,606651,3,train
BBB,2013J,606685,4,train
BBB,2013J,606697,0,test
BBB,2013J,606736,0,test
BBB,2013J,606762,2,train
BBB,2013J,606797,2,train
BBB,2013J,606827,0,test
BBB,2013J,606972,1,calib
BBB,2013J,607062,4,train
BBB,2013J,607080,0,test
BBB,2013J,607097,4,train
BBB,2013J,607286,4,train
BBB,2013J,607300,4,train
BBB,2013J,607309,0,test
BBB,2013J,607382,0,test
BBB,2013J,607398,2,train
BBB,2013J,607493,3,train
BBB,2013J,607517,0,test
BBB,2013J,607607,1,calib
BBB,2013J,607642,4,train
BBB,2013J,607699,3,train
BBB,2013J,607725,2,train
BBB,2013J,607735,2,train
BBB,2013J,607778,0,test
BBB,2013J,607804,3,train
BBB,2013J,607808,0,test
BBB,2013J,607848,2,train
BBB,2013J,607861,1,calib
BBB,2013J,607887,4,train
BBB,2013J,607888,2,train
BBB,2013J,607889,3,train
BBB,2013J,607892,0,test
BBB,2013J,607909,0,test
BBB,2013J,607914,4,train
BBB,2013J,607937,0,test
BBB,2013J,608000,3,train
BBB,2013J,608026,0,test
BBB,2013J,608038,1,calib
BBB,2013J,608041,2,train
BBB,2013J,608047,0,test
BBB,2013J,608060,4,train
BBB,2013J,608197,1,calib
BBB,2013J,608264,3,train
BBB,2013J,608419,0,test
BBB,2013J,608497,2,train
BBB,2013J,608564,2,train
BBB,2013J,608578,4,train
BBB,2013J,608623,4,train
BBB,2013J,608647,2,train
BBB,2013J,608719,4,train
BBB,2013J,608738,3,train
BBB,2013J,608766,2,train
BBB,2013J,608939,0,test
BBB,2013J,608942,0,test
BBB,2013J,609010,4,train
BBB,2013J,609046,2,train
BBB,2013J,609047,1,calib
BBB,2013J,609107,2,train
BBB,2013J,609190,0,test
BBB,2013J,609193,1,calib
BBB,2013J,609230,3,train
BBB,2013J,609307,0,test
BBB,2013J,609388,1,calib
BBB,2013J,609422,4,train
BBB,2013J,609510,1,calib
BBB,2013J,609679,1,calib
BBB,2013J,609704,4,train
BBB,2013J,609764,2,train
BBB,2013J,609804,3,train
BBB,2013J,609811,3,train
BBB,2013J,609812,0,test
BBB,2013J,609815,1,calib
BBB,2013J,609817,0,test
BBB,2013J,609850,3,train
BBB,2013J,609860,2,train
BBB,2013J,609864,1,calib
BBB,2013J,609871,1,calib
BBB,2013J,609873,3,train
BBB,2013J,609887,3,train
BBB,2013J,610032,4,train
BBB,2013J,610059,1,calib
BBB,2013J,610118,4,train
BBB,2013J,610260,2,train
BBB,2013J,610362,3,train
BBB,2013J,610392,2,train
BBB,2013J,610423,3,train
BBB,2013J,610428,4,train
BBB,2013J,610449,1,calib
BBB,2013J,610553,3,train
BBB,2013J,610700,1,calib
BBB,2013J,610725,1,calib
BBB,2013J,610731,0,test
BBB,2013J,610740,3,train
BBB,2013J,610744,4,train
BBB,2013J,610745,0,test
BBB,2013J,610748,0,test
BBB,2013J,610750,3,train
BBB,2013J,610751,4,train
BBB,2013J,610763,2,train
BBB,2013J,610770,1,calib
BBB,2013J,610772,4,train
BBB,2013J,610776,2,train
BBB,2013J,610780,4,train
BBB,2013J,610783,2,train
BBB,2013J,610802,2,train
BBB,2013J,610804,3,train
BBB,2013J,610906,1,calib
BBB,2013J,611004,2,train
BBB,2013J,611012,1,calib
BBB,2013J,611017,0,test
BBB,2013J,611023,1,calib
BBB,2013J,611046,4,train
BBB,2013J,611048,1,calib
BBB,2013J,611051,3,train
BBB,2013J,611060,1,calib
BBB,2013J,611096,3,train
BBB,2013J,611182,4,train
BBB,2013J,611228,0,test
BBB,2013J,611268,2,train
BBB,2013J,611315,0,test
BBB,2013J,611345,2,train
BBB,2013J,611383,1,calib
BBB,2013J,611531,3,train
BBB,2013J,611688,0,test
BBB,2013J,611690,1,calib
BBB,2013J,612050,1,calib
BBB,2013J,612210,0,test
BBB,2013J,612217,3,train
BBB,2013J,612252,3,train
BBB,2013J,612255,0,test
BBB,2013J,612355,3,train
BBB,2013J,612361,4,train
BBB,2013J,612484,1,calib
BBB,2013J,612488,2,train
BBB,2013J,612517,1,calib
BBB,2013J,612656,0,test
BBB,2013J,612658,3,train
BBB,2013J,612661,1,calib
BBB,2013J,612684,4,train
BBB,2013J,612757,2,train
BBB,2013J,612891,3,train
BBB,2013J,613051,0,test
BBB,2013J,613158,4,train
BBB,2013J,613159,0,test
BBB,2013J,613160,1,calib
BBB,2013J,613162,3,train
BBB,2013J,613164,4,train
BBB,2013J,613171,3,train
BBB,2013J,613173,2,train
BBB,2013J,613175,4,train
BBB,2013J,613176,0,test
BBB,2013J,613177,1,calib
BBB,2013J,613191,2,train
BBB,2013J,613196,3,train
BBB,2013J,613199,4,train
BBB,2013J,613200,0,test
BBB,2013J,613203,0,test
BBB,2013J,613208,2,train
BBB,2013J,613273,3,train
BBB,2013J,613293,2,train
BBB,2013J,613298,0,test
BBB,2013J,613416,0,test
BBB,2013J,613418,4,train
BBB,2013J,613735,4,train
BBB,2013J,613738,1,calib
BBB,2013J,614013,3,train
BBB,2013J,614064,1,calib
BBB,2013J,614068,2,train
BBB,2013J,614072,3,train
BBB,2013J,614148,0,test
BBB,2013J,614495,0,test
BBB,2013J,614546,3,train
BBB,2013J,614556,0,test
BBB,2013J,615127,0,test
BBB,2013J,615148,2,train
BBB,2013J,616342,4,train
BBB,2013J,616502,3,train
BBB,2013J,616735,4,train
BBB,2013J,617116,3,train
BBB,2013J,617472,2,train
BBB,2013J,619082,1,calib
BBB,2013J,619941,2,train
BBB,2013J,1018682,0,test
BBB,2013J,1105438,2,train
BBB,2013J,1170618,0,test
BBB,2013J,1340766,4,train
BBB,2013J,1399285,3,train
BBB,2013J,1405594,2,train
BBB,2013J,1411627,2,train
BBB,2013J,1413989,1,calib
BBB,2013J,1421720,2,train
BBB,2013J,1440341,4,train
BBB,2013J,1467014,2,train
BBB,2013J,1503056,0,test
BBB,2013J,1521687,3,train
BBB,2013J,1536774,3,train
BBB,2013J,1541133,3,train
BBB,2013J,1588208,4,train
BBB,2013J,1594621,2,train
BBB,2013J,1624707,4,train
BBB,2013J,1627017,4,train
BBB,2013J,1695710,4,train
BBB,2013J,1726951,2,train
BBB,2013J,1731564,3,train
BBB,2013J,1759851,4,train
BBB,2013J,1771053,3,train
BBB,2013J,1778145,0,test
BBB,2013J,1781804,0,test
BBB,2013J,1797168,4,train
BBB,2013J,1866742,3,train
BBB,2013J,1886295,1,calib
BBB,2013J,1889565,0,test
BBB,2013J,1903677,1,calib
BBB,2013J,1910175,3,train
BBB,2013J,1934047,1,calib
BBB,2013J,1935487,2,train
BBB,2013J,1939695,4,train
BBB,2013J,1941248,3,train
BBB,2013J,1946308,3,train
BBB,2013J,1963287,1,calib
BBB,2013J,1988213,3,train
BBB,2013J,1990650,3,train
BBB,2013J,1993672,4,train
BBB,2013J,1998790,1,calib
BBB,2013J,2001687,1,calib
BBB,2013J,2002046,0,test
BBB,2013J,2006283,2,train
BBB,2013J,2009558,4,train
BBB,2013J,2022801,4,train
BBB,2013J,2023561,2,train
BBB,2013J,2029037,1,calib
BBB,2013J,2034300,4,train
BBB,2013J,2044036,1,calib
BBB,2013J,2056947,1,calib
BBB,2013J,2061889,2,train
BBB,2013J,2062995,3,train
BBB,2013J,2072166,3,train
BBB,2013J,2075158,2,train
BBB,2013J,2075264,3,train
BBB,2013J,2078479,2,train
BBB,2013J,2078768,3,train
BBB,2013J,2082318,1,calib
BBB,2013J,2083576,3,train
BBB,2013J,2095379,1,calib
BBB,2013J,2111015,4,train
BBB,2013J,2111666,0,test
BBB,2013J,2115711,4,train
BBB,2013J,2128304,4,train
BBB,2013J,2132966,2,train
BBB,2013J,2140444,2,train
BBB,2013J,2147687,4,train
BBB,2013J,2147929,3,train
BBB,2013J,2153026,4,train
BBB,2013J,2160453,4,train
BBB,2013J,2164944,0,test
BBB,2013J,2174835,0,test
BBB,2013J,2187146,1,calib
BBB,2013J,2192113,1,calib
BBB,2013J,2196054,3,train
BBB,2013J,2210666,0,test
BBB,2013J,2210681,1,calib
BBB,2013J,2211448,0,test
BBB,2013J,2211630,2,train
BBB,2013J,2214631,2,train
BBB,2013J,2225190,0,test
BBB,2013J,2226301,2,train
BBB,2013J,2227004,2,train
BBB,2013J,2229783,2,train
BBB,2013J,2239140,1,calib
BBB,2013J,2242290,3,train
BBB,2013J,2262671,2,train
BBB,2013J,2266650,1,calib
BBB,2013J,2271644,1,calib
BBB,2013J,2271743,2,train
BBB,2013J,2272630,3,train
BBB,2013J,2273256,4,train
BBB,2013J,2276893,3,train
BBB,2013J,2280314,2,train
BBB,2013J,2282129,4,train
BBB,2013J,2284583,2,train
BBB,2013J,2291034,2,train
BBB,2013J,2294490,3,train
BBB,2013J,2296908,1,calib
BBB,2013J,2299338,4,train
BBB,2013J,2313615,0,test
BBB,2013J,2318763,4,train
BBB,2013J,2320306,0,test
BBB,2013J,2334319,1,calib
BBB,2013J,2338586,2,train
BBB,2013J,2346025,4,train
BBB,2013J,2349825,1,calib
BBB,2013J,2356809,0,test
BBB,2013J,2363875,4,train
BBB,2013J,2382253,4,train
BBB,2013J,2383103,1,calib
BBB,2013J,2390117,1,calib
BBB,2013J,2392824,0,test
BBB,2013J,2396786,2,train
BBB,2013J,2400851,1,calib
BBB,2013J,2411595,4,train
BBB,2013J,2415414,4,train
BBB,2013J,2416774,2,train
BBB,2013J,2420909,2,train
BBB,2013J,2421929,0,test
BBB,2013J,2425156,4,train
BBB,2013J,2444641,2,train
BBB,2013J,2451269,0,test
BBB,2013J,2452289,0,test
BBB,2013J,2453657,2,train
BBB,2013J,2455066,4,train
BBB,2013J,2455578,0,test
BBB,2013J,2459051,1,calib
BBB,2013J,2460002,4,train
BBB,2013J,2463213,0,test
BBB,2013J,2463950,3,train
BBB,2013J,2464683,2,train
BBB,2013J,2465209,3,train
BBB,2013J,2468280,3,train
BBB,2013J,2468706,1,calib
BBB,2013J,2473780,3,train
BBB,2013J,2476144,0,test
BBB,2013J,2481657,1,calib
BBB,2013J,2487785,1,calib
BBB,2013J,2488714,2,train
BBB,2013J,2496235,3,train
BBB,2013J,2509297,4,train
BBB,2013J,2510414,0,test
BBB,2013J,2512392,4,train
BBB,2013J,2513083,0,test
BBB,2013J,2514379,1,calib
BBB,2013J,2518589,1,calib
BBB,2013J,2522312,1,calib
BBB,2013J,2528352,1,calib
BBB,2013J,2529306,2,train
BBB,2013J,2532647,3,train
BBB,2013J,2539817,0,test
BBB,2013J,2539858,2,train
BBB,2013J,2540724,1,calib
BBB,2013J,2544448,3,train
BBB,2013J,2545488,4,train
BBB,2013J,2550290,0,test
BBB,2013J,2553890,1,calib
BBB,2013J,2557885,0,test
BBB,2013J,2564744,1,calib
BBB,2013J,2567158,3,train
BBB,2013J,2573353,1,calib
BBB,2013J,2573570,2,train
BBB,2013J,2575994,0,test
BBB,2013J,2578802,2,train
BBB,2013J,2579673,4,train
BBB,2013J,2579817,2,train
BBB,2013J,2583791,2,train
BBB,2013J,2584834,4,train
BBB,2013J,2585937,3,train
BBB,2013J,2587329,4,train
BBB,2013J,2587950,0,test
BBB,2013J,2588742,3,train
BBB,2013J,2591421,3,train
BBB,2013J,2607641,1,calib
BBB,2013J,2617839,3,train
BBB,2013J,2619107,3,train
BBB,2013J,2620279,0,test
BBB,2013J,2620432,1,calib
BBB,2013J,2625315,1,calib
BBB,2013J,2625752,4,train
BBB,2013J,2631545,1,calib
BBB,2013J,2632668,0,test
BBB,2013J,2638377,2,train
BBB,2013J,2638818,0,test
BBB,2013J,2642717,3,train
BBB,2013J,2648206,2,train
BBB,2013J,2650236,1,calib
BBB,2013J,2656860,1,calib
BBB,2013J,2657960,0,test
BBB,2013J,2662716,1,calib
BBB,2013J,2664036,4,train
BBB,2013J,2680344,4,train
BBB,2013J,2680885,0,test
BBB,2013J,2690077,0,test
BBB,2013J,2691100,4,train
BBB,2013J,2691566,2,train
BBB,2013J,2693772,0,test
BBB,2014B,25629,4,train
BBB,2014B,25997,0,test
BBB,2014B,27891,2,train
BBB,2014B,38941,3,train
BBB,2014B,50069,4,train
BBB,2014B,52426,0,test
BBB,2014B,55968,2,train
BBB,2014B,59725,3,train
BBB,2014B,60416,1,calib
BBB,2014B,60830,3,train
BBB,2014B,63721,1,calib
BBB,2014B,64275,2,train
BBB,2014B,72400,3,train
BBB,2014B,75118,1,calib
BBB,2014B,76196,2,train
BBB,2014B,78255,4,train
BBB,2014B,80001,3,train
BBB,2014B,88340,2,train
BBB,2014B,89092,1,calib
BBB,2014B,89778,0,test
BBB,2014B,90361,2,train
BBB,2014B,92274,2,train
BBB,2014B,92341,3,train
BBB,2014B,93925,2,train
BBB,2014B,97006,3,train
BBB,2014B,97865,1,calib
BBB,2014B,99799,4,train
BBB,2014B,103535,0,test
BBB,2014B,104238,2,train
BBB,2014B,107713,2,train
BBB,2014B,108799,4,train
BBB,2014B,115452,4,train
BBB,2014B,117699,3,train
BBB,2014B,119471,1,calib
BBB,2014B,123270,4,train
BBB,2014B,123462,2,train
BBB,2014B,125055,0,test
BBB,2014B,126608,0,test
BBB,2014B,126713,1,calib
BBB,2014B,130013,3,train
BBB,2014B,132972,0,test
BBB,2014B,139250,3,train
BBB,2014B,140719,3,train
BBB,2014B,148427,2,train
BBB,2014B,155631,0,test
BBB,2014B,157276,2,train
BBB,2014B,159293,4,train
BBB,2014B,165904,0,test
BBB,2014B,170519,1,calib
BBB,2014B,171751,3,train
BBB,2014B,172137,0,test
BBB,2014B,183287,4,train
BBB,2014B,185021,0,test
BBB,2014B,186565,3,train
BBB,2014B,187257,4,train
BBB,2014B,187601,2,train
BBB,2014B,189035,0,test
BBB,2014B,189986,0,test
BBB,2014B,190352,2,train
BBB,2014B,190565,4,train
BBB,2014B,194073,0,test
BBB,2014B,200506,1,calib
BBB,2014B,201431,0,test
BBB,2014B,202394,2,train
BBB,2014B,206003,4,train
BBB,2014B,226747,0,test
BBB,2014B,228481,0,test
BBB,2014B,228784,4,train
BBB,2014B,228824,1,calib
BBB,2014B,231959,4,train
BBB,2014B,232539,2,train
BBB,2014B,233095,1,calib
BBB,2014B,233102,3,train
BBB,2014B,235097,1,calib
BBB,2014B,235380,0,test
BBB,2014B,235428,4,train
BBB,2014B,236161,1,calib
BBB,2014B,238519,0,test
BBB,2014B,242390,1,calib
BBB,2014B,244064,3,train
BBB,2014B,247292,2,train
BBB,2014B,247513,4,train
BBB,2014B,250123,1,calib
BBB,2014B,252652,2,train
BBB,2014B,260955,3,train
BBB,2014B,262294,2,train
BBB,2014B,263098,0,test
BBB,2014B,264106,4,train
BBB,2014B,265958,0,test
BBB,2014B,266744,4,train
BBB,2014B,268301,1,calib
BBB,2014B,270256,4,train
BBB,2014B,271346,3,train
BBB,2014B,271467,1,calib
BBB,2014B,275006,0,test
BBB,2014B,275112,0,test
BBB,2014B,279557,2,train
BBB,2014B,282161,4,train
BBB,2014B,282713,1,calib
BBB,2014B,283131,0,test
BBB,2014B,283564,1,calib
BBB,2014B,283978,2,train
BBB,2014B,284589,0,test
BBB,2014B,284593,4,train
BBB,2014B,285567,3,train
BBB,2014B,286914,0,test
BBB,2014B,287004,1,calib
BBB,2014B,288717,3,train
BBB,2014B,288967,0,test
BBB,2014B,289108,3,train
BBB,2014B,289993,3,train
BBB,2014B,290914,2,train
BBB,2014B,291844,3,train
BBB,2014B,291848,4,train
BBB,2014B,293992,2,train
BBB,2014B,294513,4,train
BBB,2014B,295728,2,train
BBB,2014B,296232,0,test
BBB,2014B,297179,1,calib
BBB,2014B,299027,1,calib
BBB,2014B,299485,2,train
BBB,2014B,304607,0,test
BBB,2014B,305307,2,train
BBB,2014B,305373,3,train
BBB,2014B,305824,4,train
BBB,2014B,307386,0,test
BBB,2014B,308345,1,calib
BBB,2014B,311599,1,calib
BBB,2014B,311889,0,test
BBB,2014B,312275,3,train
BBB,2014B,313246,4,train
BBB,2014B,317855,1,calib
BBB,2014B,318500,1,calib
BBB,2014B,318876,0,test
BBB,2014B,319606,4,train
BBB,2014B,320363,3,train
BBB,2014B,320661,2,train
BBB,2014B,321121,0,test
BBB,2014B,321142,2,train
BBB,2014B,321346,3,train
BBB,2014B,322325,2,train
BBB,2014B,322509,2,train
BBB,2014B,324907,2,train
BBB,2014B,325080,0,test
BBB,2014B,325308,3,train
BBB,2014B,327003,4,train
BBB,2014B,327641,4,train
BBB,2014B,331156,0,test
BBB,2014B,331494,2,train
BBB,2014B,334023,0,test
BBB,2014B,334565,1,calib
BBB,2014B,334981,4,train
BBB,2014B,336356,3,train
BBB,2014B,338168,2,train
BBB,2014B,339381,4,train
BBB,2014B,340831,1,calib
BBB,2014B,340962,2,train
BBB,2014B,341027,4,train
BBB,2014B,342017,1,calib
BBB,2014B,347864,2,train
BBB,2014B,348771,1,calib
BBB,2014B,349258,2,train
BBB,2014B,349401,0,test
BBB,2014B,351767,4,train
BBB,2014B,352009,3,train
BBB,2014B,352953,3,train
BBB,2014B,354121,2,train
BBB,2014B,354560,0,test
BBB,2014B,354984,0,test
BBB,2014B,355147,2,train
BBB,2014B,355369,0,test
BBB,2014B,355643,3,train
BBB,2014B,356386,4,train
BBB,2014B,358054,0,test
BBB,2014B,358956,0,test
BBB,2014B,359438,4,train
BBB,2014B,360190,4,train
BBB,2014B,363110,3,train
BBB,2014B,363396,1,calib
BBB,2014B,364712,2,train
BBB,2014B,365111,0,test
BBB,2014B,365488,3,train
BBB,2014B,366936,1,calib
BBB,2014B,367535,3,train
BBB,2014B,369715,3,train
BBB,2014B,370008,0,test
BBB,2014B,372997,1,calib
BBB,2014B,374515,4,train
BBB,2014B,374747,2,train
BBB,2014B,375711,0,test
BBB,2014B,375717,0,test
BBB,2014B,376868,0,test
BBB,2014B,377469,4,train
BBB,2014B,377929,3,train
BBB,2014B,379785,4,train
BBB,2014B,380184,0,test
BBB,2014B,380204,1,calib
BBB,2014B,381525,0,test
BBB,2014B,381533,2,train
BBB,2014B,381544,1,calib
BBB,2014B,381909,4,train
BBB,2014B,381917,3,train
BBB,2014B,382877,3,train
BBB,2014B,383241,1,calib
BBB,2014B,383967,0,test
BBB,2014B,384099,1,calib
BBB,2014B,384636,0,test
BBB,2014B,384884,1,calib
BBB,2014B,386374,3,train
BBB,2014B,387276,1,calib
BBB,2014B,388041,4,train
BBB,2014B,388168,0,test
BBB,2014B,389249,1,calib
BBB,2014B,391153,2,train
BBB,2014B,391556,3,train
BBB,2014B,392604,1,calib
BBB,2014B,392733,3,train
BBB,2014B,393131,0,test
BBB,2014B,394010,0,test
BBB,2014B,394067,4,train
BBB,2014B,394331,3,train
BBB,2014B,394480,4,train
BBB,2014B,394520,1,calib
BBB,2014B,395374,4,train
BBB,2014B,396456,1,calib
BBB,2014B,396799,4,train
BBB,2014B,397312,4,train
BBB,2014B,397747,0,test
BBB,2014B,397829,0,test
BBB,2014B,400729,4,train
BBB,2014B,401441,1,calib
BBB,2014B,405268,4,train
BBB,2014B,406600,0,test
BBB,2014B,406974,2,train
BBB,2014B,407545,2,train
BBB,2014B,408469,3,train
BBB,2014B,408581,3,train
BBB,2014B,411895,1,calib
BBB,2014B,412156,2,train
BBB,2014B,415298,4,train
BBB,2014B,417263,2,train
BBB,2014B,417684,3,train
BBB,2014B,420641,0,test
BBB,2014B,420663,2,train
BBB,2014B,421326,4,train
BBB,2014B,421992,3,train
BBB,2014B,423652,3,train
BBB,2014B,424014,1,calib
BBB,2014B,424659,4,train
BBB,2014B,424863,0,test
BBB,2014B,429099,2,train
BBB,2014B,429417,4,train
BBB,2014B,429777,2,train
BBB,2014B,430002,2,train
BBB,2014B,432480,4,train
BBB,2014B,435057,1,calib
BBB,2014B,435282,1,calib
BBB,2014B,437171,3,train
BBB,2014B,437565,2,train
BBB,2014B,438775,1,calib
BBB,2014B,439109,0,test
BBB,2014B,439710,2,train
BBB,2014B,439925,0,test
BBB,2014B,440075,1,calib
BBB,2014B,440664,1,calib
BBB,2014B,442497,2,train
BBB,2014B,444221,2,train
BBB,2014B,444561,0,test
BBB,2014B,444858,3,train
BBB,2014B,444872,0,test
BBB,2014B,445136,1,calib
BBB,2014B,445415,2,train
BBB,2014B,445494,4,train
BBB,2014B,446296,4,train
BBB,2014B,446650,4,train
BBB,2014B,446755,0,test
BBB,2014B,447184,0,test
BBB,2014B,447265,2,train
BBB,2014B,447292,1,calib
BBB,2014B,465369,2,train
BBB,2014B,466248,4,train
BBB,2014B,466377,0,test
BBB,2014B,466856,0,test
BBB,2014B,467100,4,train
BBB,2014B,467303,1,calib
BBB,2014B,467580,0,test
BBB,2014B,468349,2,train
BBB,2014B,468529,4,train
BBB,2014B,469177,3,train
BBB,2014B,469664,3,train
BBB,2014B,470113,4,train
BBB,2014B,470331,0,test
BBB,2014B,470693,3,train
BBB,2014B,471157,2,train
BBB,2014B,471925,3,train
BBB,2014B,473095,4,train
BBB,2014B,473509,0,test
BBB,2014B,474607,2,train
BBB,2014B,475631,2,train
BBB,2014B,475981,2,train
BBB,2014B,476037,4,train
BBB,2014B,477779,2,train
BBB,2014B,478242,0,test
BBB,2014B,478317,3,train
BBB,2014B,479738,1,calib
BBB,2014B,480372,2,train
BBB,2014B,480924,1,calib
BBB,2014B,481150,2,train
BBB,2014B,481947,4,train
BBB,2014B,483031,4,train
BBB,2014B,483411,4,train
BBB,2014B,483468,2,train
BBB,2014B,483485,4,train
BBB,2014B,483921,2,train
BBB,2014B,484351,1,calib
BBB,2014B,484446,0,test
BBB,2014B,484821,4,train
BBB,2014B,484983,2,train
BBB,2014B,485180,3,train
BBB,2014B,485262,2,train
BBB,2014B,485675,0,test
BBB,2014B,485980,2,train
BBB,2014B,486994,0,test
BBB,2014B,487002,1,calib
BBB,2014B,487226,0,test
BBB,2014B,487386,0,test
BBB,2014B,487543,2,train
BBB,2014B,487573,0,test
BBB,2014B,489198,0,test
BBB,2014B,490391,2,train
BBB,2014B,491114,0,test
BBB,2014B,492468,1,calib
BBB,2014B,492895,4,train
BBB,2014B,492928,3,train
BBB,2014B,493559,3,train
BBB,2014B,494896,2,train
BBB,2014B,494948,0,test
BBB,2014B,495324,3,train
BBB,2014B,495876,1,calib
BBB,2014B,495958,2,train
BBB,2014B,496547,0,test
BBB,2014B,497872,3,train
BBB,2014B,499952,2,train
BBB,2014B,500279,2,train
BBB,2014B,500395,3,train
BBB,2014B,501095,0,test
BBB,2014B,504352,3,train
BBB,2014B,504393,1,calib
BBB,2014B,504967,3,train
BBB,2014B,505151,4,train
BBB,2014B,505248,0,test
BBB,2014B,505899,0,test
BBB,2014B,506622,3,train
BBB,2014B,506650,4,train
BBB,2014B,507009,0,test
BBB,2014B,507817,1,calib
BBB,2014B,507983,2,train
BBB,2014B,508100,3,train
BBB,2014B,508400,1,calib
BBB,2014B,508470,2,train
BBB,2014B,508940,0,test
BBB,2014B,509696,4,train
BBB,2014B,510141,4,train
BBB,2014B,511238,1,calib
BBB,2014B,511469,4,train
BBB,2014B,511506,0,test
BBB,2014B,511901,2,train
BBB,2014B,512118,0,test
BBB,2014B,513077,2,train
BBB,2014B,514031,3,train
BBB,2014B,515648,0,test
BBB,2014B,516601,0,test
BBB,2014B,517075,3,train
BBB,2014B,517679,4,train
BBB,2014B,518711,3,train
BBB,2014B,519078,1,calib
BBB,2014B,519084,3,train
BBB,2014B,519859,1,calib
BBB,2014B,521671,0,test
BBB,2014B,521957,3,train
BBB,2014B,522087,1,calib
BBB,2014B,523021,2,train
BBB,2014B,523247,1,calib
BBB,2014B,524290,0,test
BBB,2014B,525027,3,train
BBB,2014B,525942,4,train
BBB,2014B,526285,4,train
BBB,2014B,526948,0,test
BBB,2014B,529438,1,calib
BBB,2014B,529439,2,train
BBB,2014B,529705,2,train
BBB,2014B,531290,3,train
BBB,2014B,531755,1,calib
BBB,2014B,532274,1,calib
BBB,2014B,532468,4,train
BBB,2014B,532617,2,train
BBB,2014B,533077,3,train
BBB,2014B,533210,0,test
BBB,2014B,533527,2,train
BBB,2014B,534143,2,train
BBB,2014B,534163,0,test
BBB,2014B,534428,1,calib
BBB,2014B,534830,4,train
BBB,2014B,535077,3,train
BBB,2014B,535462,3,train
BBB,2014B,535506,0,test
BBB,2014B,535548,4,train
BBB,2014B,536286,3,train
BBB,2014B,536629,4,train
BBB,2014B,536805,2,train
BBB,2014B,537077,1,calib
BBB,2014B,537171,0,test
BBB,2014B,537373,2,train
BBB,2014B,537605,0,test
BBB,2014B,537698,4,train
BBB,2014B,538196,4,train
BBB,2014B,539675,3,train
BBB,2014B,539894,2,train
BBB,2014B,540558,1,calib
BBB,2014B,541769,1,calib
BBB,2014B,542456,4,train
BBB,2014B,542466,0,test
BBB,2014B,542547,0,test
BBB,2014B,542562,4,train
BBB,2014B,543963,1,calib
BBB,2014B,544050,1,calib
BBB,2014B,544430,3,train
BBB,2014B,545146,2,train
BBB,2014B,545160,3,train
BBB,2014B,545196,4,train
BBB,2014B,545223,1,calib
BBB,2014B,545254,0,test
BBB,2014B,546202,2,train
BBB,2014B,546302,1,calib
BBB,2014B,547018,0,test
BBB,2014B,547268,0,test
BBB,2014B,547487,2,train
BBB,2014B,547556,0,test
BBB,2014B,548296,3,train
BBB,2014B,548445,2,train
BBB,2014B,548578,3,train
BBB,2014B,548844,2,train
BBB,2014B,549078,0,test
BBB,2014B,549087,1,calib
BBB,2014B,549190,1,calib
BBB,2014B,549892,1,calib
BBB,2014B,550269,2,train
BBB,2014B,551053,2,train
BBB,2014B,551252,0,test
BBB,2014B,551515,4,train
BBB,2014B,551718,4,train
BBB,2014B,551953,1,calib
BBB,2014B,552025,1,calib
BBB,2014B,552656,4,train
BBB,2014B,552896,1,calib
BBB,2014B,552931,2,train
BBB,2014B,553000,2,train
BBB,2014B,553437,2,train
BBB,2014B,553733,2,train
BBB,2014B,553807,2,train
BBB,2014B,553808,4,train
BBB,2014B,554004,4,train
BBB,2014B,554766,4,train
BBB,2014B,554969,0,test
BBB,2014B,555015,2,train
BBB,2014B,555603,2,train
BBB,2014B,555720,1,calib
BBB,2014B,555860,3,train
BBB,2014B,555994,2,train
BBB,2014B,556012,0,test
BBB,2014B,556853,4,train
BBB,2014B,556877,1,calib
BBB,2014B,557029,2,train
BBB,2014B,557351,1,calib
BBB,2014B,558084,4,train
BBB,2014B,558595,1,calib
BBB,2014B,558702,1,calib
BBB,2014B,558921,3,train
BBB,2014B,559065,3,train
BBB,2014B,559090,0,test
BBB,2014B,559336,1,calib
BBB,2014B,559381,0,test
BBB,2014B,559467,2,train
BBB,2014B,559573,0,test
BBB,2014B,559831,1,calib
BBB,2014B,559861,1,calib
BBB,2014B,560117,2,train
BBB,2014B,560238,3,train
BBB,2014B,560335,2,train
BBB,2014B,560536,3,train
BBB,2014B,560636,2,train
BBB,2014B,560920,3,train
BBB,2014B,561060,2,train
BBB,2014B,561061,3,train
BBB,2014B,561674,3,train
BBB,2014B,561953,3,train
BBB,2014B,561978,4,train
BBB,2014B,562139,2,train
BBB,2014B,562267,3,train
BBB,2014B,562438,0,test
BBB,2014B,562642,1,calib
BBB,2014B,562643,2,train
BBB,2014B,562783,1,calib
BBB,2014B,562857,2,train
BBB,2014B,563413,3,train
BBB,2014B,563487,4,train
BBB,2014B,563754,4,train
BBB,2014B,563822,1,calib
BBB,2014B,563945,4,train
BBB,2014B,563986,4,train
BBB,2014B,563987,3,train
BBB,2014B,564409,1,calib
BBB,2014B,564460,4,train
BBB,2014B,564810,3,train
BBB,2014B,564906,1,calib
BBB,2014B,565008,1,calib
BBB,2014B,565009,2,train
BBB,2014B,565344,4,train
BBB,2014B,565402,3,train
BBB,2014B,565869,1,calib
BBB,2014B,565988,4,train
BBB,2014B,566181,1,calib
BBB,2014B,566669,1,calib
BBB,2014B,567048,0,test
BBB,2014B,567059,1,calib
BBB,2014B,567273,3,train
BBB,2014B,567757,2,train
BBB,2014B,567889,3,train
BBB,2014B,567963,4,train
BBB,2014B,568042,2,train
BBB,2014B,568370,3,train
BBB,2014B,568559,2,train
BBB,2014B,568968,3,train
BBB,2014B,569074,1,calib
BBB,2014B,569199,1,calib
BBB,2014B,569225,2,train
BBB,2014B,569660,2,train
BBB,2014B,569663,0,test
BBB,2014B,569664,1,calib
BBB,2014B,569761,4,train
BBB,2014B,569864,0,test
BBB,2014B,569970,3,train
BBB,2014B,570031,1,calib
BBB,2014B,570133,2,train
BBB,2014B,570177,3,train
BBB,2014B,570186,0,test
BBB,2014B,570239,4,train
BBB,2014B,570437,2,train
BBB,2014B,570627,4,train
BBB,2014B,570721,0,test
BBB,2014B,571223,3,train
BBB,2014B,571540,0,test
BBB,2014B,571614,3,train
BBB,2014B,571732,1,calib
BBB,2014B,571880,1,calib
BBB,2014B,571897,1,calib
BBB,2014B,571954,1,calib
BBB,2014B,572187,2,train
BBB,2014B,572290,4,train
BBB,2014B,572370,2,train
BBB,2014B,572378,1,calib
BBB,2014B,572987,0,test
BBB,2014B,573000,1,calib
BBB,2014B,573108,2,train
BBB,2014B,573323,4,train
BBB,2014B,573488,3,train
BBB,2014B,573496,1,calib
BBB,2014B,573806,1,calib
BBB,2014B,573824,3,train
BBB,2014B,573851,4,train
BBB,2014B,573853,1,calib
BBB,2014B,574057,1,calib
BBB,2014B,574264,4,train
BBB,2014B,574553,1,calib
BBB,2014B,574569,0,test
BBB,2014B,574748,3,train
BBB,2014B,574935,2,train
BBB,2014B,574944,4,train
BBB,2014B,575251,1,calib
BBB,2014B,575602,4,train
BBB,2014B,575680,0,test
BBB,2014B,575980,2,train
BBB,2014B,575990,0,test
BBB,2014B,576179,0,test
BBB,2014B,576375,4,train
BBB,2014B,576738,4,train
BBB,2014B,577170,2,train
BBB,2014B,577304,2,train
BBB,2014B,577527,3,train
BBB,2014B,577676,1,calib
BBB,2014B,577905,0,test
BBB,2014B,578003,1,calib
BBB,2014B,578282,0,test
BBB,2014B,578574,2,train
BBB,2014B,579255,0,test
BBB,2014B,579448,2,train
BBB,2014B,579537,0,test
BBB,2014B,579720,2,train
BBB,2014B,580688,1,calib
BBB,2014B,581222,4,train
BBB,2014B,581333,2,train
BBB,2014B,581353,3,train
BBB,2014B,581459,4,train
BBB,2014B,581647,1,calib
BBB,2014B,582496,3,train
BBB,2014B,582742,4,train
BBB,2014B,583102,3,train
BBB,2014B,583950,3,train
BBB,2014B,584566,4,train
BBB,2014B,584632,2,train
BBB,2014B,584762,1,calib
BBB,2014B,585048,0,test
BBB,2014B,585150,0,test
BBB,2014B,585283,1,calib
BBB,2014B,585547,2,train
BBB,2014B,585727,0,test
BBB,2014B,586086,4,train
BBB,2014B,586111,0,test
BBB,2014B,586133,3,train
BBB,2014B,586417,2,train
BBB,2014B,586435,3,train
BBB,2014B,586712,1,calib
BBB,2014B,586995,1,calib
BBB,2014B,587181,4,train
BBB,2014B,587524,3,train
BBB,2014B,587538,3,train
BBB,2014B,587780,4,train
BBB,2014B,588039,2,train
BBB,2014B,588096,3,train
BBB,2014B,588302,3,train
BBB,2014B,588459,0,test
BBB,2014B,588484,2,train
BBB,2014B,588495,0,test
BBB,2014B,588592,2,train
BBB,2014B,588685,4,train
BBB,2014B,589300,1,calib
BBB,2014B,589333,4,train
BBB,2014B,589444,2,train
BBB,2014B,589862,0,test
BBB,2014B,589997,4,train
BBB,2014B,590408,3,train
BBB,2014B,590520,2,train
BBB,2014B,590798,0,test
BBB,2014B,590812,1,calib
BBB,2014B,590870,4,train
BBB,2014B,591094,3,train
BBB,2014B,591309,4,train
BBB,2014B,591547,4,train
BBB,2014B,591725,2,train
BBB,2014B,591743,4,train
BBB,2014B,592193,4,train
BBB,2014B,592602,1,calib
BBB,2014B,592725,2,train
BBB,2014B,593345,2,train
BBB,2014B,593465,0,test
BBB,2014B,594061,4,train
BBB,2014B,594417,4,train
BBB,2014B,594774,3,train
BBB,2014B,595047,0,test
BBB,2014B,596171,3,train
BBB,2014B,596533,4,train
BBB,2014B,596602,4,train
BBB,2014B,597316,4,train
BBB,2014B,597321,1,calib
BBB,2014B,597610,1,calib
BBB,2014B,597730,4,train
BBB,2014B,597744,3,train
BBB,2014B,597882,1,calib
BBB,2014B,598150,0,test
BBB,2014B,598250,4,train
BBB,2014B,598313,3,train
BBB,2014B,598415,0,test
BBB,2014B,598451,1,calib
BBB,2014B,598495,4,train
BBB,2014B,598614,2,train
BBB,2014B,598624,2,train
BBB,2014B,598694,3,train
BBB,2014B,598836,0,test
BBB,2014B,598918,2,train
BBB,2014B,599132,0,test
BBB,2014B,599161,4,train
BBB,2014B,599202,3,train
BBB,2014B,599207,0,test
BBB,2014B,599382,3,train
BBB,2014B,599430,3,train
BBB,2014B,599480,4,train
BBB,2014B,599495,3,train
BBB,2014B,599769,3,train
BBB,2014B,599990,2,train
BBB,2014B,600259,3,train
BBB,2014B,600407,1,calib
BBB,2014B,601010,2,train
BBB,2014B,601238,3,train
BBB,2014B,601316,2,train
BBB,2014B,601356,0,test
BBB,2014B,601616,3,train
BBB,2014B,601862,0,test
BBB,2014B,602011,1,calib
BBB,2014B,602815,2,train
BBB,2014B,602898,1,calib
BBB,2014B,602929,0,test
BBB,2014B,602991,3,train
BBB,2014B,603061,2,train
BBB,2014B,603112,0,test
BBB,2014B,603348,4,train
BBB,2014B,603543,2,train
BBB,2014B,603739,2,train
BBB,2014B,603762,3,train
BBB,2014B,603888,2,train
BBB,2014B,604106,4,train
BBB,2014B,604267,0,test
BBB,2014B,604375,4,train
BBB,2014B,604962,3,train
BBB,2014B,605388,3,train
BBB,2014B,605474,2,train
BBB,2014B,605597,0,test
BBB,2014B,605672,4,train
BBB,2014B,605693,0,test
BBB,2014B,605771,3,train
BBB,2014B,605956,4,train
BBB,2014B,605971,0,test
BBB,2014B,605996,1,calib
BBB,2014B,606069,3,train
BBB,2014B,606075,0,test
BBB,2014B,606155,3,train
BBB,2014B,606313,1,calib
BBB,2014B,606335,4,train
BBB,2014B,606501,2,train
BBB,2014B,606529,4,train
BBB,2014B,606634,0,test
BBB,2014B,606690,1,calib
BBB,2014B,607108,2,train
BBB,2014B,607220,0,test
BBB,2014B,607339,1,calib
BBB,2014B,607380,4,train
BBB,2014B,607436,3,train
BBB,2014B,607487,3,train
BBB,2014B,607529,3,train
BBB,2014B,607646,4,train
BBB,2014B,607678,2,train
BBB,2014B,607848,2,train
BBB,2014B,607953,0,test
BBB,2014B,607973,1,calib
BBB,2014B,608060,4,train
BBB,2014B,608104,3,train
BBB,2014B,608110,1,calib
BBB,2014B,608164,4,train
BBB,2014B,608407,2,train
BBB,2014B,608774,4,train
BBB,2014B,608961,3,train
BBB,2014B,609282,4,train
BBB,2014B,609422,4,train
BBB,2014B,609426,1,calib
BBB,2014B,609596,3,train
BBB,2014B,610239,3,train
BBB,2014B,610340,1,calib
BBB,2014B,610416,2,train
BBB,2014B,610494,3,train
BBB,2014B,610531,4,train
BBB,2014B,610589,4,train
BBB,2014B,610759,0,test
BBB,2014B,610802,2,train
BBB,2014B,611233,4,train
BBB,2014B,611348,1,calib
BBB,2014B,611475,0,test
BBB,2014B,611586,3,train
BBB,2014B,611649,4,train
BBB,2014B,611719,3,train
BBB,2014B,611732,3,train
BBB,2014B,611816,4,train
BBB,2014B,611974,1,calib
BBB,2014B,611977,4,train
BBB,2014B,611979,0,test
BBB,2014B,612082,3,train
BBB,2014B,612113,3,train
BBB,2014B,612120,3,train
BBB,2014B,612212,1,calib
BBB,2014B,612370,2,train
BBB,2014B,612395,3,train
BBB,2014B,612396,0,test
BBB,2014B,612561,2,train
BBB,2014B,612600,1,calib
BBB,2014B,612721,0,test
BBB,2014B,612756,4,train
BBB,2014B,612841,1,calib
BBB,2014B,612862,0,test
BBB,2014B,612919,0,test
BBB,2014B,613038,1,calib
BBB,2014B,613047,3,train
BBB,2014B,613093,2,train
BBB,2014B,613161,2,train
BBB,2014B,613162,3,train
BBB,2014B,613170,0,test
BBB,2014B,613199,4,train
BBB,2014B,613205,1,calib
BBB,2014B,613299,1,calib
BBB,2014B,613355,1,calib
BBB,2014B,613426,0,test
BBB,2014B,613512,0,test
BBB,2014B,613559,4,train
BBB,2014B,613586,3,train
BBB,2014B,613641,3,train
BBB,2014B,613703,1,calib
BBB,2014B,613718,0,test
BBB,2014B,613722,2,train
BBB,2014B,613743,0,test
BBB,2014B,613791,3,train
BBB,2014B,613832,1,calib
BBB,2014B,613842,3,train
BBB,2014B,613856,2,train
BBB,2014B,613864,3,train
BBB,2014B,613874,1,calib
BBB,2014B,613881,3,train
BBB,2014B,613896,4,train
BBB,2014B,613932,4,train
BBB,2014B,613946,0,test
BBB,2014B,613983,0,test
BBB,2014B,614039,3,train
BBB,2014B,614117,1,calib
BBB,2014B,614130,3,train
BBB,2014B,614212,2,train
BBB,2014B,614270,4,train
BBB,2014B,614357,4,train
BBB,2014B,614403,1,calib
BBB,2014B,614561,1,calib
BBB,2014B,614562,1,calib
BBB,2014B,614583,4,train
BBB,2014B,614586,2,train
BBB,2014B,614601,0,test
BBB,2014B,614629,3,train
BBB,2014B,614668,2,train
BBB,2014B,614693,2,train
BBB,2014B,614728,0,test
BBB,2014B,614732,3,train
BBB,2014B,614734,0,test
BBB,2014B,614738,2,train
BBB,2014B,614741,3,train
BBB,2014B,614742,4,train
BBB,2014B,614744,0,test
BBB,2014B,614745,3,train
BBB,2014B,614813,4,train
BBB,2014B,614871,0,test
BBB,2014B,614909,0,test
BBB,2014B,615018,1,calib
BBB,2014B,615025,2,train
BBB,2014B,615028,3,train
BBB,2014B,615047,0,test
BBB,2014B,615090,4,train
BBB,2014B,615173,4,train
BBB,2014B,615212,4,train
BBB,2014B,615218,3,train
BBB,2014B,615259,1,calib
BBB,2014B,615319,1,calib
BBB,2014B,615443,0,test
BBB,2014B,616332,3,train
BBB,2014B,616354,0,test
BBB,2014B,616361,1,calib
BBB,2014B,616377,2,train
BBB,2014B,616414,1,calib
BBB,2014B,616428,2,train
BBB,2014B,616464,2,train
BBB,2014B,616511,2,train
BBB,2014B,616526,1,calib
BBB,2014B,616536,2,train
BBB,2014B,616670,0,test
BBB,2014B,616739,1,calib
BBB,2014B,616809,3,train
BBB,2014B,616816,1,calib
BBB,2014B,616848,2,train
BBB,2014B,616914,1,calib
BBB,2014B,616919,2,train
BBB,2014B,617012,2,train
BBB,2014B,617126,2,train
BBB,2014B,617134,1,calib
BBB,2014B,617140,3,train
BBB,2014B,617146,2,train
BBB,2014B,617147,4,train
BBB,2014B,617190,3,train
BBB,2014B,617225,4,train
BBB,2014B,617287,4,train
BBB,2014B,617296,0,test
BBB,2014B,617297,1,calib
BBB,2014B,617525,3,train
BBB,2014B,617556,3,train
BBB,2014B,617560,0,test
BBB,2014B,617576,2,train
BBB,2014B,617714,4,train
BBB,2014B,617717,1,calib
BBB,2014B,617764,0,test
BBB,2014B,617792,4,train
BBB,2014B,617813,2,train
BBB,2014B,617843,1,calib
BBB,2014B,617905,3,train
BBB,2014B,617950,0,test
BBB,2014B,617959,1,calib
BBB,2014B,618054,2,train
BBB,2014B,618108,1,calib
BBB,2014B,618137,1,calib
BBB,2014B,618145,3,train
BBB,2014B,618151,4,train
BBB,2014B,618197,4,train
BBB,2014B,618205,1,calib
BBB,2014B,618258,0,test
BBB,2014B,618265,4,train
BBB,2014B,618292,3,train
BBB,2014B,618360,4,train
BBB,2014B,618362,0,test
BBB,2014B,618399,3,train
BBB,2014B,618534,4,train
BBB,2014B,618539,0,test
BBB,2014B,618586,0,test
BBB,2014B,618631,0,test
BBB,2014B,618632,1,calib
BBB,2014B,618670,2,train
BBB,2014B,618673,3,train
BBB,2014B,618710,1,calib
BBB,2014B,618784,2,train
BBB,2014B,618816,3,train
BBB,2014B,618858,4,train
BBB,2014B,618869,0,test
BBB,2014B,618870,1,calib
BBB,2014B,618882,3,train
BBB,2014B,618951,4,train
BBB,2014B,618957,2,train
BBB,2014B,618965,3,train
BBB,2014B,618981,0,test
BBB,2014B,619054,0,test
BBB,2014B,619161,0,test
BBB,2014B,619196,2,train
BBB,2014B,619207,3,train
BBB,2014B,619265,0,test
BBB,2014B,619288,1,calib
BBB,2014B,619311,0,test
BBB,2014B,619330,2,train
BBB,2014B,619471,3,train
BBB,2014B,619508,1,calib
BBB,2014B,619901,0,test
BBB,2014B,619980,0,test
BBB,2014B,620018,4,train
BBB,2014B,620047,0,test
BBB,2014B,620072,2,train
BBB,2014B,620073,3,train
BBB,2014B,620092,0,test
BBB,2014B,620126,4,train
BBB,2014B,620128,0,test
BBB,2014B,620129,4,train
BBB,2014B,620175,0,test
BBB,2014B,620220,0,test
BBB,2014B,620230,2,train
BBB,2014B,620257,3,train
BBB,2014B,620283,0,test
BBB,2014B,620289,1,calib
BBB,2014B,620304,4,train
BBB,2014B,620354,2,train
BBB,2014B,620389,2,train
BBB,2014B,620408,1,calib
BBB,2014B,620409,2,train
BBB,2014B,620427,0,test
BBB,2014B,620486,4,train
BBB,2014B,620507,2,train
BBB,2014B,620546,0,test
BBB,2014B,620573,0,test
BBB,2014B,620694,4,train
BBB,2014B,620791,0,test
BBB,2014B,620865,0,test
BBB,2014B,620889,0,test
BBB,2014B,620922,1,calib
BBB,2014B,620923,2,train
BBB,2014B,620950,2,train
BBB,2014B,620980,4,train
BBB,2014B,621301,0,test
BBB,2014B,621303,1,calib
BBB,2014B,621322,2,train
BBB,2014B,621323,2,train
BBB,2014B,621369,0,test
BBB,2014B,621394,4,train
BBB,2014B,621508,2,train
BBB,2014B,621607,1,calib
BBB,2014B,621703,3,train
BBB,2014B,621731,3,train
BBB,2014B,621862,4,train
BBB,2014B,621885,0,test
BBB,2014B,621890,1,calib
BBB,2014B,621894,2,train
BBB,2014B,621905,0,test
BBB,2014B,621937,3,train
BBB,2014B,622132,3,train
BBB,2014B,622180,0,test
BBB,2014B,622208,4,train
BBB,2014B,622217,3,train
BBB,2014B,622223,0,test
BBB,2014B,622330,2,train
BBB,2014B,622345,3,train
BBB,2014B,622466,4,train
BBB,2014B,622498,3,train
BBB,2014B,622505,2,train
BBB,2014B,622538,3,train
BBB,2014B,622604,0,test
BBB,2014B,622645,2,train
BBB,2014B,622715,1,calib
BBB,2014B,622720,3,train
BBB,2014B,622766,3,train
BBB,2014B,622767,4,train
BBB,2014B,622838,0,test
BBB,2014B,622867,0,test
BBB,2014B,622925,0,test
BBB,2014B,622927,1,calib
BBB,2014B,622974,0,test
BBB,2014B,622982,3,train
BBB,2014B,623001,4,train
BBB,2014B,623055,1,calib
BBB,2014B,623069,2,train
BBB,2014B,623104,2,train
BBB,2014B,623168,3,train
BBB,2014B,623169,4,train
BBB,2014B,623177,0,test
BBB,2014B,623240,3,train
BBB,2014B,623295,4,train
BBB,2014B,623321,4,train
BBB,2014B,623333,3,train
BBB,2014B,623392,0,test
BBB,2014B,623406,2,train
BBB,2014B,623548,1,calib
BBB,2014B,623603,0,test
BBB,2014B,623622,0,test
BBB,2014B,623651,3,train
BBB,2014B,623654,4,train
BBB,2014B,623660,1,calib
BBB,2014B,623821,1,calib
BBB,2014B,623845,0,test
BBB,2014B,623857,1,calib
BBB,2014B,623882,4,train
BBB,2014B,623911,2,train
BBB,2014B,623914,1,calib
BBB,2014B,623935,2,train
BBB,2014B,624011,2,train
BBB,2014B,624046,1,calib
BBB,2014B,624069,1,calib
BBB,2014B,624196,1,calib
BBB,2014B,624202,2,train
BBB,2014B,624298,3,train
BBB,2014B,624306,0,test
BBB,2014B,624341,1,calib
BBB,2014B,624350,2,train
BBB,2014B,624406,4,train
BBB,2014B,624411,0,test
BBB,2014B,624415,3,train
BBB,2014B,624427,2,train
BBB,2014B,624514,1,calib
BBB,2014B,624518,0,test
BBB,2014B,624544,3,train
BBB,2014B,624549,3,train
BBB,2014B,624567,0,test
BBB,2014B,624572,3,train
BBB,2014B,624592,2,train
BBB,2014B,624598,4,train
BBB,2014B,624604,0,test
BBB,2014B,624653,0,test
BBB,2014B,624661,0,test
BBB,2014B,624663,2,train
BBB,2014B,624673,3,train
BBB,2014B,624674,4,train
BBB,2014B,624677,0,test
BBB,2014B,624704,1,calib
BBB,2014B,624722,1,calib
BBB,2014B,624734,2,train
BBB,2014B,624738,3,train
BBB,2014B,624743,1,calib
BBB,2014B,624799,2,train
BBB,2014B,624847,3,train
BBB,2014B,624879,0,test
BBB,2014B,624950,3,train
BBB,2014B,624972,3,train
BBB,2014B,624997,0,test
BBB,2014B,625021,0,test
BBB,2014B,625024,1,calib
BBB,2014B,625027,2,train
BBB,2014B,625071,0,test
BBB,2014B,625087,4,train
BBB,2014B,625094,1,calib
BBB,2014B,625124,4,train
BBB,2014B,625167,0,test
BBB,2014B,625173,1,calib
BBB,2014B,625180,4,train
BBB,2014B,625185,0,test
BBB,2014B,625202,4,train
BBB,2014B,625214,0,test
BBB,2014B,625249,4,train
BBB,2014B,625251,4,train
BBB,2014B,625295,0,test
BBB,2014B,625301,3,train
BBB,2014B,625307,4,train
BBB,2014B,625383,4,train
BBB,2014B,625390,1,calib
BBB,2014B,625444,1,calib
BBB,2014B,625465,1,calib
BBB,2014B,625477,3,train
BBB,2014B,625478,0,test
BBB,2014B,625493,2,train
BBB,2014B,625511,0,test
BBB,2014B,625514,3,train
BBB,2014B,625578,0,test
BBB,2014B,625581,1,calib
BBB,2014B,625619,2,train
BBB,2014B,625713,3,train
BBB,2014B,625724,0,test
BBB,2014B,625751,3,train
BBB,2014B,625768,2,train
BBB,2014B,625816,2,train
BBB,2014B,625833,1,calib
BBB,2014B,625834,3,train
BBB,2014B,625853,0,test
BBB,2014B,625857,1,calib
BBB,2014B,625879,0,test
BBB,2014B,625919,4,train
BBB,2014B,626046,3,train
BBB,2014B,626123,3,train
BBB,2014B,626126,0,test
BBB,2014B,626138,0,test
BBB,2014B,626164,1,calib
BBB,2014B,626245,4,train
BBB,2014B,626254,1,calib
BBB,2014B,626297,4,train
BBB,2014B,626330,3,train
BBB,2014B,626352,3,train
BBB,2014B,626365,4,train
BBB,2014B,626386,0,test
BBB,2014B,626428,3,train
BBB,2014B,626442,2,train
BBB,2014B,626460,2,train
BBB,2014B,626485,4,train
BBB,2014B,626491,0,test
BBB,2014B,626549,4,train
BBB,2014B,626555,2,train
BBB,2014B,626597,1,calib
BBB,2014B,626604,1,calib
BBB,2014B,626642,4,train
BBB,2014B,626746,2,train
BBB,2014B,626750,3,train
BBB,2014B,626773,0,test
BBB,2014B,626806,3,train
BBB,2014B,626840,3,train
BBB,2014B,626841,4,train
BBB,2014B,626843,1,calib
BBB,2014B,626872,4,train
BBB,2014B,626876,0,test
BBB,2014B,626897,4,train
BBB,2014B,626917,0,test
BBB,2014B,626928,1,calib
BBB,2014B,626951,3,train
BBB,2014B,626966,0,test
BBB,2014B,627000,4,train
BBB,2014B,627027,2,train
BBB,2014B,627094,0,test
BBB,2014B,627115,2,train
BBB,2014B,627118,4,train
BBB,2014B,627179,1,calib
BBB,2014B,627185,2,train
BBB,2014B,627190,3,train
BBB,2014B,627228,0,test
BBB,2014B,627244,2,train
BBB,2014B,627245,3,train
BBB,2014B,627252,2,train
BBB,2014B,627256,0,test
BBB,2014B,627270,1,calib
BBB,2014B,627277,3,train
BBB,2014B,627285,0,test
BBB,2014B,627316,4,train
BBB,2014B,627321,0,test
BBB,2014B,627380,1,calib
BBB,2014B,627388,1,calib
BBB,2014B,627403,3,train
BBB,2014B,627427,1,calib
BBB,2014B,627509,2,train
BBB,2014B,627528,4,train
BBB,2014B,627549,3,train
BBB,2014B,627550,2,train
BBB,2014B,627613,2,train
BBB,2014B,627647,4,train
BBB,2014B,627659,2,train
BBB,2014B,627670,4,train
BBB,2014B,627680,0,test
BBB,2014B,627685,1,calib
BBB,2014B,627748,1,calib
BBB,2014B,627777,2,train
BBB,2014B,627948,4,train
BBB,2014B,628006,1,calib
BBB,2014B,628119,1,calib
BBB,2014B,628142,0,test
BBB,2014B,628176,2,train
BBB,2014B,628178,3,train
BBB,2014B,628180,4,train
BBB,2014B,628181,2,train
BBB,2014B,628183,1,calib
BBB,2014B,628190,3,train
BBB,2014B,628287,3,train
BBB,2014B,628301,0,test
BBB,2014B,628327,3,train
BBB,2014B,628328,2,train
BBB,2014B,628329,0,test
BBB,2014B,628341,1,calib
BBB,2014B,628360,2,train
BBB,2014B,628379,3,train
BBB,2014B,628389,2,train
BBB,2014B,628392,3,train
BBB,2014B,628402,4,train
BBB,2014B,628411,0,test
BBB,2014B,628423,1,calib
BBB,2014B,628442,4,train
BBB,2014B,628511,1,calib
BBB,2014B,628516,2,train
BBB,2014B,628525,0,test
BBB,2014B,628580,4,train
BBB,2014B,628586,0,test
BBB,2014B,628616,4,train
BBB,2014B,628635,1,calib
BBB,2014B,628655,4,train
BBB,2014B,628751,0,test
BBB,2014B,628762,3,train
BBB,2014B,628765,3,train
BBB,2014B,628827,2,train
BBB,2014B,628843,4,train
BBB,2014B,628903,4,train
BBB,2014B,628941,1,calib
BBB,2014B,628954,3,train
BBB,2014B,628970,1,calib
BBB,2014B,628982,4,train
BBB,2014B,629026,4,train
BBB,2014B,629029,0,test
BBB,2014B,629037,1,calib
BBB,2014B,629040,3,train
BBB,2014B,629044,0,test
BBB,2014B,629060,3,train
BBB,2014B,629088,0,test
BBB,2014B,629094,2,train
BBB,2014B,629103,0,test
BBB,2014B,629159,4,train
BBB,2014B,629240,1,calib
BBB,2014B,629274,3,train
BBB,2014B,629340,4,train
BBB,2014B,629424,3,train
BBB,2014B,629461,3,train
BBB,2014B,629462,0,test
BBB,2014B,629484,4,train
BBB,2014B,629490,2,train
BBB,2014B,629504,3,train
BBB,2014B,629505,3,train
BBB,2014B,629507,2,train
BBB,2014B,629538,0,test
BBB,2014B,629554,1,calib
BBB,2014B,629574,2,train
BBB,2014B,629619,0,test
BBB,2014B,629671,1,calib
BBB,2014B,629736,2,train
BBB,2014B,629835,1,calib
BBB,2014B,629870,3,train
BBB,2014B,629886,0,test
BBB,2014B,629891,3,train
BBB,2014B,629923,1,calib
BBB,2014B,629971,2,train
BBB,2014B,629976,2,train
BBB,2014B,629983,4,train
BBB,2014B,629991,1,calib
BBB,2014B,630028,0,test
BBB,2014B,630029,1,calib
BBB,2014B,630030,2,train
BBB,2014B,630037,4,train
BBB,2014B,630052,1,calib
BBB,2014B,630053,2,train
BBB,2014B,630090,2,train
BBB,2014B,630134,2,train
BBB,2014B,630147,1,calib
BBB,2014B,630182,4,train
BBB,2014B,630260,1,calib
BBB,2014B,630315,4,train
BBB,2014B,630333,3,train
BBB,2014B,630340,1,calib
BBB,2014B,630345,3,train
BBB,2014B,630372,2,train
BBB,2014B,630393,3,train
BBB,2014B,630415,1,calib
BBB,2014B,630443,4,train
BBB,2014B,630451,2,train
BBB,2014B,630476,1,calib
BBB,2014B,630497,2,train
BBB,2014B,630549,0,test
BBB,2014B,630561,1,calib
BBB,2014B,630586,1,calib
BBB,2014B,630608,2,train
BBB,2014B,630718,1,calib
BBB,2014B,630736,3,train
BBB,2014B,630763,4,train
BBB,2014B,630778,4,train
BBB,2014B,630794,0,test
BBB,2014B,630823,1,calib
BBB,2014B,630833,3,train
BBB,2014B,630876,0,test
BBB,2014B,630902,1,calib
BBB,2014B,630920,4,train
BBB,2014B,630944,3,train
BBB,2014B,630957,2,train
BBB,2014B,630999,0,test
BBB,2014B,631031,4,train
BBB,2014B,631081,2,train
BBB,2014B,631082,0,test
BBB,2014B,631086,4,train
BBB,2014B,631108,1,calib
BBB,2014B,631109,1,calib
BBB,2014B,631132,3,train
BBB,2014B,631190,0,test
BBB,2014B,631197,3,train
BBB,2014B,631225,1,calib
BBB,2014B,631341,3,train
BBB,2014B,631354,3,train
BBB,2014B,631384,4,train
BBB,2014B,631422,2,train
BBB,2014B,631441,0,test
BBB,2014B,631442,2,train
BBB,2014B,631444,4,train
BBB,2014B,631445,1,calib
BBB,2014B,631492,0,test
BBB,2014B,631515,1,calib
BBB,2014B,631518,3,train
BBB,2014B,631530,2,train
BBB,2014B,631561,4,train
BBB,2014B,631563,1,calib
BBB,2014B,631610,1,calib
BBB,2014B,631613,4,train
BBB,2014B,631650,3,train
BBB,2014B,631679,3,train
BBB,2014B,631724,0,test
BBB,2014B,631766,4,train
BBB,2014B,631777,3,train
BBB,2014B,631848,2,train
BBB,2014B,631941,3,train
BBB,2014B,632040,4,train
BBB,2014B,632084,3,train
BBB,2014B,632113,3,train
BBB,2014B,632148,1,calib
BBB,2014B,632181,1,calib
BBB,2014B,632231,1,calib
BBB,2014B,632254,0,test
BBB,2014B,632302,2,train
BBB,2014B,632447,3,train
BBB,2014B,632454,4,train
BBB,2014B,632470,1,calib
BBB,2014B,632503,2,train
BBB,2014B,632536,2,train
BBB,2014B,632547,1,calib
BBB,2014B,632574,3,train
BBB,2014B,632578,3,train
BBB,2014B,632605,0,test
BBB,2014B,632618,1,calib
BBB,2014B,632658,3,train
BBB,2014B,632682,4,train
BBB,2014B,632704,3,train
BBB,2014B,632712,1,calib
BBB,2014B,632752,1,calib
BBB,2014B,632823,1,calib
BBB,2014B,632847,3,train
BBB,2014B,632869,1,calib
BBB,2014B,632911,0,test
BBB,2014B,633024,3,train
BBB,2014B,633052,0,test
BBB,2014B,633130,4,train
BBB,2014B,633162,2,train
BBB,2014B,633193,1,calib
BBB,2014B,633208,0,test
BBB,2014B,633212,2,train
BBB,2014B,633228,1,calib
BBB,2014B,633231,2,train
BBB,2014B,633245,4,train
BBB,2014B,633257,0,test
BBB,2014B,633378,3,train
BBB,2014B,633380,2,train
BBB,2014B,633386,2,train
BBB,2014B,633394,1,calib
BBB,2014B,633462,3,train
BBB,2014B,633472,3,train
BBB,2014B,633491,4,train
BBB,2014B,633499,0,test
BBB,2014B,633560,3,train
BBB,2014B,633570,2,train
BBB,2014B,633590,3,train
BBB,2014B,633599,4,train
BBB,2014B,633603,4,train
BBB,2014B,633613,3,train
BBB,2014B,633646,3,train
BBB,2014B,633650,2,train
BBB,2014B,633669,1,calib
BBB,2014B,633865,2,train
BBB,2014B,633883,3,train
BBB,2014B,633890,4,train
BBB,2014B,633900,2,train
BBB,2014B,633912,0,test
BBB,2014B,633929,0,test
BBB,2014B,633935,3,train
BBB,2014B,634058,1,calib
BBB,2014B,634075,3,train
BBB,2014B,634077,0,test
BBB,2014B,634164,0,test
BBB,2014B,634188,1,calib
BBB,2014B,634230,3,train
BBB,2014B,634265,3,train
BBB,2014B,634280,0,test
BBB,2014B,634286,3,train
BBB,2014B,634298,0,test
BBB,2014B,634304,2,train
BBB,2014B,634353,2,train
BBB,2014B,634373,3,train
BBB,2014B,634396,1,calib
BBB,2014B,634412,3,train
BBB,2014B,634428,4,train
BBB,2014B,634472,2,train
BBB,2014B,634477,2,train
BBB,2014B,634481,4,train
BBB,2014B,634483,1,calib
BBB,2014B,634486,3,train
BBB,2014B,634491,3,train
BBB,2014B,634606,2,train
BBB,2014B,634615,3,train
BBB,2014B,634715,3,train
BBB,2014B,634833,2,train
BBB,2014B,634851,2,train
BBB,2014B,634876,0,test
BBB,2014B,634928,2,train
BBB,2014B,634932,3,train
BBB,2014B,634944,4,train
BBB,2014B,634976,3,train
BBB,2014B,635011,0,test
BBB,2014B,635113,4,train
BBB,2014B,635122,2,train
BBB,2014B,635136,0,test
BBB,2014B,635173,4,train
BBB,2014B,635228,0,test
BBB,2014B,635230,3,train
BBB,2014B,635241,3,train
BBB,2014B,635244,4,train
BBB,2014B,635245,0,test
BBB,2014B,635246,2,train
BBB,2014B,635247,3,train
BBB,2014B,635432,3,train
BBB,2014B,635433,4,train
BBB,2014B,635435,4,train
BBB,2014B,635473,1,calib
BBB,2014B,635591,1,calib
BBB,2014B,635755,1,calib
BBB,2014B,635761,0,test
BBB,2014B,635764,4,train
BBB,2014B,635771,2,train
BBB,2014B,635773,4,train
BBB,2014B,635774,3,train
BBB,2014B,635777,2,train
BBB,2014B,635788,0,test
BBB,2014B,635793,4,train
BBB,2014B,636271,3,train
BBB,2014B,637864,2,train
BBB,2014B,1108120,2,train
BBB,2014B,1127413,4,train
BBB,2014B,1332999,1,calib
BBB,2014B,1341507,2,train
BBB,2014B,1393589,4,train
BBB,2014B,1406920,3,train
BBB,2014B,1431750,4,train
BBB,2014B,1453691,0,test
BBB,2014B,1502193,4,train
BBB,2014B,1508708,2,train
BBB,2014B,1525567,3,train
BBB,2014B,1536591,1,calib
BBB,2014B,1540042,0,test
BBB,2014B,1559428,2,train
BBB,2014B,1560989,0,test
BBB,2014B,1588208,4,train
BBB,2014B,1611973,0,test
BBB,2014B,1624443,3,train
BBB,2014B,1625718,0,test
BBB,2014B,1626021,2,train
BBB,2014B,1633695,3,train
BBB,2014B,1719114,1,calib
BBB,2014B,1730702,2,train
BBB,2014B,1732219,4,train
BBB,2014B,1759851,4,train
BBB,2014B,1763653,1,calib
BBB,2014B,1780949,4,train
BBB,2014B,1782665,4,train
BBB,2014B,1786380,3,train
BBB,2014B,1829654,4,train
BBB,2014B,1840034,1,calib
BBB,2014B,1863244,4,train
BBB,2014B,1864697,1,calib
BBB,2014B,1866742,3,train
BBB,2014B,1877634,4,train
BBB,2014B,1932474,4,train
BBB,2014B,1933555,0,test
BBB,2014B,1934118,4,train
BBB,2014B,1955634,3,train
BBB,2014B,1957682,4,train
BBB,2014B,1967937,4,train
BBB,2014B,1969081,1,calib
BBB,2014B,2002415,2,train
BBB,2014B,2006364,4,train
BBB,2014B,2022801,4,train
BBB,2014B,2034455,3,train
BBB,2014B,2052966,1,calib
BBB,2014B,2080885,4,train
BBB,2014B,2081955,1,calib
BBB,2014B,2082318,1,calib
BBB,2014B,2087747,1,calib
BBB,2014B,2094350,4,train
BBB,2014B,2104426,1,calib
BBB,2014B,2108614,4,train
BBB,2014B,2133207,4,train
BBB,2014B,2148859,0,test
BBB,2014B,2153200,2,train
BBB,2014B,2164251,2,train
BBB,2014B,2181205,0,test
BBB,2014B,2184026,0,test
BBB,2014B,2213424,3,train
BBB,2014B,2221869,1,calib
BBB,2014B,2230457,3,train
BBB,2014B,2243703,4,train
BBB,2014B,2246708,1,calib
BBB,2014B,2248122,4,train
BBB,2014B,2266377,4,train
BBB,2014B,2271743,2,train
BBB,2014B,2273828,0,test
BBB,2014B,2277941,4,train
BBB,2014B,2291760,1,calib
BBB,2014B,2300911,3,train
BBB,2014B,2300913,1,calib
BBB,2014B,2303083,1,calib
BBB,2014B,2308026,0,test
BBB,2014B,2308564,1,calib
BBB,2014B,2315082,1,calib
BBB,2014B,2317273,4,train
BBB,2014B,2334930,4,train
BBB,2014B,2340165,1,calib
BBB,2014B,2343413,4,train
BBB,2014B,2351235,0,test
BBB,2014B,2353787,1,calib
BBB,2014B,2363561,4,train
BBB,2014B,2372088,4,train
BBB,2014B,2392789,4,train
BBB,2014B,2409808,1,calib
BBB,2014B,2410331,4,train
BBB,2014B,2417841,4,train
BBB,2014B,2418877,4,train
BBB,2014B,2420725,1,calib
BBB,2014B,2421428,4,train
BBB,2014B,2436707,3,train
BBB,2014B,2437062,3,train
BBB,2014B,2437428,2,train
BBB,2014B,2438291,3,train
BBB,2014B,2439442,2,train
BBB,2014B,2440756,0,test
BBB,2014B,2444501,0,test
BBB,2014B,2446599,3,train
BBB,2014B,2476144,0,test
BBB,2014B,2482994,4,train
BBB,2014B,2487785,1,calib
BBB,2014B,2494258,1,calib
BBB,2014B,2502127,1,calib
BBB,2014B,2509297,4,train
BBB,2014B,2512349,3,train
BBB,2014B,2513954,2,train
BBB,2014B,2514044,0,test
BBB,2014B,2523350,0,test
BBB,2014B,2523430,1,calib
BBB,2014B,2523989,4,train
BBB,2014B,2524295,1,calib
BBB,2014B,2526784,4,train
BBB,2014B,2532643,2,train
BBB,2014B,2533391,2,train
BBB,2014B,2534954,0,test
BBB,2014B,2538123,1,calib
BBB,2014B,2539641,4,train
BBB,2014B,2541388,1,calib
BBB,2014B,2552149,0,test
BBB,2014B,2554464,0,test
BBB,2014B,2567352,0,test
BBB,2014B,2568059,2,train
BBB,2014B,2570092,4,train
BBB,2014B,2571054,4,train
BBB,2014B,2574365,4,train
BBB,2014B,2575914,4,train
BBB,2014B,2578704,1,calib
BBB,2014B,2590564,0,test
BBB,2014B,2591974,0,test
BBB,2014B,2592923,1,calib
BBB,2014B,2597543,2,train
BBB,2014B,2602679,4,train
BBB,2014B,2605113,4,train
BBB,2014B,2609574,2,train
BBB,2014B,2611847,0,test
BBB,2014B,2625752,4,train
BBB,2014B,2626410,0,test
BBB,2014B,2626511,3,train
BBB,2014B,2632243,2,train
BBB,2014B,2634946,1,calib
BBB,2014B,2636696,0,test
BBB,2014B,2641657,2,train
BBB,2014B,2641682,3,train
BBB,2014B,2643007,3,train
BBB,2014B,2652209,0,test
BBB,2014B,2653570,2,train
BBB,2014B,2659042,0,test
BBB,2014B,2677541,4,train
BBB,2014B,2681783,4,train
BBB,2014B,2683697,1,calib
BBB,2014B,2687378,0,test
BBB,2014B,2687644,1,calib
BBB,2014B,2690136,1,calib
BBB,2014B,2690719,2,train
BBB,2014J,26315,3,train
BBB,2014J,26734,1,calib
BBB,2014J,32327,4,train
BBB,2014J,32930,3,train
BBB,2014J,34431,3,train
BBB,2014J,34662,3,train
BBB,2014J,38711,1,calib
BBB,2014J,39208,4,train
BBB,2014J,41547,0,test
BBB,2014J,47891,4,train
BBB,2014J,53236,1,calib
BBB,2014J,57285,1,calib
BBB,2014J,58520,2,train
BBB,2014J,58653,0,test
BBB,2014J,59272,1,calib
BBB,2014J,61352,2,train
BBB,2014J,63467,3,train
BBB,2014J,65807,0,test
BBB,2014J,70569,4,train
BBB,2014J,70750,1,calib
BBB,2014J,71504,0,test
BBB,2014J,72349,2,train
BBB,2014J,73584,3,train
BBB,2014J,73874,0,test
BBB,2014J,74574,4,train
BBB,2014J,82611,1,calib
BBB,2014J,84541,2,train
BBB,2014J,89850,1,calib
BBB,2014J,98452,1,calib
BBB,2014J,98842,3,train
BBB,2014J,99088,3,train
BBB,2014J,102067,1,calib
BBB,2014J,103496,1,calib
BBB,2014J,103998,3,train
BBB,2014J,106095,4,train
BBB,2014J,106383,0,test
BBB,2014J,106793,0,test
BBB,2014J,108859,3,train
BBB,2014J,109441,4,train
BBB,2014J,110911,1,calib
BBB,2014J,114402,4,train
BBB,2014J,116606,3,train
BBB,2014J,117544,0,test
BBB,2014J,117545,1,calib
BBB,2014J,118213,0,test
BBB,2014J,118877,4,train
BBB,2014J,119437,3,train
BBB,2014J,119444,4,train
BBB,2014J,123087,1,calib
BBB,2014J,125535,3,train
BBB,2014J,125874,2,train
BBB,2014J,126769,4,train
BBB,2014J,126800,2,train
BBB,2014J,132055,1,calib
BBB,2014J,132924,3,train
BBB,2014J,138407,2,train
BBB,2014J,142324,4,train
BBB,2014J,145280,3,train
BBB,2014J,150398,1,calib
BBB,2014J,151917,2,train
BBB,2014J,152973,2,train
BBB,2014J,155484,2,train
BBB,2014J,156358,2,train
BBB,2014J,157752,3,train
BBB,2014J,160026,2,train
BBB,2014J,161811,1,calib
BBB,2014J,165099,4,train
BBB,2014J,165498,2,train
BBB,2014J,169008,3,train
BBB,2014J,169400,3,train
BBB,2014J,173163,1,calib
BBB,2014J,177554,0,test
BBB,2014J,179073,4,train
BBB,2014J,179297,0,test
BBB,2014J,184234,1,calib
BBB,2014J,184583,3,train
BBB,2014J,184972,4,train
BBB,2014J,188766,2,train
BBB,2014J,191459,2,train
BBB,2014J,191746,2,train
BBB,2014J,191973,2,train
BBB,2014J,192944,2,train
BBB,2014J,193310,2,train
BBB,2014J,195221,2,train
BBB,2014J,195345,3,train
BBB,2014J,195940,1,calib
BBB,2014J,197527,4,train
BBB,2014J,201655,4,train
BBB,2014J,205978,2,train
BBB,2014J,226839,3,train
BBB,2014J,228235,2,train
BBB,2014J,228909,3,train
BBB,2014J,229326,4,train
BBB,2014J,230383,4,train
BBB,2014J,235371,4,train
BBB,2014J,237913,0,test
BBB,2014J,238144,0,test
BBB,2014J,242893,4,train
BBB,2014J,245784,0,test
BBB,2014J,247457,3,train
BBB,2014J,247967,4,train
BBB,2014J,249154,3,train
BBB,2014J,252863,3,train
BBB,2014J,254313,2,train
BBB,2014J,254612,4,train
BBB,2014J,255957,3,train
BBB,2014J,258268,4,train
BBB,2014J,258840,0,test
BBB,2014J,260137,2,train
BBB,2014J,260216,4,train
BBB,2014J,260777,1,calib
BBB,2014J,263448,4,train
BBB,2014J,264281,3,train
BBB,2014J,264694,3,train
BBB,2014J,264732,4,train
BBB,2014J,265466,1,calib
BBB,2014J,267774,1,calib
BBB,2014J,269510,1,calib
BBB,2014J,270191,3,train
BBB,2014J,271047,4,train
BBB,2014J,272000,4,train
BBB,2014J,272617,3,train
BBB,2014J,275006,0,test
BBB,2014J,275180,0,test
BBB,2014J,275296,2,train
BBB,2014J,276925,4,train
BBB,2014J,277967,4,train
BBB,2014J,279238,0,test
BBB,2014J,280054,2,train
BBB,2014J,280152,4,train
BBB,2014J,284246,0,test
BBB,2014J,284762,1,calib
BBB,2014J,285470,4,train
BBB,2014J,285992,4,train
BBB,2014J,286338,2,train
BBB,2014J,286947,2,train
BBB,2014J,288086,2,train
BBB,2014J,288655,2,train
BBB,2014J,290184,3,train
BBB,2014J,292813,4,train
BBB,2014J,293387,0,test
BBB,2014J,293989,0,test
BBB,2014J,294134,3,train
BBB,2014J,297179,1,calib
BBB,2014J,297685,1,calib
BBB,2014J,297806,1,calib
BBB,2014J,298187,4,train
BBB,2014J,298303,2,train
BBB,2014J,298961,1,calib
BBB,2014J,300819,3,train
BBB,2014J,303165,1,calib
BBB,2014J,303617,1,calib
BBB,2014J,305909,1,calib
BBB,2014J,306478,2,train
BBB,2014J,306880,3,train
BBB,2014J,308775,3,train
BBB,2014J,308850,1,calib
BBB,2014J,314252,2,train
BBB,2014J,314675,3,train
BBB,2014J,314801,3,train
BBB,2014J,316421,0,test
BBB,2014J,321450,4,train
BBB,2014J,322184,4,train
BBB,2014J,322574,2,train
BBB,2014J,327224,1,calib
BBB,2014J,327940,4,train
BBB,2014J,330917,4,train
BBB,2014J,330981,2,train
BBB,2014J,335035,2,train
BBB,2014J,335765,2,train
BBB,2014J,338554,0,test
BBB,2014J,340216,1,calib
BBB,2014J,340592,2,train
BBB,2014J,340899,3,train
BBB,2014J,341611,1,calib
BBB,2014J,342192,4,train
BBB,2014J,343138,3,train
BBB,2014J,345128,4,train
BBB,2014J,349924,4,train
BBB,2014J,350312,4,train
BBB,2014J,350797,2,train
BBB,2014J,351050,4,train
BBB,2014J,353617,0,test
BBB,2014J,357901,3,train
BBB,2014J,358001,4,train
BBB,2014J,358204,3,train
BBB,2014J,361411,3,train
BBB,2014J,363213,3,train
BBB,2014J,364527,4,train
BBB,2014J,365097,4,train
BBB,2014J,365111,0,test
BBB,2014J,366479,1,calib
BBB,2014J,366791,3,train
BBB,2014J,368521,2,train
BBB,2014J,369234,4,train
BBB,2014J,372602,4,train
BBB,2014J,373174,4,train
BBB,2014J,373846,2,train
BBB,2014J,376117,2,train
BBB,2014J,379212,0,test
BBB,2014J,379720,4,train
BBB,2014J,380515,4,train
BBB,2014J,381882,0,test
BBB,2014J,384266,0,test
BBB,2014J,385341,0,test
BBB,2014J,385405,3,train
BBB,2014J,387276,1,calib
BBB,2014J,387406,2,train
BBB,2014J,387773,3,train
BBB,2014J,388738,2,train
BBB,2014J,391937,2,train
BBB,2014J,393529,3,train
BBB,2014J,394314,2,train
BBB,2014J,395169,0,test
BBB,2014J,395320,3,train
BBB,2014J,395822,3,train
BBB,2014J,396016,0,test
BBB,2014J,396673,4,train
BBB,2014J,397414,1,calib
BBB,2014J,398071,0,test
BBB,2014J,398442,3,train
BBB,2014J,399737,0,test
BBB,2014J,400549,2,train
BBB,2014J,401317,2,train
BBB,2014J,402180,3,train
BBB,2014J,403213,0,test
BBB,2014J,404121,3,train
BBB,2014J,404415,2,train
BBB,2014J,406000,2,train
BBB,2014J,409708,3,train
BBB,2014J,411105,2,train
BBB,2014J,411150,1,calib
BBB,2014J,412081,1,calib
BBB,2014J,412343,4,train
BBB,2014J,414663,0,test
BBB,2014J,417971,1,calib
BBB,2014J,417978,2,train
BBB,2014J,417986,3,train
BBB,2014J,418077,1,calib
BBB,2014J,418206,3,train
BBB,2014J,418502,3,train
BBB,2014J,419924,1,calib
BBB,2014J,420631,4,train
BBB,2014J,423398,4,train
BBB,2014J,423613,0,test
BBB,2014J,424220,4,train
BBB,2014J,424586,1,calib
BBB,2014J,425314,3,train
BBB,2014J,425772,0,test
BBB,2014J,426340,4,train
BBB,2014J,426624,4,train
BBB,2014J,430530,3,train
BBB,2014J,433064,0,test
BBB,2014J,433939,4,train
BBB,2014J,435287,2,train
BBB,2014J,437550,0,test
BBB,2014J,439677,0,test
BBB,2014J,439806,0,test
BBB,2014J,440912,1,calib
BBB,2014J,442685,2,train
BBB,2014J,442745,0,test
BBB,2014J,444361,1,calib
BBB,2014J,444545,4,train
BBB,2014J,444768,2,train
BBB,2014J,445136,1,calib
BBB,2014J,445647,3,train
BBB,2014J,445774,2,train
BBB,2014J,446619,2,train
BBB,2014J,447124,2,train
BBB,2014J,447324,4,train
BBB,2014J,467396,4,train
BBB,2014J,469579,4,train
BBB,2014J,469803,4,train
BBB,2014J,470464,3,train
BBB,2014J,473095,4,train
BBB,2014J,473271,0,test
BBB,2014J,473444,2,train
BBB,2014J,474387,2,train
BBB,2014J,474408,1,calib
BBB,2014J,475363,2,train
BBB,2014J,476253,0,test
BBB,2014J,476769,4,train
BBB,2014J,478412,3,train
BBB,2014J,480988,2,train
BBB,2014J,481593,3,train
BBB,2014J,481790,4,train
BBB,2014J,483315,3,train
BBB,2014J,483508,3,train
BBB,2014J,483674,0,test
BBB,2014J,484158,2,train
BBB,2014J,484252,3,train
BBB,2014J,484443,4,train
BBB,2014J,484490,3,train
BBB,2014J,484550,2,train
BBB,2014J,485439,3,train
BBB,2014J,485853,4,train
BBB,2014J,486516,0,test
BBB,2014J,488242,0,test
BBB,2014J,488854,1,calib
BBB,2014J,490299,3,train
BBB,2014J,490648,1,calib
BBB,2014J,491001,1,calib
BBB,2014J,491387,4,train
BBB,2014J,492579,0,test
BBB,2014J,492592,1,calib
BBB,2014J,492676,4,train
BBB,2014J,492979,4,train
BBB,2014J,493443,3,train
BBB,2014J,493460,4,train
BBB,2014J,493609,4,train
BBB,2014J,493763,0,test
BBB,2014J,494212,0,test
BBB,2014J,495239,4,train
BBB,2014J,495489,4,train
BBB,2014J,495522,0,test
BBB,2014J,495786,4,train
BBB,2014J,496373,2,train
BBB,2014J,496381,3,train
BBB,2014J,497074,1,calib
BBB,2014J,497084,0,test
BBB,2014J,498841,0,test
BBB,2014J,499790,3,train
BBB,2014J,499819,3,train
BBB,2014J,500502,3,train
BBB,2014J,501414,0,test
BBB,2014J,502767,1,calib
BBB,2014J,503159,0,test
BBB,2014J,503663,4,train
BBB,2014J,504066,0,test
BBB,2014J,504597,1,calib
BBB,2014J,505595,2,train
BBB,2014J,505692,4,train
BBB,2014J,505871,4,train
BBB,2014J,505878,3,train
BBB,2014J,506020,3,train
BBB,2014J,506219,0,test
BBB,2014J,506679,1,calib
BBB,2014J,507014,3,train
BBB,2014J,507149,4,train
BBB,2014J,507386,1,calib
BBB,2014J,507783,1,calib
BBB,2014J,508431,0,test
BBB,2014J,509466,0,test
BBB,2014J,509578,0,test
BBB,2014J,509935,2,train
BBB,2014J,510068,3,train
BBB,2014J,510471,1,calib
BBB,2014J,511001,3,train
BBB,2014J,511295,0,test
BBB,2014J,511424,0,test
BBB,2014J,511807,2,train
BBB,2014J,511962,0,test
BBB,2014J,512411,2,train
BBB,2014J,512493,2,train
BBB,2014J,512722,3,train
BBB,2014J,513250,3,train
BBB,2014J,513751,4,train
BBB,2014J,514006,0,test
BBB,2014J,514581,4,train
BBB,2014J,515329,0,test
BBB,2014J,515349,0,test
BBB,2014J,516434,4,train
BBB,2014J,516588,4,train
BBB,2014J,517112,1,calib
BBB,2014J,518389,4,train
BBB,2014J,519995,1,calib
BBB,2014J,520024,3,train
BBB,2014J,520076,1,calib
BBB,2014J,520972,1,calib
BBB,2014J,521081,3,train
BBB,2014J,521164,0,test
BBB,2014J,522189,4,train
BBB,2014J,522381,1,calib
BBB,2014J,522478,3,train
BBB,2014J,522784,3,train
BBB,2014J,523132,4,train
BBB,2014J,523831,1,calib
BBB,2014J,523905,4,train
BBB,2014J,524043,4,train
BBB,2014J,526789,0,test
BBB,2014J,526844,2,train
BBB,2014J,527102,1,calib
BBB,2014J,527742,0,test
BBB,2014J,528432,2,train
BBB,2014J,528702,3,train
BBB,2014J,530021,0,test
BBB,2014J,530772,0,test
BBB,2014J,530941,0,test
BBB,2014J,530960,3,train
BBB,2014J,531450,0,test
BBB,2014J,531753,0,test
BBB,2014J,531865,0,test
BBB,2014J,532779,0,test
BBB,2014J,532794,2,train
BBB,2014J,533209,3,train
BBB,2014J,534428,1,calib
BBB,2014J,534588,3,train
BBB,2014J,534715,0,test
BBB,2014J,534884,3,train
BBB,2014J,535963,1,calib
BBB,2014J,536767,0,test
BBB,2014J,537194,2,train
BBB,2014J,537221,4,train
BBB,2014J,537640,4,train
BBB,2014J,539635,1,calib
BBB,2014J,539657,2,train
BBB,2014J,541123,2,train
BBB,2014J,541171,1,calib
BBB,2014J,541315,3,train
BBB,2014J,541476,2,train
BBB,2014J,541995,0,test
BBB,2014J,542164,1,calib
BBB,2014J,543439,3,train
BBB,2014J,544177,0,test
BBB,2014J,545964,0,test
BBB,2014J,546114,1,calib
BBB,2014J,546250,2,train
BBB,2014J,547408,0,test
BBB,2014J,547788,2,train
BBB,2014J,549288,1,calib
BBB,2014J,549775,0,test
BBB,2014J,549839,0,test
BBB,2014J,550081,0,test
BBB,2014J,550245,3,train
BBB,2014J,551000,4,train
BBB,2014J,551237,0,test
BBB,2014J,551242,0,test
BBB,2014J,551276,4,train
BBB,2014J,551922,4,train
BBB,2014J,552698,1,calib
BBB,2014J,553196,0,test
BBB,2014J,554048,4,train
BBB,2014J,554243,3,train
BBB,2014J,554599,4,train
BBB,2014J,555749,4,train
BBB,2014J,556290,2,train
BBB,2014J,556644,0,test
BBB,2014J,556863,2,train
BBB,2014J,557085,2,train
BBB,2014J,559344,2,train
BBB,2014J,559685,3,train
BBB,2014J,559973,2,train
BBB,2014J,560089,3,train
BBB,2014J,560208,2,train
BBB,2014J,560597,1,calib
BBB,2014J,560652,4,train
BBB,2014J,561206,1,calib
BBB,2014J,561608,4,train
BBB,2014J,561618,1,calib
BBB,2014J,561752,0,test
BBB,2014J,561773,1,calib
BBB,2014J,561798,1,calib
BBB,2014J,561979,1,calib
BBB,2014J,562239,2,train
BBB,2014J,562769,3,train
BBB,2014J,563027,2,train
BBB,2014J,563302,0,test
BBB,2014J,563820,1,calib
BBB,2014J,564115,4,train
BBB,2014J,564278,2,train
BBB,2014J,565182,2,train
BBB,2014J,565273,2,train
BBB,2014J,565575,4,train
BBB,2014J,565576,1,calib
BBB,2014J,565599,2,train
BBB,2014J,568019,3,train
BBB,2014J,568232,2,train
BBB,2014J,568749,4,train
BBB,2014J,568775,2,train
BBB,2014J,569157,4,train
BBB,2014J,569256,0,test
BBB,2014J,569589,4,train
BBB,2014J,569981,4,train
BBB,2014J,570275,3,train
BBB,2014J,570484,4,train
BBB,2014J,570692,3,train
BBB,2014J,571334,3,train
BBB,2014J,571395,4,train
BBB,2014J,571641,2,train
BBB,2014J,571868,2,train
BBB,2014J,572032,2,train
BBB,2014J,572101,1,calib
BBB,2014J,572106,3,train
BBB,2014J,572119,1,calib
BBB,2014J,572306,0,test
BBB,2014J,572371,0,test
BBB,2014J,572395,0,test
BBB,2014J,572496,4,train
BBB,2014J,572538,0,test
BBB,2014J,573130,3,train
BBB,2014J,573131,3,train
BBB,2014J,573159,1,calib
BBB,2014J,573252,1,calib
BBB,2014J,573297,4,train
BBB,2014J,573534,2,train
BBB,2014J,573554,0,test
BBB,2014J,573713,4,train
BBB,2014J,573873,3,train
BBB,2014J,573934,1,calib
BBB,2014J,574031,1,calib
BBB,2014J,574063,2,train
BBB,2014J,574244,3,train
BBB,2014J,574253,2,train
BBB,2014J,574306,2,train
BBB,2014J,574512,1,calib
BBB,2014J,574841,2,train
BBB,2014J,574849,3,train
BBB,2014J,574865,2,train
BBB,2014J,575404,0,test
BBB,2014J,575630,4,train
BBB,2014J,575892,3,train
BBB,2014J,576203,1,calib
BBB,2014J,576262,4,train
BBB,2014J,576268,0,test
BBB,2014J,576445,2,train
BBB,2014J,576689,2,train
BBB,2014J,576913,3,train
BBB,2014J,576923,2,train
BBB,2014J,577354,1,calib
BBB,2014J,577467,1,calib
BBB,2014J,577618,1,calib
BBB,2014J,577645,3,train
BBB,2014J,577728,4,train
BBB,2014J,577743,1,calib
BBB,2014J,577934,2,train
BBB,2014J,577965,2,train
BBB,2014J,578132,1,calib
BBB,2014J,578418,2,train
BBB,2014J,578439,1,calib
BBB,2014J,578445,3,train
BBB,2014J,578551,0,test
BBB,2014J,578710,4,train
BBB,2014J,578861,2,train
BBB,2014J,579031,1,calib
BBB,2014J,579161,4,train
BBB,2014J,579201,0,test
BBB,2014J,579251,3,train
BBB,2014J,579409,0,test
BBB,2014J,579486,0,test
BBB,2014J,581016,3,train
BBB,2014J,581118,2,train
BBB,2014J,581178,2,train
BBB,2014J,581235,4,train
BBB,2014J,581672,3,train
BBB,2014J,581866,1,calib
BBB,2014J,581877,2,train
BBB,2014J,582040,1,calib
BBB,2014J,582253,1,calib
BBB,2014J,582348,2,train
BBB,2014J,582460,0,test
BBB,2014J,582694,3,train
BBB,2014J,582709,2,train
BBB,2014J,582816,2,train
BBB,2014J,582898,3,train
BBB,2014J,582933,3,train
BBB,2014J,582964,3,train
BBB,2014J,583179,2,train
BBB,2014J,583775,2,train
BBB,2014J,583843,0,test
BBB,2014J,583954,1,calib
BBB,2014J,584274,3,train
BBB,2014J,584283,2,train
BBB,2014J,584509,0,test
BBB,2014J,584539,0,test
BBB,2014J,584595,0,test
BBB,2014J,584664,4,train
BBB,2014J,584733,3,train
BBB,2014J,584864,2,train
BBB,2014J,585074,4,train
BBB,2014J,585762,3,train
BBB,2014J,585963,4,train
BBB,2014J,586036,2,train
BBB,2014J,586134,1,calib
BBB,2014J,586142,1,calib
BBB,2014J,586180,2,train
BBB,2014J,586376,1,calib
BBB,2014J,586398,2,train
BBB,2014J,586502,3,train
BBB,2014J,586516,1,calib
BBB,2014J,586561,3,train
BBB,2014J,586652,0,test
BBB,2014J,586818,0,test
BBB,2014J,587037,1,calib
BBB,2014J,587054,2,train
BBB,2014J,587434,2,train
BBB,2014J,587459,1,calib
BBB,2014J,587860,2,train
BBB,2014J,588062,4,train
BBB,2014J,588166,2,train
BBB,2014J,588207,0,test
BBB,2014J,588251,3,train
BBB,2014J,588944,2,train
BBB,2014J,588991,2,train
BBB,2014J,589133,2,train
BBB,2014J,589554,4,train
BBB,2014J,589621,2,train
BBB,2014J,589935,4,train
BBB,2014J,589968,3,train
BBB,2014J,590086,3,train
BBB,2014J,590122,4,train
BBB,2014J,590416,3,train
BBB,2014J,590444,4,train
BBB,2014J,590593,4,train
BBB,2014J,590668,0,test
BBB,2014J,590764,2,train
BBB,2014J,590854,1,calib
BBB,2014J,590867,3,train
BBB,2014J,591159,1,calib
BBB,2014J,591986,4,train
BBB,2014J,591999,3,train
BBB,2014J,592090,4,train
BBB,2014J,592135,2,train
BBB,2014J,592139,0,test
BBB,2014J,592258,3,train
BBB,2014J,592262,4,train
BBB,2014J,592733,4,train
BBB,2014J,592815,4,train
BBB,2014J,593000,3,train
BBB,2014J,593346,3,train
BBB,2014J,593476,4,train
BBB,2014J,593583,1,calib
BBB,2014J,593791,0,test
BBB,2014J,593819,4,train
BBB,2014J,594083,1,calib
BBB,2014J,594282,2,train
BBB,2014J,594872,0,test
BBB,2014J,595018,2,train
BBB,2014J,595130,1,calib
BBB,2014J,595137,2,train
BBB,2014J,595365,3,train
BBB,2014J,595421,0,test
BBB,2014J,595850,1,calib
BBB,2014J,595892,0,test
BBB,2014J,596072,0,test
BBB,2014J,596128,4,train
BBB,2014J,596151,0,test
BBB,2014J,596496,2,train
BBB,2014J,596513,3,train
BBB,2014J,596728,0,test
BBB,2014J,596744,0,test
BBB,2014J,596988,3,train
BBB,2014J,597532,0,test
BBB,2014J,597539,4,train
BBB,2014J,597744,3,train
BBB,2014J,597853,4,train
BBB,2014J,598035,2,train
BBB,2014J,598201,0,test
BBB,2014J,598282,2,train
BBB,2014J,598313,3,train
BBB,2014J,598317,2,train
BBB,2014J,598395,1,calib
BBB,2014J,598581,0,test
BBB,2014J,598769,3,train
BBB,2014J,598837,1,calib
BBB,2014J,599108,3,train
BBB,2014J,599232,3,train
BBB,2014J,599323,3,train
BBB,2014J,599355,0,test
BBB,2014J,599644,1,calib
BBB,2014J,600387,4,train
BBB,2014J,600398,3,train
BBB,2014J,600404,4,train
BBB,2014J,600415,0,test
BBB,2014J,600428,2,train
BBB,2014J,600463,2,train
BBB,2014J,600606,4,train
BBB,2014J,600658,2,train
BBB,2014J,600664,4,train
BBB,2014J,601247,3,train
BBB,2014J,601285,3,train
BBB,2014J,601316,2,train
BBB,2014J,601706,0,test
BBB,2014J,601803,2,train
BBB,2014J,601874,4,train
BBB,2014J,601882,3,train
BBB,2014J,601930,3,train
BBB,2014J,601983,1,calib
BBB,2014J,602109,1,calib
BBB,2014J,602448,0,test
BBB,2014J,602471,4,train
BBB,2014J,602570,2,train
BBB,2014J,602666,1,calib
BBB,2014J,602696,0,test
BBB,2014J,602779,3,train
BBB,2014J,602865,3,train
BBB,2014J,602943,1,calib
BBB,2014J,603055,4,train
BBB,2014J,603113,1,calib
BBB,2014J,603121,2,train
BBB,2014J,603200,0,test
BBB,2014J,603203,2,train
BBB,2014J,603580,3,train
BBB,2014J,603731,3,train
BBB,2014J,603746,1,calib
BBB,2014J,603921,1,calib
BBB,2014J,604358,2,train
BBB,2014J,604725,4,train
BBB,2014J,604950,1,calib
BBB,2014J,604990,1,calib
BBB,2014J,605068,1,calib
BBB,2014J,605089,0,test
BBB,2014J,605186,0,test
BBB,2014J,605243,3,train
BBB,2014J,605383,2,train
BBB,2014J,605770,4,train
BBB,2014J,605771,3,train
BBB,2014J,605901,3,train
BBB,2014J,606004,3,train
BBB,2014J,606027,0,test
BBB,2014J,606105,1,calib
BBB,2014J,606134,1,calib
BBB,2014J,606239,4,train
BBB,2014J,606391,4,train
BBB,2014J,606442,4,train
BBB,2014J,606517,1,calib
BBB,2014J,606531,3,train
BBB,2014J,606535,0,test
BBB,2014J,606586,2,train
BBB,2014J,606861,4,train
BBB,2014J,606864,1,calib
BBB,2014J,606914,3,train
BBB,2014J,607062,4,train
BBB,2014J,607176,3,train
BBB,2014J,607603,2,train
BBB,2014J,607923,1,calib
BBB,2014J,608068,2,train
BBB,2014J,608134,1,calib
BBB,2014J,608195,4,train
BBB,2014J,608319,4,train
BBB,2014J,608448,0,test
BBB,2014J,608851,0,test
BBB,2014J,609194,2,train
BBB,2014J,609203,2,train
BBB,2014J,609403,3,train
BBB,2014J,609927,4,train
BBB,2014J,610385,0,test
BBB,2014J,610405,1,calib
BBB,2014J,610437,0,test
BBB,2014J,610470,2,train
BBB,2014J,610494,3,train
BBB,2014J,610545,2,train
BBB,2014J,611241,1,calib
BBB,2014J,611268,2,train
BBB,2014J,611275,4,train
BBB,2014J,611329,1,calib
BBB,2014J,611821,2,train
BBB,2014J,612135,1,calib
BBB,2014J,612230,1,calib
BBB,2014J,612247,1,calib
BBB,2014J,612337,0,test
BBB,2014J,612473,0,test
BBB,2014J,612566,2,train
BBB,2014J,612750,2,train
BBB,2014J,613102,3,train
BBB,2014J,613135,2,train
BBB,2014J,613380,3,train
BBB,2014J,613909,2,train
BBB,2014J,614159,1,calib
BBB,2014J,614405,2,train
BBB,2014J,615016,0,test
BBB,2014J,615165,3,train
BBB,2014J,615263,4,train
BBB,2014J,616660,4,train
BBB,2014J,617297,1,calib
BBB,2014J,617521,0,test
BBB,2014J,617525,3,train
BBB,2014J,617530,1,calib
BBB,2014J,617671,4,train
BBB,2014J,617804,0,test
BBB,2014J,617811,3,train
BBB,2014J,618197,4,train
BBB,2014J,618589,3,train
BBB,2014J,618734,2,train
BBB,2014J,618858,4,train
BBB,2014J,618960,0,test
BBB,2014J,618983,1,calib
BBB,2014J,618994,3,train
BBB,2014J,619052,2,train
BBB,2014J,619935,3,train
BBB,2014J,620000,1,calib
BBB,2014J,620115,3,train
BBB,2014J,620135,1,calib
BBB,2014J,620550,1,calib
BBB,2014J,620655,2,train
BBB,2014J,620698,2,train
BBB,2014J,621487,1,calib
BBB,2014J,621826,1,calib
BBB,2014J,621856,2,train
BBB,2014J,621899,4,train
BBB,2014J,621935,0,test
BBB,2014J,622007,4,train
BBB,2014J,622117,3,train
BBB,2014J,622313,4,train
BBB,2014J,622573,0,test
BBB,2014J,622722,4,train
BBB,2014J,623042,1,calib
BBB,2014J,623097,0,test
BBB,2014J,623319,3,train
BBB,2014J,623376,4,train
BBB,2014J,623441,3,train
BBB,2014J,623519,3,train
BBB,2014J,623648,2,train
BBB,2014J,623689,2,train
BBB,2014J,624342,0,test
BBB,2014J,624709,3,train
BBB,2014J,624795,0,test
BBB,2014J,625666,0,test
BBB,2014J,625709,4,train
BBB,2014J,625826,3,train
BBB,2014J,626012,3,train
BBB,2014J,626075,1,calib
BBB,2014J,626139,2,train
BBB,2014J,626159,0,test
BBB,2014J,626195,1,calib
BBB,2014J,626210,3,train
BBB,2014J,626597,1,calib
BBB,2014J,626646,1,calib
BBB,2014J,626660,4,train
BBB,2014J,626740,0,test
BBB,2014J,626835,3,train
BBB,2014J,627119,0,test
BBB,2014J,627269,0,test
BBB,2014J,627563,0,test
BBB,2014J,627660,3,train
BBB,2014J,627968,3,train
BBB,2014J,628388,0,test
BBB,2014J,628435,2,train
BBB,2014J,628656,2,train
BBB,2014J,628679,3,train
BBB,2014J,628819,4,train
BBB,2014J,628991,0,test
BBB,2014J,629053,2,train
BBB,2014J,629127,2,train
BBB,2014J,629245,3,train
BBB,2014J,629553,0,test
BBB,2014J,630274,4,train
BBB,2014J,630286,3,train
BBB,2014J,630343,2,train
BBB,2014J,630404,0,test
BBB,2014J,630465,1,calib
BBB,2014J,630597,4,train
BBB,2014J,630697,3,train
BBB,2014J,630716,0,test
BBB,2014J,630773,2,train
BBB,2014J,630834,4,train
BBB,2014J,631230,2,train
BBB,2014J,631248,3,train
BBB,2014J,631266,3,train
BBB,2014J,631416,4,train
BBB,2014J,631561,4,train
BBB,2014J,631640,1,calib
BBB,2014J,631775,2,train
BBB,2014J,631954,3,train
BBB,2014J,632144,2,train
BBB,2014J,632255,3,train
BBB,2014J,632281,1,calib
BBB,2014J,632431,0,test
BBB,2014J,632473,3,train
BBB,2014J,632605,0,test
BBB,2014J,632632,0,test
BBB,2014J,632722,3,train
BBB,2014J,632955,4,train
BBB,2014J,633016,1,calib
BBB,2014J,633206,3,train
BBB,2014J,633902,4,train
BBB,2014J,633949,0,test
BBB,2014J,634247,2,train
BBB,2014J,634636,1,calib
BBB,2014J,634772,4,train
BBB,2014J,635251,4,train
BBB,2014J,635328,3,train
BBB,2014J,635425,3,train
BBB,2014J,635452,0,test
BBB,2014J,635561,1,calib
BBB,2014J,635716,2,train
BBB,2014J,635777,2,train
BBB,2014J,635890,2,train
BBB,2014J,635921,3,train
BBB,2014J,635924,0,test
BBB,2014J,636064,0,test
BBB,2014J,636302,1,calib
BBB,2014J,636525,1,calib
BBB,2014J,636660,3,train
BBB,2014J,636807,2,train
BBB,2014J,636953,1,calib
BBB,2014J,637003,3,train
BBB,2014J,637063,1,calib
BBB,2014J,637238,0,test
BBB,2014J,637279,2,train
BBB,2014J,637295,4,train
BBB,2014J,637348,3,train
BBB,2014J,637370,4,train
BBB,2014J,637382,0,test
BBB,2014J,637388,1,calib
BBB,2014J,637414,3,train
BBB,2014J,637586,2,train
BBB,2014J,637715,0,test
BBB,2014J,637810,1,calib
BBB,2014J,637815,0,test
BBB,2014J,637820,3,train
BBB,2014J,637867,0,test
BBB,2014J,637903,1,calib
BBB,2014J,638036,1,calib
BBB,2014J,638417,0,test
BBB,2014J,638516,2,train
BBB,2014J,638544,0,test
BBB,2014J,638554,2,train
BBB,2014J,638575,1,calib
BBB,2014J,638756,3,train
BBB,2014J,638818,2,train
BBB,2014J,638997,1,calib
BBB,2014J,639659,2,train
BBB,2014J,639663,3,train
BBB,2014J,639724,0,test
BBB,2014J,640225,4,train
BBB,2014J,640265,0,test
BBB,2014J,640289,3,train
BBB,2014J,640291,2,train
BBB,2014J,640330,1,calib
BBB,2014J,640425,0,test
BBB,2014J,640455,2,train
BBB,2014J,640501,0,test
BBB,2014J,640701,2,train
BBB,2014J,640706,3,train
BBB,2014J,640712,4,train
BBB,2014J,640753,4,train
BBB,2014J,641045,4,train
BBB,2014J,641262,0,test
BBB,2014J,641329,2,train
BBB,2014J,641540,3,train
BBB,2014J,641616,2,train
BBB,2014J,641795,3,train
BBB,2014J,641840,0,test
BBB,2014J,641992,0,test
BBB,2014J,642067,4,train
BBB,2014J,642075,0,test
BBB,2014J,642083,1,calib
BBB,2014J,642122,1,calib
BBB,2014J,642201,0,test
BBB,2014J,642250,4,train
BBB,2014J,642292,4,train
BBB,2014J,642405,3,train
BBB,2014J,642413,4,train
BBB,2014J,642439,0,test
BBB,2014J,642550,3,train
BBB,2014J,642595,0,test
BBB,2014J,642600,2,train
BBB,2014J,642633,0,test
BBB,2014J,642698,4,train
BBB,2014J,642731,2,train
BBB,2014J,642802,2,train
BBB,2014J,642834,0,test
BBB,2014J,642836,1,calib
BBB,2014J,642988,2,train
BBB,2014J,643172,0,test
BBB,2014J,643208,2,train
BBB,2014J,643321,1,calib
BBB,2014J,643354,4,train
BBB,2014J,643587,2,train
BBB,2014J,643608,4,train
BBB,2014J,643953,2,train
BBB,2014J,643986,4,train
BBB,2014J,644069,3,train
BBB,2014J,644101,1,calib
BBB,2014J,644164,2,train
BBB,2014J,644172,4,train
BBB,2014J,644362,3,train
BBB,2014J,644482,2,train
BBB,2014J,644484,3,train
BBB,2014J,644599,3,train
BBB,2014J,644793,3,train
BBB,2014J,644822,1,calib
BBB,2014J,644863,0,test
BBB,2014J,644883,2,train
BBB,2014J,644975,3,train
BBB,2014J,644993,3,train
BBB,2014J,645042,2,train
BBB,2014J,645047,3,train
BBB,2014J,645052,1,calib
BBB,2014J,645098,1,calib
BBB,2014J,645183,1,calib
BBB,2014J,645248,4,train
BBB,2014J,645256,0,test
BBB,2014J,645359,4,train
BBB,2014J,645370,0,test
BBB,2014J,645371,1,calib
BBB,2014J,645420,3,train
BBB,2014J,645510,4,train
BBB,2014J,645639,4,train
BBB,2014J,645678,0,test
BBB,2014J,645753,1,calib
BBB,2014J,645793,1,calib
BBB,2014J,645950,1,calib
BBB,2014J,645996,4,train
BBB,2014J,646004,0,test
BBB,2014J,646063,3,train
BBB,2014J,646075,2,train
BBB,2014J,646119,2,train
BBB,2014J,646133,2,train
BBB,2014J,646151,1,calib
BBB,2014J,646178,3,train
BBB,2014J,646202,4,train
BBB,2014J,646260,2,train
BBB,2014J,646352,2,train
BBB,2014J,646415,0,test
BBB,2014J,646418,2,train
BBB,2014J,646445,1,calib
BBB,2014J,646455,2,train
BBB,2014J,646482,2,train
BBB,2014J,646484,4,train
BBB,2014J,646515,2,train
BBB,2014J,646579,0,test
BBB,2014J,646580,3,train
BBB,2014J,646618,1,calib
BBB,2014J,646636,2,train
BBB,2014J,646659,3,train
BBB,2014J,646691,1,calib
BBB,2014J,646770,0,test
BBB,2014J,646776,1,calib
BBB,2014J,646781,3,train
BBB,2014J,646798,4,train
BBB,2014J,646844,2,train
BBB,2014J,646852,3,train
BBB,2014J,646901,1,calib
BBB,2014J,646906,4,train
BBB,2014J,647056,0,test
BBB,2014J,647126,4,train
BBB,2014J,647200,1,calib
BBB,2014J,647220,4,train
BBB,2014J,647312,2,train
BBB,2014J,647346,3,train
BBB,2014J,647385,4,train
BBB,2014J,647393,2,train
BBB,2014J,647395,3,train
BBB,2014J,647502,1,calib
BBB,2014J,647511,0,test
BBB,2014J,647553,1,calib
BBB,2014J,647711,2,train
BBB,2014J,647740,1,calib
BBB,2014J,647762,3,train
BBB,2014J,647764,2,train
BBB,2014J,647774,0,test
BBB,2014J,647803,3,train
BBB,2014J,647807,0,test
BBB,2014J,647864,4,train
BBB,2014J,647876,0,test
BBB,2014J,647883,3,train
BBB,2014J,647940,4,train
BBB,2014J,647964,1,calib
BBB,2014J,647967,0,test
BBB,2014J,647982,2,train
BBB,2014J,647993,4,train
BBB,2014J,647999,0,test
BBB,2014J,648063,2,train
BBB,2014J,648082,4,train
BBB,2014J,648119,1,calib
BBB,2014J,648120,2,train
BBB,2014J,648127,3,train
BBB,2014J,648131,0,test
BBB,2014J,648135,1,calib
BBB,2014J,648182,4,train
BBB,2014J,648194,1,calib
BBB,2014J,648201,2,train
BBB,2014J,648203,3,train
BBB,2014J,648238,4,train
BBB,2014J,648247,2,train
BBB,2014J,648262,0,test
BBB,2014J,648310,1,calib
BBB,2014J,648311,4,train
BBB,2014J,648317,2,train
BBB,2014J,648335,2,train
BBB,2014J,648386,3,train
BBB,2014J,648391,4,train
BBB,2014J,648416,0,test
BBB,2014J,648449,1,calib
BBB,2014J,648476,0,test
BBB,2014J,648487,4,train
BBB,2014J,648519,2,train
BBB,2014J,648537,0,test
BBB,2014J,648543,1,calib
BBB,2014J,648549,2,train
BBB,2014J,648553,3,train
BBB,2014J,648556,4,train
BBB,2014J,648585,4,train
BBB,2014J,648589,3,train
BBB,2014J,648596,0,test
BBB,2014J,648640,1,calib
BBB,2014J,648676,0,test
BBB,2014J,648693,3,train
BBB,2014J,648709,0,test
BBB,2014J,648713,3,train
BBB,2014J,648728,4,train
BBB,2014J,648751,0,test
BBB,2014J,648754,0,test
BBB,2014J,648760,4,train
BBB,2014J,648778,1,calib
BBB,2014J,648807,3,train
BBB,2014J,648820,2,train
BBB,2014J,648845,1,calib
BBB,2014J,648928,2,train
BBB,2014J,648951,1,calib
BBB,2014J,648961,3,train
BBB,2014J,648985,2,train
BBB,2014J,649000,4,train
BBB,2014J,649018,4,train
BBB,2014J,649025,1,calib
BBB,2014J,649026,0,test
BBB,2014J,649027,1,calib
BBB,2014J,649110,0,test
BBB,2014J,649119,1,calib
BBB,2014J,649189,0,test
BBB,2014J,649209,3,train
BBB,2014J,649221,1,calib
BBB,2014J,649231,0,test
BBB,2014J,649247,2,train
BBB,2014J,649278,4,train
BBB,2014J,649291,2,train
BBB,2014J,649345,2,train
BBB,2014J,649351,0,test
BBB,2014J,649444,0,test
BBB,2014J,649518,0,test
BBB,2014J,649542,1,calib
BBB,2014J,649543,4,train
BBB,2014J,649578,0,test
BBB,2014J,649621,1,calib
BBB,2014J,649638,4,train
BBB,2014J,649654,1,calib
BBB,2014J,649686,4,train
BBB,2014J,649692,0,test
BBB,2014J,649731,3,train
BBB,2014J,649742,2,train
BBB,2014J,649749,4,train
BBB,2014J,649795,1,calib
BBB,2014J,649824,0,test
BBB,2014J,649886,3,train
BBB,2014J,649905,2,train
BBB,2014J,649962,1,calib
BBB,2014J,649980,3,train
BBB,2014J,650050,1,calib
BBB,2014J,650090,3,train
BBB,2014J,650114,1,calib
BBB,2014J,650121,4,train
BBB,2014J,650161,1,calib
BBB,2014J,650181,0,test
BBB,2014J,650247,1,calib
BBB,2014J,650269,0,test
BBB,2014J,650354,2,train
BBB,2014J,650357,3,train
BBB,2014J,650371,0,test
BBB,2014J,650433,4,train
BBB,2014J,650451,2,train
BBB,2014J,650517,4,train
BBB,2014J,650531,3,train
BBB,2014J,650548,4,train
BBB,2014J,650565,3,train
BBB,2014J,650606,2,train
BBB,2014J,650676,1,calib
BBB,2014J,650746,3,train
BBB,2014J,650797,3,train
BBB,2014J,650953,2,train
BBB,2014J,650958,4,train
BBB,2014J,650961,4,train
BBB,2014J,650964,1,calib
BBB,2014J,650979,2,train
BBB,2014J,651004,1,calib
BBB,2014J,651008,3,train
BBB,2014J,651027,4,train
BBB,2014J,651030,0,test
BBB,2014J,651065,4,train
BBB,2014J,651087,3,train
BBB,2014J,651089,0,test
BBB,2014J,651148,0,test
BBB,2014J,651177,0,test
BBB,2014J,651209,0,test
BBB,2014J,651257,1,calib
BBB,2014J,651278,3,train
BBB,2014J,651324,1,calib
BBB,2014J,651359,4,train
BBB,2014J,651394,3,train
BBB,2014J,651415,1,calib
BBB,2014J,651429,4,train
BBB,2014J,651520,4,train
BBB,2014J,651544,0,test
BBB,2014J,651586,2,train
BBB,2014J,651605,3,train
BBB,2014J,651609,0,test
BBB,2014J,651610,1,calib
BBB,2014J,651655,3,train
BBB,2014J,651659,4,train
BBB,2014J,651678,3,train
BBB,2014J,651775,3,train
BBB,2014J,651778,1,calib
BBB,2014J,651798,2,train
BBB,2014J,651801,4,train
BBB,2014J,651814,4,train
BBB,2014J,651831,1,calib
BBB,2014J,651863,3,train
BBB,2014J,651883,0,test
BBB,2014J,651925,4,train
BBB,2014J,651939,3,train
BBB,2014J,651974,4,train
BBB,2014J,651979,3,train
BBB,2014J,651980,0,test
BBB,2014J,651991,2,train
BBB,2014J,652006,1,calib
BBB,2014J,652017,3,train
BBB,2014J,652044,2,train
BBB,2014J,652090,3,train
BBB,2014J,652105,1,calib
BBB,2014J,652114,3,train
BBB,2014J,652130,4,train
BBB,2014J,652149,0,test
BBB,2014J,652156,2,train
BBB,2014J,652158,1,calib
BBB,2014J,652226,3,train
BBB,2014J,652288,3,train
BBB,2014J,652315,4,train
BBB,2014J,652366,3,train
BBB,2014J,652390,2,train
BBB,2014J,652522,4,train
BBB,2014J,652533,3,train
BBB,2014J,652553,1,calib
BBB,2014J,652556,2,train
BBB,2014J,652558,4,train
BBB,2014J,652572,3,train
BBB,2014J,652584,1,calib
BBB,2014J,652585,1,calib
BBB,2014J,652586,4,train
BBB,2014J,652605,4,train
BBB,2014J,652731,2,train
BBB,2014J,652744,3,train
BBB,2014J,652754,0,test
BBB,2014J,652803,0,test
BBB,2014J,652818,1,calib
BBB,2014J,652851,0,test
BBB,2014J,652886,4,train
BBB,2014J,652906,0,test
BBB,2014J,652933,3,train
BBB,2014J,652969,4,train
BBB,2014J,653027,1,calib
BBB,2014J,653034,3,train
BBB,2014J,653052,2,train
BBB,2014J,653059,0,test
BBB,2014J,653068,3,train
BBB,2014J,653086,4,train
BBB,2014J,653097,1,calib
BBB,2014J,653188,1,calib
BBB,2014J,653193,2,train
BBB,2014J,653239,3,train
BBB,2014J,653240,2,train
BBB,2014J,653244,4,train
BBB,2014J,653262,3,train
BBB,2014J,653295,2,train
BBB,2014J,653384,1,calib
BBB,2014J,653385,2,train
BBB,2014J,653465,1,calib
BBB,2014J,653541,0,test
BBB,2014J,653551,3,train
BBB,2014J,653577,1,calib
BBB,2014J,653597,3,train
BBB,2014J,653633,4,train
BBB,2014J,653664,3,train
BBB,2014J,653702,1,calib
BBB,2014J,653730,0,test
BBB,2014J,653752,2,train
BBB,2014J,653762,0,test
BBB,2014J,653826,1,calib
BBB,2014J,653840,1,calib
BBB,2014J,653870,4,train
BBB,2014J,653944,2,train
BBB,2014J,653951,3,train
BBB,2014J,653952,4,train
BBB,2014J,653958,0,test
BBB,2014J,654001,2,train
BBB,2014J,654005,0,test
BBB,2014J,654043,4,train
BBB,2014J,654071,2,train
BBB,2014J,654206,2,train
BBB,2014J,654214,4,train
BBB,2014J,654256,1,calib
BBB,2014J,654259,3,train
BBB,2014J,654265,4,train
BBB,2014J,654333,3,train
BBB,2014J,654392,0,test
BBB,2014J,654404,3,train
BBB,2014J,654415,0,test
BBB,2014J,654422,2,train
BBB,2014J,654524,1,calib
BBB,2014J,654545,3,train
BBB,2014J,654585,4,train
BBB,2014J,654639,3,train
BBB,2014J,654657,2,train
BBB,2014J,654678,3,train
BBB,2014J,654796,3,train
BBB,2014J,654856,3,train
BBB,2014J,654913,3,train
BBB,2014J,654923,3,train
BBB,2014J,654958,0,test
BBB,2014J,655084,1,calib
BBB,2014J,655086,2,train
BBB,2014J,655152,3,train
BBB,2014J,655155,4,train
BBB,2014J,655224,3,train
BBB,2014J,655230,1,calib
BBB,2014J,655296,4,train
BBB,2014J,655314,0,test
BBB,2014J,655342,2,train
BBB,2014J,655406,2,train
BBB,2014J,655414,4,train
BBB,2014J,655460,3,train
BBB,2014J,655471,4,train
BBB,2014J,655546,3,train
BBB,2014J,655547,4,train
BBB,2014J,655572,4,train
BBB,2014J,655605,0,test
BBB,2014J,655613,3,train
BBB,2014J,655662,3,train
BBB,2014J,655668,4,train
BBB,2014J,655828,2,train
BBB,2014J,655829,2,train
BBB,2014J,655878,4,train
BBB,2014J,655992,2,train
BBB,2014J,656067,0,test
BBB,2014J,656089,0,test
BBB,2014J,656112,0,test
BBB,2014J,656122,4,train
BBB,2014J,656129,2,train
BBB,2014J,656181,2,train
BBB,2014J,656187,4,train
BBB,2014J,656190,0,test
BBB,2014J,656194,1,calib
BBB,2014J,656196,3,train
BBB,2014J,656197,2,train
BBB,2014J,656200,3,train
BBB,2014J,656204,1,calib
BBB,2014J,656206,2,train
BBB,2014J,656208,3,train
BBB,2014J,656217,4,train
BBB,2014J,656222,2,train
BBB,2014J,656227,3,train
BBB,2014J,656228,0,test
BBB,2014J,656253,4,train
BBB,2014J,656276,0,test
BBB,2014J,656352,1,calib
BBB,2014J,656373,0,test
BBB,2014J,656386,1,calib
BBB,2014J,656412,4,train
BBB,2014J,656453,2,train
BBB,2014J,656455,1,calib
BBB,2014J,656472,0,test
BBB,2014J,656475,3,train
BBB,2014J,656481,4,train
BBB,2014J,656494,0,test
BBB,2014J,656522,0,test
BBB,2014J,656540,0,test
BBB,2014J,656549,2,train
BBB,2014J,656557,3,train
BBB,2014J,656566,3,train
BBB,2014J,656576,0,test
BBB,2014J,656681,1,calib
BBB,2014J,656698,4,train
BBB,2014J,656711,0,test
BBB,2014J,656755,2,train
BBB,2014J,656784,2,train
BBB,2014J,656873,3,train
BBB,2014J,656915,4,train
BBB,2014J,656990,3,train
BBB,2014J,657032,1,calib
BBB,2014J,657099,0,test
BBB,2014J,657290,1,calib
BBB,2014J,657293,2,train
BBB,2014J,674201,2,train
BBB,2014J,674214,0,test
BBB,2014J,674276,2,train
BBB,2014J,674280,0,test
BBB,2014J,674290,1,calib
BBB,2014J,674319,4,train
BBB,2014J,674322,3,train
BBB,2014J,674323,4,train
BBB,2014J,674349,1,calib
BBB,2014J,674495,1,calib
BBB,2014J,674501,2,train
BBB,2014J,674502,0,test
BBB,2014J,674548,2,train
BBB,2014J,674576,2,train
BBB,2014J,674605,1,calib
BBB,2014J,674616,3,train
BBB,2014J,674643,2,train
BBB,2014J,674746,0,test
BBB,2014J,674748,1,calib
BBB,2014J,674758,0,test
BBB,2014J,674777,3,train
BBB,2014J,674784,4,train
BBB,2014J,674922,4,train
BBB,2014J,674960,3,train
BBB,2014J,675042,4,train
BBB,2014J,675047,0,test
BBB,2014J,675059,3,train
BBB,2014J,675085,1,calib
BBB,2014J,675094,2,train
BBB,2014J,675096,3,train
BBB,2014J,675116,1,calib
BBB,2014J,675159,3,train
BBB,2014J,675161,0,test
BBB,2014J,675165,2,train
BBB,2014J,675178,3,train
BBB,2014J,675223,0,test
BBB,2014J,675231,1,calib
BBB,2014J,675246,4,train
BBB,2014J,675526,4,train
BBB,2014J,675576,4,train
BBB,2014J,675627,2,train
BBB,2014J,675671,0,test
BBB,2014J,675673,2,train
BBB,2014J,675728,4,train
BBB,2014J,675750,3,train
BBB,2014J,675807,3,train
BBB,2014J,675922,2,train
BBB,2014J,675929,1,calib
BBB,2014J,676011,0,test
BBB,2014J,676093,1,calib
BBB,2014J,676151,1,calib
BBB,2014J,676169,4,train
BBB,2014J,676176,1,calib
BBB,2014J,676258,4,train
BBB,2014J,676322,4,train
BBB,2014J,676350,2,train
BBB,2014J,676376,0,test
BBB,2014J,676401,4,train
BBB,2014J,676420,0,test
BBB,2014J,676428,1,calib
BBB,2014J,676604,3,train
BBB,2014J,676633,1,calib
BBB,2014J,676705,0,test
BBB,2014J,676750,2,train
BBB,2014J,676785,1,calib
BBB,2014J,676898,3,train
BBB,2014J,676948,2,train
BBB,2014J,676962,2,train
BBB,2014J,676969,4,train
BBB,2014J,676973,3,train
BBB,2014J,677004,4,train
BBB,2014J,677039,3,train
BBB,2014J,677154,4,train
BBB,2014J,677190,3,train
BBB,2014J,677201,1,calib
BBB,2014J,677203,2,train
BBB,2014J,677230,3,train
BBB,2014J,677338,4,train
BBB,2014J,677411,0,test
BBB,2014J,677462,3,train
BBB,2014J,677498,4,train
BBB,2014J,677630,0,test
BBB,2014J,677706,3,train
BBB,2014J,677744,1,calib
BBB,2014J,677846,3,train
BBB,2014J,677864,4,train
BBB,2014J,677873,2,train
BBB,2014J,677877,3,train
BBB,2014J,677879,1,calib
BBB,2014J,677892,2,train
BBB,2014J,677922,3,train
BBB,2014J,677950,0,test
BBB,2014J,677997,2,train
BBB,2014J,678016,1,calib
BBB,2014J,678025,3,train
BBB,2014J,678038,4,train
BBB,2014J,678057,2,train
BBB,2014J,678080,2,train
BBB,2014J,678085,0,test
BBB,2014J,678105,0,test
BBB,2014J,678107,1,calib
BBB,2014J,678109,3,train
BBB,2014J,678110,1,calib
BBB,2014J,678114,2,train
BBB,2014J,678144,4,train
BBB,2014J,678212,3,train
BBB,2014J,678213,4,train
BBB,2014J,678244,2,train
BBB,2014J,678246,0,test
BBB,2014J,678278,4,train
BBB,2014J,678283,1,calib
BBB,2014J,678314,1,calib
BBB,2014J,678327,2,train
BBB,2014J,678328,4,train
BBB,2014J,678335,3,train
BBB,2014J,678367,1,calib
BBB,2014J,678373,2,train
BBB,2014J,678398,2,train
BBB,2014J,678444,4,train
BBB,2014J,678550,1,calib
BBB,2014J,678575,2,train
BBB,2014J,678578,4,train
BBB,2014J,678585,3,train
BBB,2014J,678623,3,train
BBB,2014J,678661,1,calib
BBB,2014J,678680,3,train
BBB,2014J,678688,4,train
BBB,2014J,678702,0,test
BBB,2014J,678770,2,train
BBB,2014J,678777,1,calib
BBB,2014J,678795,4,train
BBB,2014J,678801,0,test
BBB,2014J,678815,0,test
BBB,2014J,678906,3,train
BBB,2014J,678953,1,calib
BBB,2014J,678955,4,train
BBB,2014J,678975,2,train
BBB,2014J,678995,4,train
BBB,2014J,679057,3,train
BBB,2014J,679059,4,train
BBB,2014J,679174,4,train
BBB,2014J,679218,0,test
BBB,2014J,679232,2,train
BBB,2014J,679439,0,test
BBB,2014J,679457,1,calib
BBB,2014J,679504,0,test
BBB,2014J,679528,1,calib
BBB,2014J,679559,1,calib
BBB,2014J,679568,3,train
BBB,2014J,679675,4,train
BBB,2014J,679716,1,calib
BBB,2014J,679724,2,train
BBB,2014J,679726,3,train
BBB,2014J,679747,0,test
BBB,2014J,679798,3,train
BBB,2014J,679828,0,test
BBB,2014J,679918,0,test
BBB,2014J,679919,2,train
BBB,2014J,679967,3,train
BBB,2014J,679971,2,train
BBB,2014J,679989,3,train
BBB,2014J,680009,1,calib
BBB,2014J,680110,2,train
BBB,2014J,680146,2,train
BBB,2014J,680162,0,test
BBB,2014J,680174,1,calib
BBB,2014J,680219,2,train
BBB,2014J,680290,3,train
BBB,2014J,680453,1,calib
BBB,2014J,680471,4,train
BBB,2014J,680522,3,train
BBB,2014J,680530,0,test
BBB,2014J,680541,1,calib
BBB,2014J,680545,2,train
BBB,2014J,680559,4,train
BBB,2014J,680560,2,train
BBB,2014J,680591,1,calib
BBB,2014J,680723,2,train
BBB,2014J,680732,3,train
BBB,2014J,680787,3,train
BBB,2014J,680798,1,calib
BBB,2014J,680816,4,train
BBB,2014J,680862,4,train
BBB,2014J,680878,1,calib
BBB,2014J,680918,3,train
BBB,2014J,680926,0,test
BBB,2014J,680959,3,train
BBB,2014J,680970,0,test
BBB,2014J,680991,3,train
BBB,2014J,681016,0,test
BBB,2014J,681089,1,calib
BBB,2014J,681150,3,train
BBB,2014J,681166,2,train
BBB,2014J,681222,1,calib
BBB,2014J,681289,4,train
BBB,2014J,681384,1,calib
BBB,2014J,681566,3,train
BBB,2014J,681581,4,train
BBB,2014J,681710,2,train
BBB,2014J,681716,2,train
BBB,2014J,681752,1,calib
BBB,2014J,681798,4,train
BBB,2014J,681961,4,train
BBB,2014J,681964,3,train
BBB,2014J,681971,1,calib
BBB,2014J,681984,4,train
BBB,2014J,682051,4,train
BBB,2014J,682056,3,train
BBB,2014J,682058,4,train
BBB,2014J,682107,2,train
BBB,2014J,682163,3,train
BBB,2014J,682223,0,test
BBB,2014J,682289,1,calib
BBB,2014J,682316,4,train
BBB,2014J,682343,1,calib
BBB,2014J,682364,4,train
BBB,2014J,682366,1,calib
BBB,2014J,682375,2,train
BBB,2014J,682409,3,train
BBB,2014J,682480,2,train
BBB,2014J,682483,4,train
BBB,2014J,682538,4,train
BBB,2014J,682627,0,test
BBB,2014J,682728,4,train
BBB,2014J,682731,0,test
BBB,2014J,682887,0,test
BBB,2014J,682913,4,train
BBB,2014J,683002,2,train
BBB,2014J,683054,1,calib
BBB,2014J,683120,4,train
BBB,2014J,683140,2,train
BBB,2014J,683145,0,test
BBB,2014J,683164,1,calib
BBB,2014J,683172,1,calib
BBB,2014J,683202,4,train
BBB,2014J,683275,3,train
BBB,2014J,683301,4,train
BBB,2014J,683315,1,calib
BBB,2014J,683338,2,train
BBB,2014J,683420,4,train
BBB,2014J,683465,0,test
BBB,2014J,683536,3,train
BBB,2014J,683548,1,calib
BBB,2014J,683592,4,train
BBB,2014J,683618,1,calib
BBB,2014J,683630,1,calib
BBB,2014J,683664,3,train
BBB,2014J,683705,0,test
BBB,2014J,683742,3,train
BBB,2014J,683768,4,train
BBB,2014J,683779,3,train
BBB,2014J,683783,1,calib
BBB,2014J,683792,2,train
BBB,2014J,683802,0,test
BBB,2014J,683817,3,train
BBB,2014J,683838,4,train
BBB,2014J,683935,0,test
BBB,2014J,683947,2,train
BBB,2014J,683987,0,test
BBB,2014J,683993,1,calib
BBB,2014J,684055,0,test
BBB,2014J,684072,2,train
BBB,2014J,684098,0,test
BBB,2014J,684184,4,train
BBB,2014J,684250,1,calib
BBB,2014J,684273,1,calib
BBB,2014J,684319,4,train
BBB,2014J,684329,4,train
BBB,2014J,684375,2,train
BBB,2014J,684420,2,train
BBB,2014J,684459,2,train
BBB,2014J,684467,3,train
BBB,2014J,684502,2,train
BBB,2014J,684525,0,test
BBB,2014J,684607,1,calib
BBB,2014J,684615,2,train
BBB,2014J,684641,0,test
BBB,2014J,684681,3,train
BBB,2014J,684687,4,train
BBB,2014J,684704,2,train
BBB,2014J,684736,1,calib
BBB,2014J,684833,3,train
BBB,2014J,684890,3,train
BBB,2014J,684931,4,train
BBB,2014J,684971,2,train
BBB,2014J,684982,4,train
BBB,2014J,685000,2,train
BBB,2014J,685009,4,train
BBB,2014J,685052,4,train
BBB,2014J,685079,1,calib
BBB,2014J,685201,3,train
BBB,2014J,685228,0,test
BBB,2014J,685257,3,train
BBB,2014J,685267,2,train
BBB,2014J,685318,2,train
BBB,2014J,685391,2,train
BBB,2014J,685453,0,test
BBB,2014J,685506,0,test
BBB,2014J,685592,3,train
BBB,2014J,685599,1,calib
BBB,2014J,685602,0,test
BBB,2014J,685653,3,train
BBB,2014J,685702,3,train
BBB,2014J,685740,1,calib
BBB,2014J,685776,4,train
BBB,2014J,685779,1,calib
BBB,2014J,685812,3,train
BBB,2014J,685829,1,calib
BBB,2014J,685830,2,train
BBB,2014J,685841,1,calib
BBB,2014J,685842,0,test
BBB,2014J,685861,4,train
BBB,2014J,685900,4,train
BBB,2014J,686074,2,train
BBB,2014J,686093,4,train
BBB,2014J,686128,3,train
BBB,2014J,686182,4,train
BBB,2014J,686191,0,test
BBB,2014J,686200,2,train
BBB,2014J,686201,3,train
BBB,2014J,686266,2,train
BBB,2014J,686286,4,train
BBB,2014J,686378,2,train
BBB,2014J,686402,3,train
BBB,2014J,686530,3,train
BBB,2014J,686596,3,train
BBB,2014J,686633,0,test
BBB,2014J,686667,2,train
BBB,2014J,686670,4,train
BBB,2014J,686688,0,test
BBB,2014J,686703,4,train
BBB,2014J,686725,1,calib
BBB,2014J,686752,0,test
BBB,2014J,686762,4,train
BBB,2014J,686791,0,test
BBB,2014J,686822,4,train
BBB,2014J,686837,1,calib
BBB,2014J,686938,0,test
BBB,2014J,686940,2,train
BBB,2014J,686953,0,test
BBB,2014J,686987,3,train
BBB,2014J,687004,0,test
BBB,2014J,687030,2,train
BBB,2014J,687037,0,test
BBB,2014J,687060,2,train
BBB,2014J,687105,3,train
BBB,2014J,687122,2,train
BBB,2014J,687154,1,calib
BBB,2014J,687157,3,train
BBB,2014J,687173,2,train
BBB,2014J,687185,4,train
BBB,2014J,687217,1,calib
BBB,2014J,687256,0,test
BBB,2014J,687301,4,train
BBB,2014J,687326,4,train
BBB,2014J,687369,4,train
BBB,2014J,687378,0,test
BBB,2014J,687379,3,train
BBB,2014J,687402,4,train
BBB,2014J,687404,1,calib
BBB,2014J,687406,1,calib
BBB,2014J,687421,3,train
BBB,2014J,687444,0,test
BBB,2014J,687533,1,calib
BBB,2014J,687566,3,train
BBB,2014J,687575,0,test
BBB,2014J,687578,1,calib
BBB,2014J,687683,1,calib
BBB,2014J,687688,3,train
BBB,2014J,687769,2,train
BBB,2014J,687822,1,calib
BBB,2014J,687977,1,calib
BBB,2014J,687978,2,train
BBB,2014J,688000,4,train
BBB,2014J,688011,3,train
BBB,2014J,688106,1,calib
BBB,2014J,688130,1,calib
BBB,2014J,688135,3,train
BBB,2014J,688144,0,test
BBB,2014J,688167,3,train
BBB,2014J,688208,3,train
BBB,2014J,688263,3,train
BBB,2014J,688301,0,test
BBB,2014J,688376,2,train
BBB,2014J,688398,1,calib
BBB,2014J,688513,2,train
BBB,2014J,688519,3,train
BBB,2014J,688522,3,train
BBB,2014J,688545,1,calib
BBB,2014J,688599,4,train
BBB,2014J,688600,3,train
BBB,2014J,688638,1,calib
BBB,2014J,688710,2,train
BBB,2014J,688927,3,train
BBB,2014J,688954,4,train
BBB,2014J,688997,2,train
BBB,2014J,689069,3,train
BBB,2014J,689089,0,test
BBB,2014J,689094,1,calib
BBB,2014J,689095,2,train
BBB,2014J,689097,3,train
BBB,2014J,689107,2,train
BBB,2014J,689112,3,train
BBB,2014J,689113,4,train
BBB,2014J,689124,0,test
BBB,2014J,689129,1,calib
BBB,2014J,689131,0,test
BBB,2014J,689132,2,train
BBB,2014J,689139,4,train
BBB,2014J,689141,1,calib
BBB,2014J,689147,1,calib
BBB,2014J,689148,0,test
BBB,2014J,689157,2,train
BBB,2014J,689173,0,test
BBB,2014J,689178,2,train
BBB,2014J,689180,4,train
BBB,2014J,689185,1,calib
BBB,2014J,689187,3,train
BBB,2014J,689228,4,train
BBB,2014J,689230,4,train
BBB,2014J,689265,3,train
BBB,2014J,689267,0,test
BBB,2014J,689274,1,calib
BBB,2014J,689287,3,train
BBB,2014J,689298,1,calib
BBB,2014J,689329,2,train
BBB,2014J,689333,4,train
BBB,2014J,689350,2,train
BBB,2014J,689397,4,train
BBB,2014J,689406,2,train
BBB,2014J,689478,4,train
BBB,2014J,689487,1,calib
BBB,2014J,689493,1,calib
BBB,2014J,689563,2,train
BBB,2014J,689628,2,train
BBB,2014J,689662,1,calib
BBB,2014J,689665,3,train
BBB,2014J,689727,4,train
BBB,2014J,689768,4,train
BBB,2014J,689775,0,test
BBB,2014J,689778,2,train
BBB,2014J,689808,1,calib
BBB,2014J,689828,4,train
BBB,2014J,689896,0,test
BBB,2014J,689925,4,train
BBB,2014J,689936,2,train
BBB,2014J,689952,1,calib
BBB,2014J,689975,3,train
BBB,2014J,690003,2,train
BBB,2014J,690089,3,train
BBB,2014J,690102,3,train
BBB,2014J,690116,4,train
BBB,2014J,690211,2,train
BBB,2014J,690235,3,train
BBB,2014J,690318,4,train
BBB,2014J,690319,2,train
BBB,2014J,690329,4,train
BBB,2014J,690359,2,train
BBB,2014J,690366,0,test
BBB,2014J,690384,3,train
BBB,2014J,690430,1,calib
BBB,2014J,690469,2,train
BBB,2014J,690548,1,calib
BBB,2014J,690554,3,train
BBB,2014J,690766,4,train
BBB,2014J,690767,2,train
BBB,2014J,690825,3,train
BBB,2014J,690902,3,train
BBB,2014J,690940,2,train
BBB,2014J,690967,4,train
BBB,2014J,691006,0,test
BBB,2014J,691026,1,calib
BBB,2014J,691028,2,train
BBB,2014J,691094,1,calib
BBB,2014J,691106,2,train
BBB,2014J,691122,3,train
BBB,2014J,691272,3,train
BBB,2014J,691286,2,train
BBB,2014J,691312,4,train
BBB,2014J,691343,4,train
BBB,2014J,691353,1,calib
BBB,2014J,691367,2,train
BBB,2014J,691411,3,train
BBB,2014J,691413,0,test
BBB,2014J,691509,1,calib
BBB,2014J,691514,2,train
BBB,2014J,691663,4,train
BBB,2014J,691683,2,train
BBB,2014J,691717,3,train
BBB,2014J,691815,0,test
BBB,2014J,691835,4,train
BBB,2014J,691851,3,train
BBB,2014J,691856,0,test
BBB,2014J,691867,2,train
BBB,2014J,691869,0,test
BBB,2014J,691907,4,train
BBB,2014J,691997,3,train
BBB,2014J,692164,4,train
BBB,2014J,692175,1,calib
BBB,2014J,692181,3,train
BBB,2014J,692196,0,test
BBB,2014J,692207,2,train
BBB,2014J,692215,3,train
BBB,2014J,692355,0,test
BBB,2014J,692384,4,train
BBB,2014J,692392,3,train
BBB,2014J,692473,2,train
BBB,2014J,692474,3,train
BBB,2014J,692479,4,train
BBB,2014J,692482,0,test
BBB,2014J,692484,3,train
BBB,2014J,692496,2,train
BBB,2014J,692502,1,calib
BBB,2014J,692515,0,test
BBB,2014J,692518,3,train
BBB,2014J,692521,2,train
BBB,2014J,692522,4,train
BBB,2014J,692525,4,train
BBB,2014J,692528,0,test
BBB,2014J,692532,1,calib
BBB,2014J,692537,2,train
BBB,2014J,692540,3,train
BBB,2014J,692542,0,test
BBB,2014J,692544,1,calib
BBB,2014J,692547,2,train
BBB,2014J,692553,4,train
BBB,2014J,692572,4,train
BBB,2014J,692609,0,test
BBB,2014J,692625,2,train
BBB,2014J,692629,3,train
BBB,2014J,692647,1,calib
BBB,2014J,692805,0,test
BBB,2014J,692826,4,train
BBB,2014J,692827,0,test
BBB,2014J,692855,0,test
BBB,2014J,692871,3,train
BBB,2014J,692897,4,train
BBB,2014J,692907,0,test
BBB,2014J,692908,1,calib
BBB,2014J,692914,2,train
BBB,2014J,692918,3,train
BBB,2014J,692920,4,train
BBB,2014J,692936,2,train
BBB,2014J,692943,3,train
BBB,2014J,692961,0,test
BBB,2014J,693091,3,train
BBB,2014J,693098,4,train
BBB,2014J,693116,0,test
BBB,2014J,693127,3,train
BBB,2014J,693213,0,test
BBB,2014J,693230,1,calib
BBB,2014J,693269,2,train
BBB,2014J,693297,1,calib
BBB,2014J,693333,0,test
BBB,2014J,693352,2,train
BBB,2014J,693380,2,train
BBB,2014J,693514,0,test
BBB,2014J,693615,0,test
BBB,2014J,693620,2,train
BBB,2014J,693635,1,calib
BBB,2014J,693643,4,train
BBB,2014J,693682,0,test
BBB,2014J,693692,3,train
BBB,2014J,693709,3,train
BBB,2014J,693744,0,test
BBB,2014J,693752,2,train
BBB,2014J,693793,2,train
BBB,2014J,693871,2,train
BBB,2014J,693899,4,train
BBB,2014J,693934,1,calib
BBB,2014J,693983,2,train
BBB,2014J,694001,3,train
BBB,2014J,694003,4,train
BBB,2014J,694078,4,train
BBB,2014J,694155,0,test
BBB,2014J,694190,1,calib
BBB,2014J,694222,1,calib
BBB,2014J,694329,3,train
BBB,2014J,694338,2,train
BBB,2014J,694339,0,test
BBB,2014J,694341,1,calib
BBB,2014J,694342,2,train
BBB,2014J,694349,3,train
BBB,2014J,694380,1,calib
BBB,2014J,694404,3,train
BBB,2014J,694448,3,train
BBB,2014J,694458,2,train
BBB,2014J,694473,1,calib
BBB,2014J,694476,4,train
BBB,2014J,694490,2,train
BBB,2014J,694526,2,train
BBB,2014J,694554,3,train
BBB,2014J,694561,3,train
BBB,2014J,694576,2,train
BBB,2014J,694616,4,train
BBB,2014J,694682,3,train
BBB,2014J,694706,0,test
BBB,2014J,694792,4,train
BBB,2014J,694823,2,train
BBB,2014J,694857,0,test
BBB,2014J,694951,1,calib
BBB,2014J,694974,2,train
BBB,2014J,694981,2,train
BBB,2014J,694983,4,train
BBB,2014J,695001,3,train
BBB,2014J,695014,0,test
BBB,2014J,695015,1,calib
BBB,2014J,695021,4,train
BBB,2014J,695027,2,train
BBB,2014J,695031,2,train
BBB,2014J,695035,1,calib
BBB,2014J,695044,2,train
BBB,2014J,695047,0,test
BBB,2014J,695049,1,calib
BBB,2014J,695051,3,train
BBB,2014J,695054,4,train
BBB,2014J,695070,4,train
BBB,2014J,695075,0,test
BBB,2014J,695084,2,train
BBB,2014J,695125,0,test
BBB,2014J,695144,4,train
BBB,2014J,695148,0,test
BBB,2014J,695186,3,train
BBB,2014J,695205,0,test
BBB,2014J,695235,3,train
BBB,2014J,695247,4,train
BBB,2014J,695256,4,train
BBB,2014J,695259,2,train
BBB,2014J,695278,1,calib
BBB,2014J,695298,0,test
BBB,2014J,695356,3,train
BBB,2014J,695405,2,train
BBB,2014J,695411,1,calib
BBB,2014J,695434,0,test
BBB,2014J,695461,3,train
BBB,2014J,695475,3,train
BBB,2014J,695484,4,train
BBB,2014J,695510,3,train
BBB,2014J,695516,4,train
BBB,2014J,695528,4,train
BBB,2014J,695535,0,test
BBB,2014J,695613,0,test
BBB,2014J,695631,3,train
BBB,2014J,695654,4,train
BBB,2014J,695695,3,train
BBB,2014J,695941,0,test
BBB,2014J,695972,4,train
BBB,2014J,695981,0,test
BBB,2014J,695982,1,calib
BBB,2014J,696007,4,train
BBB,2014J,696152,3,train
BBB,2014J,696203,2,train
BBB,2014J,696301,3,train
BBB,2014J,696316,4,train
BBB,2014J,696348,3,train
BBB,2014J,696440,3,train
BBB,2014J,696481,3,train
BBB,2014J,696527,2,train
BBB,2014J,696569,3,train
BBB,2014J,696595,1,calib
BBB,2014J,696616,4,train
BBB,2014J,696634,3,train
BBB,2014J,696684,2,train
BBB,2014J,696692,1,calib
BBB,2014J,696716,4,train
BBB,2014J,696724,4,train
BBB,2014J,696799,3,train
BBB,2014J,696803,1,calib
BBB,2014J,696804,0,test
BBB,2014J,696844,4,train
BBB,2014J,696850,0,test
BBB,2014J,696890,2,train
BBB,2014J,697065,0,test
BBB,2014J,697119,0,test
BBB,2014J,697136,1,calib
BBB,2014J,697148,3,train
BBB,2014J,697298,2,train
BBB,2014J,697319,1,calib
BBB,2014J,697337,3,train
BBB,2014J,697345,4,train
BBB,2014J,697417,1,calib
BBB,2014J,697428,3,train
BBB,2014J,697514,0,test
BBB,2014J,697525,1,calib
BBB,2014J,697542,3,train
BBB,2014J,697561,0,test
BBB,2014J,697562,4,train
BBB,2014J,697574,1,calib
BBB,2014J,697578,2,train
BBB,2014J,697649,1,calib
BBB,2014J,697653,2,train
BBB,2014J,697754,1,calib
BBB,2014J,697857,4,train
BBB,2014J,697868,0,test
BBB,2014J,697893,4,train
BBB,2014J,697909,2,train
BBB,2014J,697912,2,train
BBB,2014J,697959,3,train
BBB,2014J,697960,4,train
BBB,2014J,697964,1,calib
BBB,2014J,698010,4,train
BBB,2014J,698025,1,calib
BBB,2014J,698170,1,calib
BBB,2014J,698180,3,train
BBB,2014J,698198,2,train
BBB,2014J,698199,4,train
BBB,2014J,698200,0,test
BBB,2014J,698201,3,train
BBB,2014J,698203,2,train
BBB,2014J,698204,4,train
BBB,2014J,698205,0,test
BBB,2014J,698206,2,train
BBB,2014J,698207,4,train
BBB,2014J,698208,3,train
BBB,2014J,698256,0,test
BBB,2014J,698345,0,test
BBB,2014J,698352,3,train
BBB,2014J,698357,4,train
BBB,2014J,698362,1,calib
BBB,2014J,698369,2,train
BBB,2014J,698420,2,train
BBB,2014J,698432,0,test
BBB,2014J,698463,0,test
BBB,2014J,698471,3,train
BBB,2014J,698490,1,calib
BBB,2014J,698494,2,train
BBB,2014J,698498,2,train
BBB,2014J,698507,4,train
BBB,2014J,698509,3,train
BBB,2014J,698586,3,train
BBB,2014J,699007,2,train
BBB,2014J,699153,4,train
BBB,2014J,699435,0,test
BBB,2014J,699436,3,train
BBB,2014J,699437,1,calib
BBB,2014J,699488,0,test
BBB,2014J,699493,1,calib
BBB,2014J,699498,3,train
BBB,2014J,699503,2,train
BBB,2014J,699651,4,train
BBB,2014J,699656,0,test
BBB,2014J,699875,1,calib
BBB,2014J,700079,2,train
BBB,2014J,700086,3,train
BBB,2014J,700441,0,test
BBB,2014J,700458,1,calib
BBB,2014J,700815,2,train
BBB,2014J,700820,0,test
BBB,2014J,1118432,2,train
BBB,2014J,1419671,0,test
BBB,2014J,1432518,1,calib
BBB,2014J,1453140,1,calib
BBB,2014J,1486048,2,train
BBB,2014J,1526770,4,train
BBB,2014J,1533277,1,calib
BBB,2014J,1536122,0,test
BBB,2014J,1536591,1,calib
BBB,2014J,1547646,2,train
BBB,2014J,1560989,0,test
BBB,2014J,1563696,2,train
BBB,2014J,1564706,4,train
BBB,2014J,1585768,2,train
BBB,2014J,1623795,1,calib
BBB,2014J,1656979,1,calib
BBB,2014J,1664280,4,train
BBB,2014J,1723749,3,train
BBB,2014J,1732956,4,train
BBB,2014J,1733023,1,calib
BBB,2014J,1752834,4,train
BBB,2014J,1757561,1,calib
BBB,2014J,1784816,2,train
BBB,2014J,1813493,4,train
BBB,2014J,1832218,1,calib
BBB,2014J,1835389,1,calib
BBB,2014J,1843123,1,calib
BBB,2014J,1874935,1,calib
BBB,2014J,1888723,4,train
BBB,2014J,1891028,4,train
BBB,2014J,1903095,0,test
BBB,2014J,1926542,0,test
BBB,2014J,1928536,2,train
BBB,2014J,1929491,1,calib
BBB,2014J,1937822,3,train
BBB,2014J,1972832,3,train
BBB,2014J,1989014,4,train
BBB,2014J,1993672,4,train
BBB,2014J,2003628,2,train
BBB,2014J,2009239,2,train
BBB,2014J,2035574,2,train
BBB,2014J,2045569,0,test
BBB,2014J,2049740,4,train
BBB,2014J,2051809,3,train
BBB,2014J,2091096,1,calib
BBB,2014J,2091193,0,test
BBB,2014J,2093092,0,test
BBB,2014J,2103305,2,train
BBB,2014J,2108914,0,test
BBB,2014J,2115250,1,calib
BBB,2014J,2145101,2,train
BBB,2014J,2149487,3,train
BBB,2014J,2159336,3,train
BBB,2014J,2169127,3,train
BBB,2014J,2172163,4,train
BBB,2014J,2177423,4,train
BBB,2014J,2187308,3,train
BBB,2014J,2192113,1,calib
BBB,2014J,2207474,1,calib
BBB,2014J,2213814,0,test
BBB,2014J,2216682,1,calib
BBB,2014J,2216778,2,train
BBB,2014J,2218789,0,test
BBB,2014J,2227568,4,train
BBB,2014J,2228010,2,train
BBB,2014J,2228601,3,train
BBB,2014J,2229783,2,train
BBB,2014J,2232976,2,train
BBB,2014J,2237567,4,train
BBB,2014J,2239766,2,train
BBB,2014J,2241250,4,train
BBB,2014J,2242067,1,calib
BBB,2014J,2248243,3,train
BBB,2014J,2251500,4,train
BBB,2014J,2263129,3,train
BBB,2014J,2264569,1,calib
BBB,2014J,2269561,4,train
BBB,2014J,2276854,2,train
BBB,2014J,2278390,2,train
BBB,2014J,2281286,0,test
BBB,2014J,2285017,4,train
BBB,2014J,2292824,2,train
BBB,2014J,2296716,2,train
BBB,2014J,2299745,0,test
BBB,2014J,2318161,1,calib
BBB,2014J,2321660,2,train
BBB,2014J,2326401,1,calib
BBB,2014J,2333415,0,test
BBB,2014J,2344216,4,train
BBB,2014J,2346145,0,test
BBB,2014J,2349805,0,test
BBB,2014J,2353764,0,test
BBB,2014J,2357372,1,calib
BBB,2014J,2363168,3,train
BBB,2014J,2375759,1,calib
BBB,2014J,2385665,1,calib
BBB,2014J,2386867,3,train
BBB,2014J,2394741,2,train
BBB,2014J,2399380,3,train
BBB,2014J,2401304,2,train
BBB,2014J,2407594,0,test
BBB,2014J,2410544,0,test
BBB,2014J,2414945,0,test
BBB,2014J,2423078,3,train
BBB,2014J,2426442,3,train
BBB,2014J,2426864,4,train
BBB,2014J,2428341,2,train
BBB,2014J,2432551,2,train
BBB,2014J,2436711,1,calib
BBB,2014J,2444705,4,train
BBB,2014J,2446694,4,train
BBB,2014J,2448699,4,train
BBB,2014J,2449399,1,calib
BBB,2014J,2454351,0,test
BBB,2014J,2459279,2,train
BBB,2014J,2462576,1,calib
BBB,2014J,2464901,4,train
BBB,2014J,2475591,1,calib
BBB,2014J,2482994,4,train
BBB,2014J,2486159,1,calib
BBB,2014J,2487430,4,train
BBB,2014J,2487573,4,train
BBB,2014J,2494258,1,calib
BBB,2014J,2497189,4,train
BBB,2014J,2497624,0,test
BBB,2014J,2511519,4,train
BBB,2014J,2520290,0,test
BBB,2014J,2520649,3,train
BBB,2014J,2537934,0,test
BBB,2014J,2542310,4,train
BBB,2014J,2545047,1,calib
BBB,2014J,2552708,4,train
BBB,2014J,2559992,4,train
BBB,2014J,2567715,4,train
BBB,2014J,2570396,2,train
BBB,2014J,2576637,2,train
BBB,2014J,2578532,4,train
BBB,2014J,2580626,3,train
BBB,2014J,2594368,0,test
BBB,2014J,2599784,3,train
BBB,2014J,2603061,2,train
BBB,2014J,2603534,3,train
BBB,2014J,2609768,2,train
BBB,2014J,2610170,3,train
BBB,2014J,2610745,2,train
BBB,2014J,2611512,0,test
BBB,2014J,2614271,2,train
BBB,2014J,2614777,0,test
BBB,2014J,2622652,1,calib
BBB,2014J,2623656,4,train
BBB,2014J,2627398,0,test
BBB,2014J,2627493,4,train
BBB,2014J,2629503,2,train
BBB,2014J,2631298,0,test
BBB,2014J,2634319,1,calib
BBB,2014J,2638403,4,train
BBB,2014J,2660510,0,test
BBB,2014J,2670300,3,train
BBB,2014J,2677541,4,train
BBB,2014J,2681505,2,train
BBB,2014J,2681940,1,calib
BBB,2014J,2682693,4,train
BBB,2014J,2684107,2,train
BBB,2014J,2685247,3,train
BBB,2014J,2687739,2,train
BBB,2014J,2687858,4,train
BBB,2014J,2688495,4,train
BBB,2014J,2688945,0,test
BBB,2014J,2692969,2,train
BBB,2014J,2694919,3,train
BBB,2014J,2698577,4,train
BBB,2014J,2698588,3,train
BBB,2014J,2698591,0,test
CCC,2014B,28418,3,train
CCC,2014B,29764,1,calib
CCC,2014B,29820,1,calib
CCC,2014B,40333,2,train
CCC,2014B,40604,1,calib
CCC,2014B,42638,2,train
CCC,2014B,45664,2,train
CCC,2014B,46605,4,train
CCC,2014B,49119,0,test
CCC,2014B,50263,0,test
CCC,2014B,51576,2,train
CCC,2014B,54391,3,train
CCC,2014B,57340,0,test
CCC,2014B,59541,2,train
CCC,2014B,62278,2,train
CCC,2014B,64296,1,calib
CCC,2014B,66254,2,train
CCC,2014B,69489,0,test
CCC,2014B,69494,1,calib
CCC,2014B,69703,2,train
CCC,2014B,70381,1,calib
CCC,2014B,70771,2,train
CCC,2014B,74290,1,calib
CCC,2014B,75454,3,train
CCC,2014B,75469,4,train
CCC,2014B,75728,4,train
CCC,2014B,79461,4,train
CCC,2014B,80329,4,train
CCC,2014B,82575,0,test
CCC,2014B,83219,4,train
CCC,2014B,83453,1,calib
CCC,2014B,84299,1,calib
CCC,2014B,86047,4,train
CCC,2014B,88758,3,train
CCC,2014B,94484,4,train
CCC,2014B,95906,2,train
CCC,2014B,96538,4,train
CCC,2014B,97486,4,train
CCC,2014B,100621,2,train
CCC,2014B,105523,2,train
CCC,2014B,107028,1,calib
CCC,2014B,107339,4,train
CCC,2014B,108834,2,train
CCC,2014B,108947,1,calib
CCC,2014B,116174,2,train
CCC,2014B,116518,0,test
CCC,2014B,117232,1,calib
CCC,2014B,118098,1,calib
CCC,2014B,119353,2,train
CCC,2014B,119729,1,calib
CCC,2014B,122392,4,train
CCC,2014B,123598,3,train
CCC,2014B,124124,0,test
CCC,2014B,124193,2,train
CCC,2014B,126337,1,calib
CCC,2014B,126394,2,train
CCC,2014B,126395,4,train
CCC,2014B,128510,2,train
CCC,2014B,129198,1,calib
CCC,2014B,129638,2,train
CCC,2014B,129878,0,test
CCC,2014B,131145,0,test
CCC,2014B,131695,4,train
CCC,2014B,131933,0,test
CCC,2014B,132191,2,train
CCC,2014B,133104,4,train
CCC,2014B,134025,1,calib
CCC,2014B,135330,1,calib
CCC,2014B,135792,4,train
CCC,2014B,139190,1,calib
CCC,2014B,142935,2,train
CCC,2014B,145282,4,train
CCC,2014B,146125,2,train
CCC,2014B,147675,4,train
CCC,2014B,151549,2,train
CCC,2014B,152428,1,calib
CCC,2014B,152962,3,train
CCC,2014B,153687,1,calib
CCC,2014B,153788,4,train
CCC,2014B,155067,3,train
CCC,2014B,155963,0,test
CCC,2014B,157310,4,train
CCC,2014B,160300,2,train
CCC,2014B,162650,4,train
CCC,2014B,165647,4,train
CCC,2014B,165733,0,test
CCC,2014B,166160,3,train
CCC,2014B,167791,4,train
CCC,2014B,168178,3,train
CCC,2014B,169380,4,train
CCC,2014B,170025,4,train
CCC,2014B,170864,3,train
CCC,2014B,171896,4,train
CCC,2014B,172301,1,calib
CCC,2014B,172965,0,test
CCC,2014B,174807,0,test
CCC,2014B,175490,4,train
CCC,2014B,177967,0,test
CCC,2014B,178072,3,train
CCC,2014B,178496,2,train
CCC,2014B,178654,2,train
CCC,2014B,179904,0,test
CCC,2014B,180976,1,calib
CCC,2014B,183331,4,train
CCC,2014B,187435,0,test
CCC,2014B,189428,4,train
CCC,2014B,189624,0,test
CCC,2014B,191000,3,train
CCC,2014B,191797,1,calib
CCC,2014B,193163,3,train
CCC,2014B,194377,2,train
CCC,2014B,197486,3,train
CCC,2014B,198902,4,train
CCC,2014B,200372,4,train
CCC,2014B,201327,2,train
CCC,2014B,203707,1,calib
CCC,2014B,204725,2,train
CCC,2014B,205398,0,test
CCC,2014B,205425,2,train
CCC,2014B,206245,0,test
CCC,2014B,206599,1,calib
CCC,2014B,227192,4,train
CCC,2014B,227752,2,train
CCC,2014B,227833,3,train
CCC,2014B,228153,0,test
CCC,2014B,228743,4,train
CCC,2014B,229499,3,train
CCC,2014B,230340,2,train
CCC,2014B,230761,0,test
CCC,2014B,231339,1,calib
CCC,2014B,232833,3,train
CCC,2014B,233444,3,train
CCC,2014B,234068,2,train
CCC,2014B,234311,1,calib
CCC,2014B,234740,2,train
CCC,2014B,235175,4,train
CCC,2014B,236205,2,train
CCC,2014B,236620,0,test
CCC,2014B,237934,3,train
CCC,2014B,239707,0,test
CCC,2014B,241955,3,train
CCC,2014B,242778,0,test
CCC,2014B,242858,2,train
CCC,2014B,243351,2,train
CCC,2014B,244902,1,calib
CCC,2014B,244977,3,train
CCC,2014B,245217,2,train
CCC,2014B,245494,2,train
CCC,2014B,246248,0,test
CCC,2014B,247819,0,test
CCC,2014B,248252,4,train
CCC,2014B,250092,0,test
CCC,2014B,251385,4,train
CCC,2014B,253859,2,train
CCC,2014B,255140,0,test
CCC,2014B,255310,4,train
CCC,2014B,256532,0,test
CCC,2014B,260062,0,test
CCC,2014B,260949,2,train
CCC,2014B,261042,4,train
CCC,2014B,261265,3,train
CCC,2014B,261615,2,train
CCC,2014B,262391,2,train
CCC,2014B,264159,1,calib
CCC,2014B,264285,4,train
CCC,2014B,266040,2,train
CCC,2014B,266558,3,train
CCC,2014B,266915,2,train
CCC,2014B,267118,1,calib
CCC,2014B,268018,2,train
CCC,2014B,268127,4,train
CCC,2014B,269676,1,calib
CCC,2014B,272103,0,test
CCC,2014B,277577,3,train
CCC,2014B,277809,1,calib
CCC,2014B,278861,1,calib
CCC,2014B,279868,4,train
CCC,2014B,279883,0,test
CCC,2014B,281261,0,test
CCC,2014B,281801,0,test
CCC,2014B,282193,0,test
CCC,2014B,283798,4,train
CCC,2014B,284812,1,calib
CCC,2014B,285170,0,test
CCC,2014B,285475,0,test
CCC,2014B,289009,4,train
CCC,2014B,289397,0,test
CCC,2014B,290382,3,train
CCC,2014B,291805,1,calib
CCC,2014B,294578,1,calib
CCC,2014B,295893,0,test
CCC,2014B,296411,2,train
CCC,2014B,298040,0,test
CCC,2014B,300059,2,train
CCC,2014B,300594,2,train
CCC,2014B,300611,2,train
CCC,2014B,301232,2,train
CCC,2014B,305783,2,train
CCC,2014B,305876,0,test
CCC,2014B,305974,0,test
CCC,2014B,306150,2,train
CCC,2014B,308391,4,train
CCC,2014B,308918,4,train
CCC,2014B,309118,0,test
CCC,2014B,309515,0,test
CCC,2014B,310088,1,calib
CCC,2014B,311616,2,train
CCC,2014B,312886,4,train
CCC,2014B,314555,2,train
CCC,2014B,315322,4,train
CCC,2014B,315728,4,train
CCC,2014B,316061,0,test
CCC,2014B,316227,4,train
CCC,2014B,318574,2,train
CCC,2014B,319042,1,calib
CCC,2014B,320153,2,train
CCC,2014B,321112,1,calib
CCC,2014B,324257,3,train
CCC,2014B,325497,1,calib
CCC,2014B,328261,0,test
CCC,2014B,329673,1,calib
CCC,2014B,330862,0,test
CCC,2014B,330994,3,train
CCC,2014B,335553,3,train
CCC,2014B,335648,4,train
CCC,2014B,336398,4,train
CCC,2014B,336695,4,train
CCC,2014B,338604,1,calib
CCC,2014B,338731,0,test
CCC,2014B,338854,4,train
CCC,2014B,339353,2,train
CCC,2014B,342089,2,train
CCC,2014B,342957,3,train
CCC,2014B,342974,3,train
CCC,2014B,344367,0,test
CCC,2014B,344396,1,calib
CCC,2014B,345256,3,train
CCC,2014B,347257,3,train
CCC,2014B,347518,4,train
CCC,2014B,347764,1,calib
CCC,2014B,348050,3,train
CCC,2014B,348159,0,test
CCC,2014B,349069,0,test
CCC,2014B,351328,1,calib
CCC,2014B,351577,0,test
CCC,2014B,351775,2,train
CCC,2014B,353066,2,train
CCC,2014B,353660,1,calib
CCC,2014B,353804,4,train
CCC,2014B,353979,1,calib
CCC,2014B,354607,3,train
CCC,2014B,355143,1,calib
CCC,2014B,356274,1,calib
CCC,2014B,356523,2,train
CCC,2014B,357176,1,calib
CCC,2014B,357214,0,test
CCC,2014B,357485,2,train
CCC,2014B,357851,0,test
CCC,2014B,357942,4,train
CCC,2014B,358075,1,calib
CCC,2014B,359114,3,train
CCC,2014B,359460,3,train
CCC,2014B,360547,3,train
CCC,2014B,361410,1,calib
CCC,2014B,362223,1,calib
CCC,2014B,362661,4,train
CCC,2014B,363374,0,test
CCC,2014B,363773,1,calib
CCC,2014B,363906,2,train
CCC,2014B,363939,3,train
CCC,2014B,364920,0,test
CCC,2014B,365993,3,train
CCC,2014B,366310,4,train
CCC,2014B,366424,0,test
CCC,2014B,366872,4,train
CCC,2014B,367807,2,train
CCC,2014B,368483,0,test
CCC,2014B,368876,4,train
CCC,2014B,369908,1,calib
CCC,2014B,370336,0,test
CCC,2014B,371113,3,train
CCC,2014B,371526,2,train
CCC,2014B,371901,4,train
CCC,2014B,372812,4,train
CCC,2014B,374028,3,train
CCC,2014B,374055,4,train
CCC,2014B,374756,3,train
CCC,2014B,375688,1,calib
CCC,2014B,376701,3,train
CCC,2014B,378920,3,train
CCC,2014B,379406,3,train
CCC,2014B,381240,4,train
CCC,2014B,381927,0,test
CCC,2014B,383015,2,train
CCC,2014B,383140,2,train
CCC,2014B,383158,2,train
CCC,2014B,383311,2,train
CCC,2014B,383347,3,train
CCC,2014B,383372,4,train
CCC,2014B,383971,2,train
CCC,2014B,385120,0,test
CCC,2014B,385387,2,train
CCC,2014B,385980,3,train
CCC,2014B,386121,4,train
CCC,2014B,386189,2,train
CCC,2014B,386671,0,test
CCC,2014B,387009,4,train
CCC,2014B,388538,0,test
CCC,2014B,388708,2,train
CCC,2014B,388750,3,train
CCC,2014B,389680,0,test
CCC,2014B,390233,0,test
CCC,2014B,391343,0,test
CCC,2014B,391419,2,train
CCC,2014B,392289,1,calib
CCC,2014B,392526,0,test
CCC,2014B,394311,0,test
CCC,2014B,394341,4,train
CCC,2014B,394791,2,train
CCC,2014B,395164,1,calib
CCC,2014B,396825,0,test
CCC,2014B,397149,4,train
CCC,2014B,397506,4,train
CCC,2014B,397797,4,train
CCC,2014B,398487,3,train
CCC,2014B,398877,1,calib
CCC,2014B,399863,1,calib
CCC,2014B,400063,1,calib
CCC,2014B,401296,0,test
CCC,2014B,401903,1,calib
CCC,2014B,403085,4,train
CCC,2014B,404239,2,train
CCC,2014B,405192,1,calib
CCC,2014B,406265,0,test
CCC,2014B,406337,4,train
CCC,2014B,406846,2,train
CCC,2014B,406908,3,train
CCC,2014B,406937,4,train
CCC,2014B,407453,0,test
CCC,2014B,407818,2,train
CCC,2014B,408371,0,test
CCC,2014B,408413,2,train
CCC,2014B,409540,3,train
CCC,2014B,410203,2,train
CCC,2014B,410407,0,test
CCC,2014B,410699,4,train
CCC,2014B,410886,2,train
CCC,2014B,412258,3,train
CCC,2014B,412268,0,test
CCC,2014B,412284,1,calib
CCC,2014B,413083,4,train
CCC,2014B,416500,0,test
CCC,2014B,416689,2,train
CCC,2014B,416860,1,calib
CCC,2014B,417820,3,train
CCC,2014B,418224,1,calib
CCC,2014B,418623,2,train
CCC,2014B,418971,0,test
CCC,2014B,419233,1,calib
CCC,2014B,419536,2,train
CCC,2014B,420345,3,train
CCC,2014B,420428,0,test
CCC,2014B,420528,1,calib
CCC,2014B,420935,4,train
CCC,2014B,421209,0,test
CCC,2014B,421712,1,calib
CCC,2014B,423879,4,train
CCC,2014B,424082,4,train
CCC,2014B,424112,1,calib
CCC,2014B,424950,1,calib
CCC,2014B,425287,4,train
CCC,2014B,425714,2,train
CCC,2014B,426610,2,train
CCC,2014B,426616,2,train
CCC,2014B,429065,1,calib
CCC,2014B,429185,0,test
CCC,2014B,429220,2,train
CCC,2014B,430686,0,test
CCC,2014B,431014,3,train
CCC,2014B,431386,3,train
CCC,2014B,432278,0,test
CCC,2014B,432718,4,train
CCC,2014B,434562,1,calib
CCC,2014B,434573,2,train
CCC,2014B,435271,4,train
CCC,2014B,436058,4,train
CCC,2014B,437432,2,train
CCC,2014B,438313,1,calib
CCC,2014B,438796,2,train
CCC,2014B,439669,3,train
CCC,2014B,440171,3,train
CCC,2014B,440297,1,calib
CCC,2014B,440323,3,train
CCC,2014B,440591,2,train
CCC,2014B,440905,3,train
CCC,2014B,441540,1,calib
CCC,2014B,441606,0,test
CCC,2014B,442530,3,train
CCC,2014B,442954,0,test
CCC,2014B,445777,0,test
CCC,2014B,445917,0,test
CCC,2014B,445972,4,train
CCC,2014B,446295,3,train
CCC,2014B,446628,0,test
CCC,2014B,447306,3,train
CCC,2014B,464236,3,train
CCC,2014B,464724,1,calib
CCC,2014B,465194,1,calib
CCC,2014B,465406,2,train
CCC,2014B,465517,4,train
CCC,2014B,465719,4,train
CCC,2014B,465764,3,train
CCC,2014B,465843,0,test
CCC,2014B,466289,0,test
CCC,2014B,466714,0,test
CCC,2014B,467230,4,train
CCC,2014B,467753,2,train
CCC,2014B,467894,0,test
CCC,2014B,468753,3,train
CCC,2014B,469113,3,train
CCC,2014B,469732,1,calib
CCC,2014B,469761,3,train
CCC,2014B,470002,2,train
CCC,2014B,471018,0,test
CCC,2014B,471580,0,test
CCC,2014B,471657,4,train
CCC,2014B,471979,3,train
CCC,2014B,472087,2,train
CCC,2014B,472309,3,train
CCC,2014B,472856,1,calib
CCC,2014B,473965,1,calib
CCC,2014B,474283,0,test
CCC,2014B,474377,3,train
CCC,2014B,474759,4,train
CCC,2014B,475149,2,train
CCC,2014B,475443,0,test
CCC,2014B,475556,3,train
CCC,2014B,475945,1,calib
CCC,2014B,476108,0,test
CCC,2014B,476868,1,calib
CCC,2014B,476937,4,train
CCC,2014B,477067,1,calib
CCC,2014B,478025,0,test
CCC,2014B,478212,2,train
CCC,2014B,478550,1,calib
CCC,2014B,478977,0,test
CCC,2014B,479607,0,test
CCC,2014B,479714,2,train
CCC,2014B,479725,4,train
CCC,2014B,479753,0,test
CCC,2014B,480604,4,train
CCC,2014B,480928,2,train
CCC,2014B,480929,3,train
CCC,2014B,480943,1,calib
CCC,2014B,481024,0,test
CCC,2014B,482280,0,test
CCC,2014B,482745,2,train
CCC,2014B,483108,0,test
CCC,2014B,483267,2,train
CCC,2014B,483275,3,train
CCC,2014B,483666,1,calib
CCC,2014B,484174,1,calib
CCC,2014B,484305,3,train
CCC,2014B,484464,3,train
CCC,2014B,484787,1,calib
CCC,2014B,485312,1,calib
CCC,2014B,485374,0,test
CCC,2014B,485594,4,train
CCC,2014B,485604,0,test
CCC,2014B,485944,4,train
CCC,2014B,486378,2,train
CCC,2014B,486737,2,train
CCC,2014B,487494,1,calib
CCC,2014B,487570,3,train
CCC,2014B,487629,4,train
CCC,2014B,488431,2,train
CCC,2014B,489309,0,test
CCC,2014B,489929,1,calib
CCC,2014B,490024,4,train
CCC,2014B,490081,3,train
CCC,2014B,490282,1,calib
CCC,2014B,490297,3,train
CCC,2014B,490587,2,train
CCC,2014B,490662,3,train
CCC,2014B,490665,4,train
CCC,2014B,490768,3,train
CCC,2014B,490769,1,calib
CCC,2014B,491170,2,train
CCC,2014B,491232,4,train
CCC,2014B,491742,4,train
CCC,2014B,491843,1,calib
CCC,2014B,492357,0,test
CCC,2014B,492900,0,test
CCC,2014B,493793,1,calib
CCC,2014B,493822,2,train
CCC,2014B,493988,0,test
CCC,2014B,494389,0,test
CCC,2014B,494919,4,train
CCC,2014B,495320,2,train
CCC,2014B,496108,3,train
CCC,2014B,497047,4,train
CCC,2014B,497080,2,train
CCC,2014B,498043,2,train
CCC,2014B,498138,3,train
CCC,2014B,498225,4,train
CCC,2014B,498741,3,train
CCC,2014B,500001,4,train
CCC,2014B,500006,1,calib
CCC,2014B,500189,0,test
CCC,2014B,500597,4,train
CCC,2014B,501339,4,train
CCC,2014B,501443,1,calib
CCC,2014B,501652,2,train
CCC,2014B,502465,1,calib
CCC,2014B,502466,3,train
CCC,2014B,502554,1,calib
CCC,2014B,502833,2,train
CCC,2014B,502868,3,train
CCC,2014B,502929,1,calib
CCC,2014B,503469,4,train
CCC,2014B,503872,2,train
CCC,2014B,504057,2,train
CCC,2014B,505235,3,train
CCC,2014B,505520,1,calib
CCC,2014B,505767,0,test
CCC,2014B,505815,3,train
CCC,2014B,505967,1,calib
CCC,2014B,506206,2,train
CCC,2014B,506380,1,calib
CCC,2014B,507034,1,calib
CCC,2014B,507388,3,train
CCC,2014B,507523,3,train
CCC,2014B,507671,4,train
CCC,2014B,507801,0,test
CCC,2014B,508025,4,train
CCC,2014B,508848,1,calib
CCC,2014B,509029,2,train
CCC,2014B,509102,4,train
CCC,2014B,509122,0,test
CCC,2014B,509183,3,train
CCC,2014B,509649,3,train
CCC,2014B,509839,0,test
CCC,2014B,510070,2,train
CCC,2014B,510694,4,train
CCC,2014B,510914,1,calib
CCC,2014B,511473,0,test
CCC,2014B,511657,0,test
CCC,2014B,512353,0,test
CCC,2014B,512475,1,calib
CCC,2014B,512582,4,train
CCC,2014B,513638,1,calib
CCC,2014B,513854,3,train
CCC,2014B,513934,0,test
CCC,2014B,513969,2,train
CCC,2014B,513997,1,calib
CCC,2014B,514000,2,train
CCC,2014B,514186,1,calib
CCC,2014B,515046,4,train
CCC,2014B,515107,4,train
CCC,2014B,515278,2,train
CCC,2014B,515515,2,train
CCC,2014B,515774,3,train
CCC,2014B,515936,0,test
CCC,2014B,516024,4,train
CCC,2014B,516238,3,train
CCC,2014B,516496,0,test
CCC,2014B,516685,3,train
CCC,2014B,516726,0,test
CCC,2014B,517999,4,train
CCC,2014B,518116,1,calib
CCC,2014B,518330,3,train
CCC,2014B,518363,0,test
CCC,2014B,518862,4,train
CCC,2014B,519544,4,train
CCC,2014B,519589,2,train
CCC,2014B,520332,4,train
CCC,2014B,520377,2,train
CCC,2014B,520588,2,train
CCC,2014B,521051,3,train
CCC,2014B,521297,4,train
CCC,2014B,521542,0,test
CCC,2014B,521601,0,test
CCC,2014B,521614,2,train
CCC,2014B,522312,4,train
CCC,2014B,522484,3,train
CCC,2014B,522682,0,test
CCC,2014B,523061,3,train
CCC,2014B,523079,4,train
CCC,2014B,523239,0,test
CCC,2014B,523271,1,calib
CCC,2014B,523335,4,train
CCC,2014B,523710,0,test
CCC,2014B,524128,3,train
CCC,2014B,524295,2,train
CCC,2014B,524378,3,train
CCC,2014B,524386,1,calib
CCC,2014B,525332,4,train
CCC,2014B,525832,4,train
CCC,2014B,526073,4,train
CCC,2014B,526235,3,train
CCC,2014B,526547,0,test
CCC,2014B,526564,4,train
CCC,2014B,526876,4,train
CCC,2014B,526927,1,calib
CCC,2014B,527771,2,train
CCC,2014B,527826,3,train
CCC,2014B,527964,1,calib
CCC,2014B,528021,3,train
CCC,2014B,528023,0,test
CCC,2014B,528066,4,train
CCC,2014B,528083,4,train
CCC,2014B,528892,1,calib
CCC,2014B,529025,0,test
CCC,2014B,529073,2,train
CCC,2014B,529078,2,train
CCC,2014B,529153,0,test
CCC,2014B,529434,0,test
CCC,2014B,530113,0,test
CCC,2014B,530270,2,train
CCC,2014B,530481,2,train
CCC,2014B,530650,3,train
CCC,2014B,530936,4,train
CCC,2014B,531047,0,test
CCC,2014B,531075,2,train
CCC,2014B,532020,0,test
CCC,2014B,532252,4,train
CCC,2014B,532350,3,train
CCC,2014B,532440,3,train
CCC,2014B,532531,4,train
CCC,2014B,532565,0,test
CCC,2014B,532718,0,test
CCC,2014B,532859,2,train
CCC,2014B,533004,0,test
CCC,2014B,533311,0,test
CCC,2014B,534047,4,train
CCC,2014B,534074,0,test
CCC,2014B,535047,2,train
CCC,2014B,535590,1,calib
CCC,2014B,535682,4,train
CCC,2014B,536032,4,train
CCC,2014B,536170,0,test
CCC,2014B,536261,1,calib
CCC,2014B,536435,4,train
CCC,2014B,536536,0,test
CCC,2014B,537322,1,calib
CCC,2014B,537603,1,calib
CCC,2014B,537606,1,calib
CCC,2014B,537622,2,train
CCC,2014B,537654,0,test
CCC,2014B,537658,1,calib
CCC,2014B,538887,0,test
CCC,2014B,539328,3,train
CCC,2014B,539514,2,train
CCC,2014B,539695,1,calib
CCC,2014B,539784,4,train
CCC,2014B,539971,0,test
CCC,2014B,540509,3,train
CCC,2014B,540686,2,train
CCC,2014B,540937,0,test
CCC,2014B,541003,4,train
CCC,2014B,541184,4,train
CCC,2014B,542050,0,test
CCC,2014B,542721,1,calib
CCC,2014B,543170,4,train
CCC,2014B,543417,4,train
CCC,2014B,543475,1,calib
CCC,2014B,543571,2,train
CCC,2014B,543628,0,test
CCC,2014B,543678,2,train
CCC,2014B,543924,2,train
CCC,2014B,543948,0,test
CCC,2014B,544075,3,train
CCC,2014B,544090,4,train
CCC,2014B,544467,2,train
CCC,2014B,544490,4,train
CCC,2014B,544594,4,train
CCC,2014B,544791,1,calib
CCC,2014B,544839,1,calib
CCC,2014B,545045,1,calib
CCC,2014B,545740,2,train
CCC,2014B,545747,0,test
CCC,2014B,546400,1,calib
CCC,2014B,546675,1,calib
CCC,2014B,546830,2,train
CCC,2014B,546954,1,calib
CCC,2014B,547287,3,train
CCC,2014B,547332,2,train
CCC,2014B,547413,1,calib
CCC,2014B,547571,2,train
CCC,2014B,547685,2,train
CCC,2014B,547816,3,train
CCC,2014B,547986,1,calib
CCC,2014B,548261,0,test
CCC,2014B,548383,0,test
CCC,2014B,548386,1,calib
CCC,2014B,548509,4,train
CCC,2014B,548602,4,train
CCC,2014B,548677,3,train
CCC,2014B,548764,4,train
CCC,2014B,548854,2,train
CCC,2014B,548926,3,train
CCC,2014B,549636,4,train
CCC,2014B,549928,0,test
CCC,2014B,549951,2,train
CCC,2014B,550092,2,train
CCC,2014B,550545,1,calib
CCC,2014B,550812,4,train
CCC,2014B,550893,2,train
CCC,2014B,551115,1,calib
CCC,2014B,551267,2,train
CCC,2014B,551304,3,train
CCC,2014B,551478,2,train
CCC,2014B,551528,0,test
CCC,2014B,551604,1,calib
CCC,2014B,551856,2,train
CCC,2014B,551902,1,calib
CCC,2014B,552166,1,calib
CCC,2014B,552234,4,train
CCC,2014B,552441,1,calib
CCC,2014B,552498,0,test
CCC,2014B,552590,4,train
CCC,2014B,552913,3,train
CCC,2014B,553021,0,test
CCC,2014B,553280,0,test
CCC,2014B,553394,3,train
CCC,2014B,553410,2,train
CCC,2014B,553568,2,train
CCC,2014B,553655,4,train
CCC,2014B,553741,1,calib
CCC,2014B,554141,1,calib
CCC,2014B,554205,0,test
CCC,2014B,554470,4,train
CCC,2014B,554583,4,train
CCC,2014B,554588,0,test
CCC,2014B,554870,2,train
CCC,2014B,554951,4,train
CCC,2014B,555008,1,calib
CCC,2014B,555368,0,test
CCC,2014B,555604,4,train
CCC,2014B,555706,2,train
CCC,2014B,555953,4,train
CCC,2014B,556007,3,train
CCC,2014B,556042,0,test
CCC,2014B,556109,3,train
CCC,2014B,556246,3,train
CCC,2014B,556295,1,calib
CCC,2014B,556521,4,train
CCC,2014B,556584,2,train
CCC,2014B,556587,2,train
CCC,2014B,556709,3,train
CCC,2014B,556858,0,test
CCC,2014B,556918,3,train
CCC,2014B,557172,4,train
CCC,2014B,557700,4,train
CCC,2014B,557849,2,train
CCC,2014B,557995,0,test
CCC,2014B,558122,3,train
CCC,2014B,558444,2,train
CCC,2014B,558471,0,test
CCC,2014B,558518,3,train
CCC,2014B,558616,3,train
CCC,2014B,558806,2,train
CCC,2014B,558914,2,train
CCC,2014B,559157,3,train
CCC,2014B,559469,3,train
CCC,2014B,559706,1,calib
CCC,2014B,559770,1,calib
CCC,2014B,559912,1,calib
CCC,2014B,559977,3,train
CCC,2014B,560114,0,test
CCC,2014B,560311,0,test
CCC,2014B,560494,4,train
CCC,2014B,560784,2,train
CCC,2014B,560951,4,train
CCC,2014B,561363,2,train
CCC,2014B,561559,3,train
CCC,2014B,561774,2,train
CCC,2014B,561823,0,test
CCC,2014B,562450,1,calib
CCC,2014B,562585,4,train
CCC,2014B,562825,2,train
CCC,2014B,563046,4,train
CCC,2014B,563556,0,test
CCC,2014B,563631,0,test
CCC,2014B,563819,1,calib
CCC,2014B,563967,2,train
CCC,2014B,564325,3,train
CCC,2014B,564444,3,train
CCC,2014B,564700,1,calib
CCC,2014B,564841,2,train
CCC,2014B,565275,1,calib
CCC,2014B,565399,2,train
CCC,2014B,565838,3,train
CCC,2014B,565883,1,calib
CCC,2014B,566185,3,train
CCC,2014B,566310,0,test
CCC,2014B,566428,0,test
CCC,2014B,566664,2,train
CCC,2014B,566670,0,test
CCC,2014B,566704,3,train
CCC,2014B,566715,0,test
CCC,2014B,566871,1,calib
CCC,2014B,566872,2,train
CCC,2014B,568047,1,calib
CCC,2014B,568084,2,train
CCC,2014B,569080,2,train
CCC,2014B,569108,1,calib
CCC,2014B,569342,1,calib
CCC,2014B,569609,1,calib
CCC,2014B,569712,4,train
CCC,2014B,569928,2,train
CCC,2014B,570113,4,train
CCC,2014B,570377,4,train
CCC,2014B,570410,1,calib
CCC,2014B,570488,4,train
CCC,2014B,570514,1,calib
CCC,2014B,570872,1,calib
CCC,2014B,570967,1,calib
CCC,2014B,571025,4,train
CCC,2014B,571128,2,train
CCC,2014B,571129,3,train
CCC,2014B,571233,4,train
CCC,2014B,571276,0,test
CCC,2014B,571365,2,train
CCC,2014B,571389,1,calib
CCC,2014B,571571,1,calib
CCC,2014B,571595,4,train
CCC,2014B,571702,1,calib
CCC,2014B,571776,0,test
CCC,2014B,571992,3,train
CCC,2014B,572036,1,calib
CCC,2014B,572154,3,train
CCC,2014B,572241,4,train
CCC,2014B,572279,3,train
CCC,2014B,572303,3,train
CCC,2014B,572382,4,train
CCC,2014B,572401,1,calib
CCC,2014B,572438,1,calib
CCC,2014B,572570,0,test
CCC,2014B,572854,3,train
CCC,2014B,572891,1,calib
CCC,2014B,572909,0,test
CCC,2014B,573153,4,train
CCC,2014B,573166,2,train
CCC,2014B,573197,2,train
CCC,2014B,573377,3,train
CCC,2014B,573440,2,train
CCC,2014B,573462,2,train
CCC,2014B,573558,1,calib
CCC,2014B,573662,3,train
CCC,2014B,573665,2,train
CCC,2014B,573696,1,calib
CCC,2014B,573697,4,train
CCC,2014B,573701,2,train
CCC,2014B,574221,3,train
CCC,2014B,574283,0,test
CCC,2014B,574523,3,train
CCC,2014B,574529,4,train
CCC,2014B,574551,0,test
CCC,2014B,574564,2,train
CCC,2014B,574580,0,test
CCC,2014B,574663,0,test
CCC,2014B,574817,2,train
CCC,2014B,574830,1,calib
CCC,2014B,575166,3,train
CCC,2014B,575287,3,train
CCC,2014B,575419,2,train
CCC,2014B,575545,2,train
CCC,2014B,575703,3,train
CCC,2014B,575733,1,calib
CCC,2014B,575745,2,train
CCC,2014B,575824,1,calib
CCC,2014B,575967,0,test
CCC,2014B,576191,2,train
CCC,2014B,576383,0,test
CCC,2014B,576413,0,test
CCC,2014B,576475,4,train
CCC,2014B,576516,3,train
CCC,2014B,576780,3,train
CCC,2014B,576782,2,train
CCC,2014B,577035,0,test
CCC,2014B,577236,4,train
CCC,2014B,577245,0,test
CCC,2014B,577273,2,train
CCC,2014B,577352,3,train
CCC,2014B,577414,2,train
CCC,2014B,577427,4,train
CCC,2014B,577502,0,test
CCC,2014B,577603,1,calib
CCC,2014B,577686,4,train
CCC,2014B,577688,0,test
CCC,2014B,578034,4,train
CCC,2014B,578189,4,train
CCC,2014B,578450,3,train
CCC,2014B,578541,2,train
CCC,2014B,578655,0,test
CCC,2014B,578823,1,calib
CCC,2014B,578850,4,train
CCC,2014B,578958,2,train
CCC,2014B,579027,4,train
CCC,2014B,579321,3,train
CCC,2014B,579340,2,train
CCC,2014B,579343,4,train
CCC,2014B,579372,3,train
CCC,2014B,579550,3,train
CCC,2014B,580477,4,train
CCC,2014B,580511,0,test
CCC,2014B,580525,1,calib
CCC,2014B,580689,2,train
CCC,2014B,580722,4,train
CCC,2014B,580768,1,calib
CCC,2014B,580779,0,test
CCC,2014B,581123,3,train
CCC,2014B,581328,1,calib
CCC,2014B,581611,2,train
CCC,2014B,581614,3,train
CCC,2014B,581744,3,train
CCC,2014B,581745,3,train
CCC,2014B,582087,0,test
CCC,2014B,582108,4,train
CCC,2014B,582723,3,train
CCC,2014B,582827,4,train
CCC,2014B,582879,1,calib
CCC,2014B,582950,4,train
CCC,2014B,583032,0,test
CCC,2014B,583051,3,train
CCC,2014B,583052,0,test
CCC,2014B,583192,1,calib
CCC,2014B,583238,3,train
CCC,2014B,583906,4,train
CCC,2014B,584077,2,train
CCC,2014B,584191,1,calib
CCC,2014B,584305,4,train
CCC,2014B,584446,4,train
CCC,2014B,584468,0,test
CCC,2014B,584586,3,train
CCC,2014B,584749,3,train
CCC,2014B,584756,0,test
CCC,2014B,584771,4,train
CCC,2014B,584913,2,train
CCC,2014B,584940,1,calib
CCC,2014B,585011,2,train
CCC,2014B,585057,2,train
CCC,2014B,585093,3,train
CCC,2014B,585383,1,calib
CCC,2014B,585393,2,train
CCC,2014B,585397,4,train
CCC,2014B,585433,2,train
CCC,2014B,585455,1,calib
CCC,2014B,585464,4,train
CCC,2014B,585681,4,train
CCC,2014B,585695,1,calib
CCC,2014B,585709,2,train
CCC,2014B,585769,1,calib
CCC,2014B,585900,2,train
CCC,2014B,586060,3,train
CCC,2014B,586132,2,train
CCC,2014B,586436,4,train
CCC,2014B,586473,2,train
CCC,2014B,586476,3,train
CCC,2014B,586526,2,train
CCC,2014B,586716,0,test
CCC,2014B,586921,1,calib
CCC,2014B,586962,1,calib
CCC,2014B,587122,3,train
CCC,2014B,587179,2,train
CCC,2014B,587585,1,calib
CCC,2014B,587621,1,calib
CCC,2014B,587783,0,test
CCC,2014B,587884,0,test
CCC,2014B,587906,1,calib
CCC,2014B,587911,4,train
CCC,2014B,588059,1,calib
CCC,2014B,588125,2,train
CCC,2014B,588175,0,test
CCC,2014B,588219,2,train
CCC,2014B,588274,1,calib
CCC,2014B,588402,4,train
CCC,2014B,588430,1,calib
CCC,2014B,588460,1,calib
CCC,2014B,588464,2,train
CCC,2014B,588473,4,train
CCC,2014B,588524,0,test
CCC,2014B,588590,3,train
CCC,2014B,588676,1,calib
CCC,2014B,588694,1,calib
CCC,2014B,588707,2,train
CCC,2014B,588710,3,train
CCC,2014B,588846,1,calib
CCC,2014B,588956,3,train
CCC,2014B,589018,3,train
CCC,2014B,589023,0,test
CCC,2014B,589108,1,calib
CCC,2014B,589327,2,train
CCC,2014B,589390,4,train
CCC,2014B,589517,4,train
CCC,2014B,589525,0,test
CCC,2014B,589722,2,train
CCC,2014B,589894,3,train
CCC,2014B,590072,2,train
CCC,2014B,590626,4,train
CCC,2014B,590699,4,train
CCC,2014B,590744,4,train
CCC,2014B,590762,1,calib
CCC,2014B,590877,3,train
CCC,2014B,590881,4,train
CCC,2014B,590914,2,train
CCC,2014B,590961,2,train
CCC,2014B,590974,1,calib
CCC,2014B,591375,1,calib
CCC,2014B,591388,2,train
CCC,2014B,591566,4,train
CCC,2014B,591619,4,train
CCC,2014B,591655,0,test
CCC,2014B,591719,3,train
CCC,2014B,591738,1,calib
CCC,2014B,591958,3,train
CCC,2014B,592007,4,train
CCC,2014B,592051,2,train
CCC,2014B,592093,1,calib
CCC,2014B,592151,4,train
CCC,2014B,592158,0,test
CCC,2014B,592259,4,train
CCC,2014B,592284,1,calib
CCC,2014B,592407,2,train
CCC,2014B,592429,4,train
CCC,2014B,592437,1,calib
CCC,2014B,592609,4,train
CCC,2014B,592684,0,test
CCC,2014B,592775,1,calib
CCC,2014B,592776,0,test
CCC,2014B,592842,0,test
CCC,2014B,592876,4,train
CCC,2014B,592939,3,train
CCC,2014B,592961,1,calib
CCC,2014B,592976,0,test
CCC,2014B,593071,1,calib
CCC,2014B,593103,3,train
CCC,2014B,593123,4,train
CCC,2014B,593305,3,train
CCC,2014B,593787,3,train
CCC,2014B,593823,0,test
CCC,2014B,593972,3,train
CCC,2014B,593995,3,train
CCC,2014B,594044,1,calib
CCC,2014B,594052,3,train
CCC,2014B,594111,4,train
CCC,2014B,594157,4,train
CCC,2014B,594193,0,test
CCC,2014B,594199,3,train
CCC,2014B,594246,4,train
CCC,2014B,594326,1,calib
CCC,2014B,594371,1,calib
CCC,2014B,594419,0,test
CCC,2014B,594851,3,train
CCC,2014B,595164,1,calib
CCC,2014B,595182,0,test
CCC,2014B,595189,2,train
CCC,2014B,595324,4,train
CCC,2014B,595356,0,test
CCC,2014B,595492,4,train
CCC,2014B,595514,1,calib
CCC,2014B,595659,0,test
CCC,2014B,595685,3,train
CCC,2014B,595781,3,train
CCC,2014B,595797,3,train
CCC,2014B,595847,0,test
CCC,2014B,595986,3,train
CCC,2014B,595992,1,calib
CCC,2014B,596029,1,calib
CCC,2014B,596035,2,train
CCC,2014B,596157,2,train
CCC,2014B,596321,3,train
CCC,2014B,596432,3,train
CCC,2014B,596699,1,calib
CCC,2014B,596731,2,train
CCC,2014B,596903,3,train
CCC,2014B,596947,2,train
CCC,2014B,597181,2,train
CCC,2014B,597363,2,train
CCC,2014B,597403,0,test
CCC,2014B,597560,1,calib
CCC,2014B,597817,0,test
CCC,2014B,597926,3,train
CCC,2014B,598074,4,train
CCC,2014B,598113,1,calib
CCC,2014B,598321,1,calib
CCC,2014B,598662,0,test
CCC,2014B,598666,3,train
CCC,2014B,598757,0,test
CCC,2014B,598860,1,calib
CCC,2014B,598924,0,test
CCC,2014B,599263,4,train
CCC,2014B,599275,2,train
CCC,2014B,599341,4,train
CCC,2014B,599542,0,test
CCC,2014B,599547,1,calib
CCC,2014B,599615,0,test
CCC,2014B,599857,0,test
CCC,2014B,599893,1,calib
CCC,2014B,599902,1,calib
CCC,2014B,599937,2,train
CCC,2014B,599942,3,train
CCC,2014B,599958,2,train
CCC,2014B,599986,1,calib
CCC,2014B,600073,2,train
CCC,2014B,600094,2,train
CCC,2014B,600142,3,train
CCC,2014B,600181,1,calib
CCC,2014B,600335,0,test
CCC,2014B,600436,3,train
CCC,2014B,600509,2,train
CCC,2014B,600547,4,train
CCC,2014B,600632,4,train
CCC,2014B,600814,3,train
CCC,2014B,600859,3,train
CCC,2014B,600879,1,calib
CCC,2014B,600938,2,train
CCC,2014B,600945,4,train
CCC,2014B,600975,0,test
CCC,2014B,600987,1,calib
CCC,2014B,601021,0,test
CCC,2014B,601175,1,calib
CCC,2014B,601224,3,train
CCC,2014B,601550,1,calib
CCC,2014B,601731,1,calib
CCC,2014B,601757,4,train
CCC,2014B,601872,1,calib
CCC,2014B,601949,2,train
CCC,2014B,602030,1,calib
CCC,2014B,602042,3,train
CCC,2014B,602107,0,test
CCC,2014B,602133,1,calib
CCC,2014B,602150,3,train
CCC,2014B,602269,3,train
CCC,2014B,602398,3,train
CCC,2014B,602585,2,train
CCC,2014B,602703,3,train
CCC,2014B,602718,0,test
CCC,2014B,602891,4,train
CCC,2014B,602902,2,train
CCC,2014B,602913,2,train
CCC,2014B,603053,4,train
CCC,2014B,603222,1,calib
CCC,2014B,603239,4,train
CCC,2014B,603477,1,calib
CCC,2014B,603498,1,calib
CCC,2014B,603639,1,calib
CCC,2014B,603791,0,test
CCC,2014B,603832,3,train
CCC,2014B,603859,4,train
CCC,2014B,603999,2,train
CCC,2014B,604078,0,test
CCC,2014B,604164,0,test
CCC,2014B,604480,2,train
CCC,2014B,604517,3,train
CCC,2014B,604559,3,train
CCC,2014B,604571,0,test
CCC,2014B,604643,1,calib
CCC,2014B,604655,2,train
CCC,2014B,604665,3,train
CCC,2014B,604723,4,train
CCC,2014B,604906,0,test
CCC,2014B,604997,1,calib
CCC,2014B,605130,0,test
CCC,2014B,605144,3,train
CCC,2014B,605180,3,train
CCC,2014B,605266,4,train
CCC,2014B,605571,0,test
CCC,2014B,605688,3,train
CCC,2014B,605703,4,train
CCC,2014B,605926,4,train
CCC,2014B,606025,4,train
CCC,2014B,606127,0,test
CCC,2014B,606205,1,calib
CCC,2014B,606206,2,train
CCC,2014B,606282,4,train
CCC,2014B,606300,3,train
CCC,2014B,606350,0,test
CCC,2014B,606417,1,calib
CCC,2014B,606444,3,train
CCC,2014B,606663,1,calib
CCC,2014B,606665,2,train
CCC,2014B,606724,3,train
CCC,2014B,606828,4,train
CCC,2014B,606930,2,train
CCC,2014B,607052,4,train
CCC,2014B,607060,0,test
CCC,2014B,607061,1,calib
CCC,2014B,607063,3,train
CCC,2014B,607411,4,train
CCC,2014B,607413,1,calib
CCC,2014B,607442,2,train
CCC,2014B,607453,4,train
CCC,2014B,607609,3,train
CCC,2014B,607636,2,train
CCC,2014B,607703,1,calib
CCC,2014B,607835,4,train
CCC,2014B,607896,1,calib
CCC,2014B,607927,1,calib
CCC,2014B,607966,4,train
CCC,2014B,608130,0,test
CCC,2014B,608152,3,train
CCC,2014B,608243,2,train
CCC,2014B,608464,3,train
CCC,2014B,608472,4,train
CCC,2014B,608504,2,train
CCC,2014B,608549,0,test
CCC,2014B,608577,3,train
CCC,2014B,608643,1,calib
CCC,2014B,608735,1,calib
CCC,2014B,608750,4,train
CCC,2014B,608753,0,test
CCC,2014B,608904,3,train
CCC,2014B,608923,1,calib
CCC,2014B,609025,3,train
CCC,2014B,609045,0,test
CCC,2014B,609192,0,test
CCC,2014B,609229,2,train
CCC,2014B,609241,1,calib
CCC,2014B,609383,4,train
CCC,2014B,609450,2,train
CCC,2014B,609489,4,train
CCC,2014B,609515,3,train
CCC,2014B,609602,0,test
CCC,2014B,609605,2,train
CCC,2014B,609645,4,train
CCC,2014B,609828,2,train
CCC,2014B,610099,3,train
CCC,2014B,610158,1,calib
CCC,2014B,610234,4,train
CCC,2014B,610287,4,train
CCC,2014B,610391,1,calib
CCC,2014B,610575,1,calib
CCC,2014B,610577,2,train
CCC,2014B,610718,1,calib
CCC,2014B,610831,0,test
CCC,2014B,611062,2,train
CCC,2014B,611176,0,test
CCC,2014B,611260,1,calib
CCC,2014B,611402,2,train
CCC,2014B,611750,4,train
CCC,2014B,611865,0,test
CCC,2014B,612023,2,train
CCC,2014B,612119,1,calib
CCC,2014B,612124,2,train
CCC,2014B,612287,0,test
CCC,2014B,612381,1,calib
CCC,2014B,612397,2,train
CCC,2014B,612644,4,train
CCC,2014B,612673,4,train
CCC,2014B,612805,2,train
CCC,2014B,612814,0,test
CCC,2014B,612822,3,train
CCC,2014B,612860,2,train
CCC,2014B,612882,1,calib
CCC,2014B,613116,0,test
CCC,2014B,613120,3,train
CCC,2014B,613133,0,test
CCC,2014B,613280,4,train
CCC,2014B,613310,3,train
CCC,2014B,613387,4,train
CCC,2014B,613390,1,calib
CCC,2014B,613417,2,train
CCC,2014B,613441,3,train
CCC,2014B,613447,1,calib
CCC,2014B,613461,2,train
CCC,2014B,613501,1,calib
CCC,2014B,613873,2,train
CCC,2014B,614059,1,calib
CCC,2014B,614263,1,calib
CCC,2014B,614265,2,train
CCC,2014B,614345,3,train
CCC,2014B,614477,4,train
CCC,2014B,614733,4,train
CCC,2014B,614804,2,train
CCC,2014B,614844,1,calib
CCC,2014B,614952,2,train
CCC,2014B,615031,4,train
CCC,2014B,615229,1,calib
CCC,2014B,615246,3,train
CCC,2014B,615249,4,train
CCC,2014B,615321,0,test
CCC,2014B,615407,3,train
CCC,2014B,615437,4,train
CCC,2014B,616333,4,train
CCC,2014B,616334,3,train
CCC,2014B,616407,0,test
CCC,2014B,616439,0,test
CCC,2014B,616831,3,train
CCC,2014B,617186,1,calib
CCC,2014B,617307,2,train
CCC,2014B,617331,4,train
CCC,2014B,617348,1,calib
CCC,2014B,617355,3,train
CCC,2014B,617365,0,test
CCC,2014B,617416,4,train
CCC,2014B,617781,2,train
CCC,2014B,617898,2,train
CCC,2014B,617925,2,train
CCC,2014B,617942,4,train
CCC,2014B,618002,0,test
CCC,2014B,618078,3,train
CCC,2014B,618096,0,test
CCC,2014B,618129,0,test
CCC,2014B,618171,2,train
CCC,2014B,618279,3,train
CCC,2014B,618514,1,calib
CCC,2014B,618571,1,calib
CCC,2014B,618590,2,train
CCC,2014B,618606,4,train
CCC,2014B,618619,3,train
CCC,2014B,618649,3,train
CCC,2014B,618665,0,test
CCC,2014B,618679,1,calib
CCC,2014B,618744,3,train
CCC,2014B,618824,1,calib
CCC,2014B,618861,2,train
CCC,2014B,619006,1,calib
CCC,2014B,619014,3,train
CCC,2014B,619303,1,calib
CCC,2014B,619447,1,calib
CCC,2014B,619524,4,train
CCC,2014B,619870,0,test
CCC,2014B,620148,2,train
CCC,2014B,620215,4,train
CCC,2014B,620243,0,test
CCC,2014B,620266,2,train
CCC,2014B,620320,3,train
CCC,2014B,620356,3,train
CCC,2014B,620368,4,train
CCC,2014B,620369,0,test
CCC,2014B,620376,1,calib
CCC,2014B,620440,4,train
CCC,2014B,620485,2,train
CCC,2014B,620646,0,test
CCC,2014B,620713,2,train
CCC,2014B,620876,2,train
CCC,2014B,620897,3,train
CCC,2014B,620918,0,test
CCC,2014B,620935,4,train
CCC,2014B,620974,1,calib
CCC,2014B,620977,4,train
CCC,2014B,621300,3,train
CCC,2014B,621401,1,calib
CCC,2014B,621619,2,train
CCC,2014B,621655,3,train
CCC,2014B,621656,4,train
CCC,2014B,621696,4,train
CCC,2014B,621807,4,train
CCC,2014B,622015,0,test
CCC,2014B,622130,2,train
CCC,2014B,622215,2,train
CCC,2014B,622302,3,train
CCC,2014B,622368,2,train
CCC,2014B,622386,0,test
CCC,2014B,622398,1,calib
CCC,2014B,622430,2,train
CCC,2014B,622652,1,calib
CCC,2014B,622753,0,test
CCC,2014B,622773,0,test
CCC,2014B,622787,1,calib
CCC,2014B,622804,3,train
CCC,2014B,622897,2,train
CCC,2014B,622948,3,train
CCC,2014B,623052,0,test
CCC,2014B,623190,4,train
CCC,2014B,623250,1,calib
CCC,2014B,623290,1,calib
CCC,2014B,623347,1,calib
CCC,2014B,623421,0,test
CCC,2014B,623456,0,test
CCC,2014B,623511,2,train
CCC,2014B,623562,2,train
CCC,2014B,623605,4,train
CCC,2014B,623609,2,train
CCC,2014B,623619,3,train
CCC,2014B,623667,0,test
CCC,2014B,623707,4,train
CCC,2014B,623732,1,calib
CCC,2014B,623738,2,train
CCC,2014B,623780,4,train
CCC,2014B,623786,4,train
CCC,2014B,623797,0,test
CCC,2014B,624039,1,calib
CCC,2014B,624060,3,train
CCC,2014B,624126,4,train
CCC,2014B,624127,4,train
CCC,2014B,624134,0,test
CCC,2014B,624164,1,calib
CCC,2014B,624354,3,train
CCC,2014B,624441,0,test
CCC,2014B,624445,4,train
CCC,2014B,624483,2,train
CCC,2014B,624591,1,calib
CCC,2014B,624593,3,train
CCC,2014B,624765,2,train
CCC,2014B,624782,2,train
CCC,2014B,624810,2,train
CCC,2014B,624875,2,train
CCC,2014B,624970,0,test
CCC,2014B,625014,3,train
CCC,2014B,625028,4,train
CCC,2014B,625077,3,train
CCC,2014B,625078,4,train
CCC,2014B,625108,2,train
CCC,2014B,625121,3,train
CCC,2014B,625128,2,train
CCC,2014B,625207,3,train
CCC,2014B,625213,4,train
CCC,2014B,625267,2,train
CCC,2014B,625330,0,test
CCC,2014B,625423,3,train
CCC,2014B,625453,0,test
CCC,2014B,625476,2,train
CCC,2014B,625517,2,train
CCC,2014B,625527,2,train
CCC,2014B,625552,0,test
CCC,2014B,625568,3,train
CCC,2014B,625574,4,train
CCC,2014B,625614,0,test
CCC,2014B,625684,2,train
CCC,2014B,625714,1,calib
CCC,2014B,625740,4,train
CCC,2014B,625745,1,calib
CCC,2014B,625774,3,train
CCC,2014B,625782,4,train
CCC,2014B,625785,1,calib
CCC,2014B,625790,2,train
CCC,2014B,625793,0,test
CCC,2014B,625822,2,train
CCC,2014B,625838,4,train
CCC,2014B,625841,2,train
CCC,2014B,625884,1,calib
CCC,2014B,625950,0,test
CCC,2014B,625953,3,train
CCC,2014B,625975,4,train
CCC,2014B,626055,1,calib
CCC,2014B,626173,3,train
CCC,2014B,626183,4,train
CCC,2014B,626252,0,test
CCC,2014B,626296,3,train
CCC,2014B,626349,1,calib
CCC,2014B,626417,0,test
CCC,2014B,626438,4,train
CCC,2014B,626444,3,train
CCC,2014B,626469,1,calib
CCC,2014B,626501,4,train
CCC,2014B,626516,3,train
CCC,2014B,626518,2,train
CCC,2014B,626614,3,train
CCC,2014B,626625,1,calib
CCC,2014B,626712,0,test
CCC,2014B,626714,4,train
CCC,2014B,626763,2,train
CCC,2014B,626772,2,train
CCC,2014B,626857,1,calib
CCC,2014B,626862,2,train
CCC,2014B,626877,0,test
CCC,2014B,626906,2,train
CCC,2014B,626930,2,train
CCC,2014B,626998,1,calib
CCC,2014B,627066,2,train
CCC,2014B,627136,2,train
CCC,2014B,627160,2,train
CCC,2014B,627168,4,train
CCC,2014B,627176,1,calib
CCC,2014B,627253,4,train
CCC,2014B,627307,2,train
CCC,2014B,627343,0,test
CCC,2014B,627348,1,calib
CCC,2014B,627374,2,train
CCC,2014B,627386,4,train
CCC,2014B,627387,0,test
CCC,2014B,627395,3,train
CCC,2014B,627399,0,test
CCC,2014B,627435,2,train
CCC,2014B,627500,4,train
CCC,2014B,627516,0,test
CCC,2014B,627520,1,calib
CCC,2014B,627632,1,calib
CCC,2014B,627635,0,test
CCC,2014B,627636,3,train
CCC,2014B,627691,3,train
CCC,2014B,627711,2,train
CCC,2014B,627747,0,test
CCC,2014B,627750,2,train
CCC,2014B,627784,3,train
CCC,2014B,627907,4,train
CCC,2014B,627933,0,test
CCC,2014B,627947,1,calib
CCC,2014B,628022,3,train
CCC,2014B,628029,4,train
CCC,2014B,628053,0,test
CCC,2014B,628086,2,train
CCC,2014B,628090,3,train
CCC,2014B,628122,2,train
CCC,2014B,628141,4,train
CCC,2014B,628157,0,test
CCC,2014B,628214,0,test
CCC,2014B,628293,0,test
CCC,2014B,628366,4,train
CCC,2014B,628383,1,calib
CCC,2014B,628506,0,test
CCC,2014B,628527,3,train
CCC,2014B,628565,2,train
CCC,2014B,628575,3,train
CCC,2014B,628663,4,train
CCC,2014B,628677,2,train
CCC,2014B,628718,4,train
CCC,2014B,628725,2,train
CCC,2014B,628771,0,test
CCC,2014B,628803,2,train
CCC,2014B,628846,0,test
CCC,2014B,628938,0,test
CCC,2014B,628993,1,calib
CCC,2014B,629081,4,train
CCC,2014B,629164,3,train
CCC,2014B,629209,4,train
CCC,2014B,629270,1,calib
CCC,2014B,629342,2,train
CCC,2014B,629445,2,train
CCC,2014B,629500,1,calib
CCC,2014B,629560,3,train
CCC,2014B,629601,1,calib
CCC,2014B,629613,4,train
CCC,2014B,629623,1,calib
CCC,2014B,629628,4,train
CCC,2014B,629632,3,train
CCC,2014B,629654,0,test
CCC,2014B,629692,2,train
CCC,2014B,629694,4,train
CCC,2014B,629696,3,train
CCC,2014B,629710,4,train
CCC,2014B,629766,4,train
CCC,2014B,629773,1,calib
CCC,2014B,629798,3,train
CCC,2014B,629862,0,test
CCC,2014B,629887,1,calib
CCC,2014B,629890,2,train
CCC,2014B,629893,4,train
CCC,2014B,629906,1,calib
CCC,2014B,629936,3,train
CCC,2014B,630005,2,train
CCC,2014B,630012,1,calib
CCC,2014B,630047,0,test
CCC,2014B,630086,0,test
CCC,2014B,630152,2,train
CCC,2014B,630157,2,train
CCC,2014B,630178,3,train
CCC,2014B,630200,2,train
CCC,2014B,630211,4,train
CCC,2014B,630449,1,calib
CCC,2014B,630471,2,train
CCC,2014B,630514,4,train
CCC,2014B,630531,1,calib
CCC,2014B,630540,3,train
CCC,2014B,630573,2,train
CCC,2014B,630585,3,train
CCC,2014B,630606,0,test
CCC,2014B,630613,1,calib
CCC,2014B,630635,0,test
CCC,2014B,630657,2,train
CCC,2014B,630730,2,train
CCC,2014B,630825,4,train
CCC,2014B,630888,2,train
CCC,2014B,630896,4,train
CCC,2014B,630912,3,train
CCC,2014B,631038,0,test
CCC,2014B,631044,1,calib
CCC,2014B,631051,2,train
CCC,2014B,631075,1,calib
CCC,2014B,631122,1,calib
CCC,2014B,631216,4,train
CCC,2014B,631300,3,train
CCC,2014B,631334,1,calib
CCC,2014B,631365,2,train
CCC,2014B,631453,1,calib
CCC,2014B,631455,0,test
CCC,2014B,631473,3,train
CCC,2014B,631583,2,train
CCC,2014B,631655,4,train
CCC,2014B,631657,3,train
CCC,2014B,631699,3,train
CCC,2014B,631715,0,test
CCC,2014B,631770,0,test
CCC,2014B,631772,1,calib
CCC,2014B,631850,3,train
CCC,2014B,631925,2,train
CCC,2014B,631929,3,train
CCC,2014B,631981,0,test
CCC,2014B,632017,0,test
CCC,2014B,632037,3,train
CCC,2014B,632074,0,test
CCC,2014B,632107,0,test
CCC,2014B,632111,1,calib
CCC,2014B,632114,2,train
CCC,2014B,632133,1,calib
CCC,2014B,632134,2,train
CCC,2014B,632135,3,train
CCC,2014B,632190,2,train
CCC,2014B,632242,3,train
CCC,2014B,632260,2,train
CCC,2014B,632312,0,test
CCC,2014B,632313,1,calib
CCC,2014B,632332,1,calib
CCC,2014B,632459,2,train
CCC,2014B,632486,4,train
CCC,2014B,632487,1,calib
CCC,2014B,632506,2,train
CCC,2014B,632546,2,train
CCC,2014B,632554,4,train
CCC,2014B,632571,0,test
CCC,2014B,632597,4,train
CCC,2014B,632637,1,calib
CCC,2014B,632641,4,train
CCC,2014B,632691,2,train
CCC,2014B,632780,3,train
CCC,2014B,632836,0,test
CCC,2014B,632856,4,train
CCC,2014B,632889,2,train
CCC,2014B,632900,1,calib
CCC,2014B,632903,2,train
CCC,2014B,633071,2,train
CCC,2014B,633112,3,train
CCC,2014B,633178,4,train
CCC,2014B,633240,0,test
CCC,2014B,633243,2,train
CCC,2014B,633250,3,train
CCC,2014B,633256,3,train
CCC,2014B,633270,2,train
CCC,2014B,633281,0,test
CCC,2014B,633310,1,calib
CCC,2014B,633330,2,train
CCC,2014B,633341,0,test
CCC,2014B,633384,4,train
CCC,2014B,633395,3,train
CCC,2014B,633432,4,train
CCC,2014B,633447,3,train
CCC,2014B,633455,1,calib
CCC,2014B,633460,1,calib
CCC,2014B,633493,0,test
CCC,2014B,633527,1,calib
CCC,2014B,633637,2,train
CCC,2014B,633679,2,train
CCC,2014B,633695,0,test
CCC,2014B,633716,1,calib
CCC,2014B,633722,3,train
CCC,2014B,633857,0,test
CCC,2014B,633859,1,calib
CCC,2014B,633913,1,calib
CCC,2014B,633942,4,train
CCC,2014B,633998,3,train
CCC,2014B,634040,0,test
CCC,2014B,634057,4,train
CCC,2014B,634083,2,train
CCC,2014B,634128,3,train
CCC,2014B,634139,1,calib
CCC,2014B,634157,4,train
CCC,2014B,634167,2,train
CCC,2014B,634176,3,train
CCC,2014B,634216,1,calib
CCC,2014B,634217,2,train
CCC,2014B,634241,0,test
CCC,2014B,634279,4,train
CCC,2014B,634349,3,train
CCC,2014B,634414,3,train
CCC,2014B,634433,2,train
CCC,2014B,634500,1,calib
CCC,2014B,634507,3,train
CCC,2014B,634512,3,train
CCC,2014B,634523,0,test
CCC,2014B,634570,2,train
CCC,2014B,634578,3,train
CCC,2014B,634589,0,test
CCC,2014B,634618,3,train
CCC,2014B,634649,3,train
CCC,2014B,634655,1,calib
CCC,2014B,634671,2,train
CCC,2014B,634737,1,calib
CCC,2014B,634744,3,train
CCC,2014B,634816,0,test
CCC,2014B,634853,1,calib
CCC,2014B,634862,4,train
CCC,2014B,634878,2,train
CCC,2014B,635034,1,calib
CCC,2014B,635041,4,train
CCC,2014B,635043,0,test
CCC,2014B,635109,3,train
CCC,2014B,635416,2,train
CCC,2014B,635515,3,train
CCC,2014B,835603,2,train
CCC,2014B,856294,0,test
CCC,2014B,917586,4,train
CCC,2014B,925553,1,calib
CCC,2014B,949548,4,train
CCC,2014B,984619,3,train
CCC,2014B,992544,1,calib
CCC,2014B,1038161,3,train
CCC,2014B,1047645,1,calib
CCC,2014B,1057883,0,test
CCC,2014B,1073766,3,train
CCC,2014B,1087710,3,train
CCC,2014B,1095916,0,test
CCC,2014B,1100639,4,train
CCC,2014B,1106724,0,test
CCC,2014B,1115623,0,test
CCC,2014B,1187586,0,test
CCC,2014B,1268772,1,calib
CCC,2014B,1270832,2,train
CCC,2014B,1307784,1,calib
CCC,2014B,1311171,2,train
CCC,2014B,1398821,2,train
CCC,2014B,1407549,4,train
CCC,2014B,1416784,2,train
CCC,2014B,1440467,0,test
CCC,2014B,1442991,4,train
CCC,2014B,1462676,4,train
CCC,2014B,1464952,1,calib
CCC,2014B,1468838,3,train
CCC,2014B,1470291,2,train
CCC,2014B,1474869,2,train
CCC,2014B,1493739,3,train
CCC,2014B,1514245,1,calib
CCC,2014B,1534494,2,train
CCC,2014B,1541906,4,train
CCC,2014B,1551895,1,calib
CCC,2014B,1560205,3,train
CCC,2014B,1561431,1,calib
CCC,2014B,1568828,2,train
CCC,2014B,1591013,2,train
CCC,2014B,1600062,3,train
CCC,2014B,1619251,0,test
CCC,2014B,1632487,0,test
CCC,2014B,1638548,3,train
CCC,2014B,1644328,4,train
CCC,2014B,1649896,2,train
CCC,2014B,1656486,4,train
CCC,2014B,1664810,2,train
CCC,2014B,1668504,4,train
CCC,2014B,1671811,4,train
CCC,2014B,1672690,3,train
CCC,2014B,1673876,0,test
CCC,2014B,1678014,3,train
CCC,2014B,1678800,1,calib
CCC,2014B,1691815,1,calib
CCC,2014B,1694780,0,test
CCC,2014B,1715237,2,train
CCC,2014B,1739026,1,calib
CCC,2014B,1750405,3,train
CCC,2014B,1753458,4,train
CCC,2014B,1763378,1,calib
CCC,2014B,1769985,4,train
CCC,2014B,1774071,4,train
CCC,2014B,1780737,1,calib
CCC,2014B,1781834,3,train
CCC,2014B,1828112,3,train
CCC,2014B,1841267,2,train
CCC,2014B,1848820,0,test
CCC,2014B,1855583,4,train
CCC,2014B,1876636,3,train
CCC,2014B,1877015,4,train
CCC,2014B,1877732,0,test
CCC,2014B,1888343,0,test
CCC,2014B,1891323,0,test
CCC,2014B,1894419,3,train
CCC,2014B,1896088,3,train
CCC,2014B,1906919,0,test
CCC,2014B,1908526,0,test
CCC,2014B,1911513,4,train
CCC,2014B,1922200,4,train
CCC,2014B,1924641,3,train
CCC,2014B,1930146,0,test
CCC,2014B,1930644,3,train
CCC,2014B,1937511,2,train
CCC,2014B,1938024,2,train
CCC,2014B,1942999,2,train
CCC,2014B,1945240,2,train
CCC,2014B,1947911,1,calib
CCC,2014B,1951080,1,calib
CCC,2014B,1951139,0,test
CCC,2014B,1969407,2,train
CCC,2014B,1997164,4,train
CCC,2014B,2008262,0,test
CCC,2014B,2016517,1,calib
CCC,2014B,2030117,3,train
CCC,2014B,2032058,3,train
CCC,2014B,2044299,0,test
CCC,2014B,2047421,3,train
CCC,2014B,2049668,0,test
CCC,2014B,2056643,4,train
CCC,2014B,2063578,0,test
CCC,2014B,2064873,2,train
CCC,2014B,2066504,1,calib
CCC,2014B,2080916,1,calib
CCC,2014B,2087182,0,test
CCC,2014B,2088765,2,train
CCC,2014B,2096918,3,train
CCC,2014B,2109119,2,train
CCC,2014B,2110039,3,train
CCC,2014B,2113778,2,train
CCC,2014B,2131908,3,train
CCC,2014B,2134237,2,train
CCC,2014B,2134304,3,train
CCC,2014B,2139037,1,calib
CCC,2014B,2139273,4,train
CCC,2014B,2142662,0,test
CCC,2014B,2146277,2,train
CCC,2014B,2147620,3,train
CCC,2014B,2147713,0,test
CCC,2014B,2148297,2,train
CCC,2014B,2156058,0,test
CCC,2014B,2171264,3,train
CCC,2014B,2171834,1,calib
CCC,2014B,2178929,1,calib
CCC,2014B,2187422,0,test
CCC,2014B,2188680,2,train
CCC,2014B,2198356,0,test
CCC,2014B,2202076,0,test
CCC,2014B,2211797,4,train
CCC,2014B,2213982,3,train
CCC,2014B,2229583,1,calib
CCC,2014B,2236538,0,test
CCC,2014B,2238904,0,test
CCC,2014B,2239848,0,test
CCC,2014B,2241036,4,train
CCC,2014B,2247222,2,train
CCC,2014B,2252437,0,test
CCC,2014B,2258228,0,test
CCC,2014B,2289032,4,train
CCC,2014B,2298895,3,train
CCC,2014B,2327710,1,calib
CCC,2014B,2329539,3,train
CCC,2014B,2341839,4,train
CCC,2014B,2343809,2,train
CCC,2014B,2347802,0,test
CCC,2014B,2355744,2,train
CCC,2014B,2358707,4,train
CCC,2014B,2365009,0,test
CCC,2014B,2367058,0,test
CCC,2014B,2374376,2,train
CCC,2014B,2375259,1,calib
CCC,2014B,2383036,4,train
CCC,2014B,2384615,2,train
CCC,2014B,2384687,3,train
CCC,2014B,2389754,3,train
CCC,2014B,2391004,1,calib
CCC,2014B,2394090,4,train
CCC,2014B,2408651,3,train
CCC,2014B,2410459,3,train
CCC,2014B,2410519,3,train
CCC,2014B,2418732,3,train
CCC,2014B,2419115,3,train
CCC,2014B,2421961,1,calib
CCC,2014B,2433069,4,train
CCC,2014B,2433221,0,test
CCC,2014B,2436400,2,train
CCC,2014B,2446778,1,calib
CCC,2014B,2447528,3,train
CCC,2014B,2451726,3,train
CCC,2014B,2454878,1,calib
CCC,2014B,2464727,3,train
CCC,2014B,2471283,3,train
CCC,2014B,2473058,2,train
CCC,2014B,2478799,4,train
CCC,2014B,2486769,3,train
CCC,2014B,2488382,3,train
CCC,2014B,2488713,2,train
CCC,2014B,2493107,0,test
CCC,2014B,2494507,3,train
CCC,2014B,2498388,3,train
CCC,2014B,2503063,3,train
CCC,2014B,2513997,4,train
CCC,2014B,2517778,4,train
CCC,2014B,2522932,1,calib
CCC,2014B,2524572,2,train
CCC,2014B,2526493,4,train
CCC,2014B,2529663,0,test
CCC,2014B,2530985,3,train
CCC,2014B,2545113,3,train
CCC,2014B,2548877,0,test
CCC,2014B,2555596,3,train
CCC,2014B,2556060,2,train
CCC,2014B,2558365,3,train
CCC,2014B,2564333,3,train
CCC,2014B,2564711,0,test
CCC,2014B,2567038,3,train
CCC,2014B,2569090,1,calib
CCC,2014B,2569834,2,train
CCC,2014B,2569912,3,train
CCC,2014B,2576298,1,calib
CCC,2014B,2577091,3,train
CCC,2014B,2581603,3,train
CCC,2014B,2588201,1,calib
CCC,2014B,2591014,2,train
CCC,2014B,2598913,4,train
CCC,2014B,2602235,4,train
CCC,2014B,2602264,0,test
CCC,2014B,2603195,1,calib
CCC,2014B,2604856,1,calib
CCC,2014B,2605030,3,train
CCC,2014B,2607849,4,train
CCC,2014B,2609908,3,train
CCC,2014B,2613331,0,test
CCC,2014B,2615849,1,calib
CCC,2014B,2616950,0,test
CCC,2014B,2617635,0,test
CCC,2014B,2620636,0,test
CCC,2014B,2621379,0,test
CCC,2014B,2621734,1,calib
CCC,2014B,2623263,0,test
CCC,2014B,2629436,0,test
CCC,2014B,2631547,2,train
CCC,2014B,2631703,3,train
CCC,2014B,2634238,0,test
CCC,2014B,2639310,4,train
CCC,2014B,2641486,1,calib
CCC,2014B,2644404,0,test
CCC,2014B,2646795,2,train
CCC,2014B,2652523,4,train
CCC,2014B,2658268,0,test
CCC,2014B,2659556,4,train
CCC,2014B,2661696,3,train
CCC,2014B,2665399,0,test
CCC,2014B,2668550,3,train
CCC,2014B,2677969,0,test
CCC,2014B,2680742,3,train
CCC,2014B,2681198,3,train
CCC,2014B,2682834,2,train
CCC,2014B,2686074,3,train
CCC,2014B,2686578,4,train
CCC,2014B,2691267,1,calib
CCC,2014B,2691780,0,test
CCC,2014B,2692327,4,train
CCC,2014B,2697181,3,train
CCC,2014B,2698535,3,train
CCC,2014J,23698,1,calib
CCC,2014J,25261,3,train
CCC,2014J,27116,0,test
CCC,2014J,28787,2,train
CCC,2014J,28952,1,calib
CCC,2014J,29411,2,train
CCC,2014J,29420,0,test
CCC,2014J,29639,1,calib
CCC,2014J,30096,2,train
CCC,2014J,30850,2,train
CCC,2014J,31161,0,test
CCC,2014J,34068,4,train
CCC,2014J,35355,1,calib
CCC,2014J,35508,2,train
CCC,2014J,37652,3,train
CCC,2014J,42746,2,train
CCC,2014J,46705,4,train
CCC,2014J,48635,2,train
CCC,2014J,51576,2,train
CCC,2014J,53300,2,train
CCC,2014J,54062,3,train
CCC,2014J,60809,2,train
CCC,2014J,61227,0,test
CCC,2014J,61236,3,train
CCC,2014J,63371,0,test
CCC,2014J,67685,2,train
CCC,2014J,69494,1,calib
CCC,2014J,70214,0,test
CCC,2014J,70495,3,train
CCC,2014J,71723,3,train
CCC,2014J,72609,2,train
CCC,2014J,73664,4,train
CCC,2014J,74290,1,calib
CCC,2014J,76949,4,train
CCC,2014J,79461,4,train
CCC,2014J,80243,0,test
CCC,2014J,80329,4,train
CCC,2014J,80491,3,train
CCC,2014J,80868,2,train
CCC,2014J,88758,3,train
CCC,2014J,91040,1,calib
CCC,2014J,94978,3,train
CCC,2014J,96864,4,train
CCC,2014J,96874,1,calib
CCC,2014J,100788,1,calib
CCC,2014J,101700,2,train
CCC,2014J,102209,2,train
CCC,2014J,104480,1,calib
CCC,2014J,105168,1,calib
CCC,2014J,105413,3,train
CCC,2014J,107883,3,train
CCC,2014J,109577,2,train
CCC,2014J,112454,0,test
CCC,2014J,114367,3,train
CCC,2014J,119310,1,calib
CCC,2014J,120236,0,test
CCC,2014J,123598,3,train
CCC,2014J,124711,0,test
CCC,2014J,125777,0,test
CCC,2014J,126812,3,train
CCC,2014J,128072,0,test
CCC,2014J,128510,2,train
CCC,2014J,129198,1,calib
CCC,2014J,130671,3,train
CCC,2014J,131222,3,train
CCC,2014J,131663,1,calib
CCC,2014J,131933,0,test
CCC,2014J,132423,0,test
CCC,2014J,133419,0,test
CCC,2014J,134190,1,calib
CCC,2014J,134982,1,calib
CCC,2014J,136335,0,test
CCC,2014J,137281,2,train
CCC,2014J,138861,4,train
CCC,2014J,138997,3,train
CCC,2014J,142092,2,train
CCC,2014J,144745,0,test
CCC,2014J,145114,1,calib
CCC,2014J,145490,3,train
CCC,2014J,145640,1,calib
CCC,2014J,152626,3,train
CCC,2014J,153788,4,train
CCC,2014J,155298,0,test
CCC,2014J,155956,3,train
CCC,2014J,157310,4,train
CCC,2014J,160536,4,train
CCC,2014J,161781,2,train
CCC,2014J,163067,1,calib
CCC,2014J,164968,0,test
CCC,2014J,165647,4,train
CCC,2014J,165733,0,test
CCC,2014J,169297,1,calib
CCC,2014J,170030,2,train
CCC,2014J,171896,4,train
CCC,2014J,175638,3,train
CCC,2014J,178072,3,train
CCC,2014J,181861,1,calib
CCC,2014J,182854,1,calib
CCC,2014J,185057,2,train
CCC,2014J,185127,3,train
CCC,2014J,185451,1,calib
CCC,2014J,188251,1,calib
CCC,2014J,188273,3,train
CCC,2014J,188662,0,test
CCC,2014J,190780,1,calib
CCC,2014J,196189,4,train
CCC,2014J,199261,0,test
CCC,2014J,199361,2,train
CCC,2014J,199760,1,calib
CCC,2014J,200372,4,train
CCC,2014J,201425,4,train
CCC,2014J,205218,4,train
CCC,2014J,232072,3,train
CCC,2014J,233444,3,train
CCC,2014J,234957,3,train
CCC,2014J,235121,2,train
CCC,2014J,238255,1,calib
CCC,2014J,240486,2,train
CCC,2014J,242636,3,train
CCC,2014J,242778,0,test
CCC,2014J,243358,3,train
CCC,2014J,244738,3,train
CCC,2014J,245217,2,train
CCC,2014J,245600,1,calib
CCC,2014J,246829,2,train
CCC,2014J,247304,0,test
CCC,2014J,248818,1,calib
CCC,2014J,253013,0,test
CCC,2014J,253496,2,train
CCC,2014J,256532,0,test
CCC,2014J,256680,1,calib
CCC,2014J,256867,4,train
CCC,2014J,257887,2,train
CCC,2014J,258042,1,calib
CCC,2014J,259641,1,calib
CCC,2014J,260062,0,test
CCC,2014J,261160,1,calib
CCC,2014J,262385,1,calib
CCC,2014J,263150,4,train
CCC,2014J,264151,0,test
CCC,2014J,264715,0,test
CCC,2014J,264723,4,train
CCC,2014J,264845,3,train
CCC,2014J,266097,3,train
CCC,2014J,266558,3,train
CCC,2014J,267619,4,train
CCC,2014J,268018,2,train
CCC,2014J,269388,3,train
CCC,2014J,271526,0,test
CCC,2014J,275297,3,train
CCC,2014J,275711,1,calib
CCC,2014J,275882,2,train
CCC,2014J,278413,1,calib
CCC,2014J,278600,0,test
CCC,2014J,279879,0,test
CCC,2014J,279883,0,test
CCC,2014J,283618,3,train
CCC,2014J,284095,3,train
CCC,2014J,284741,2,train
CCC,2014J,285412,3,train
CCC,2014J,285637,1,calib
CCC,2014J,286658,1,calib
CCC,2014J,287897,3,train
CCC,2014J,289397,0,test
CCC,2014J,290043,0,test
CCC,2014J,291156,1,calib
CCC,2014J,291674,0,test
CCC,2014J,293162,0,test
CCC,2014J,293321,1,calib
CCC,2014J,293686,1,calib
CCC,2014J,294112,2,train
CCC,2014J,296222,3,train
CCC,2014J,296725,0,test
CCC,2014J,297166,3,train
CCC,2014J,298777,3,train
CCC,2014J,300611,2,train
CCC,2014J,301681,4,train
CCC,2014J,303218,3,train
CCC,2014J,305036,4,train
CCC,2014J,306202,3,train
CCC,2014J,307297,4,train
CCC,2014J,307789,1,calib
CCC,2014J,308953,0,test
CCC,2014J,310280,4,train
CCC,2014J,310765,0,test
CCC,2014J,311332,4,train
CCC,2014J,311862,2,train
CCC,2014J,312061,1,calib
CCC,2014J,314555,2,train
CCC,2014J,314956,0,test
CCC,2014J,316091,3,train
CCC,2014J,316454,1,calib
CCC,2014J,317801,0,test
CCC,2014J,319035,0,test
CCC,2014J,319492,1,calib
CCC,2014J,320153,2,train
CCC,2014J,322499,3,train
CCC,2014J,322641,0,test
CCC,2014J,322844,4,train
CCC,2014J,322907,4,train
CCC,2014J,324338,0,test
CCC,2014J,324440,3,train
CCC,2014J,325497,1,calib
CCC,2014J,325518,2,train
CCC,2014J,327057,0,test
CCC,2014J,328123,3,train
CCC,2014J,328674,0,test
CCC,2014J,329455,3,train
CCC,2014J,330453,1,calib
CCC,2014J,330952,0,test
CCC,2014J,330966,1,calib
CCC,2014J,331622,3,train
CCC,2014J,332436,1,calib
CCC,2014J,334154,3,train
CCC,2014J,334225,2,train
CCC,2014J,335401,2,train
CCC,2014J,335405,3,train
CCC,2014J,335914,4,train
CCC,2014J,336014,3,train
CCC,2014J,336131,4,train
CCC,2014J,336695,4,train
CCC,2014J,336772,1,calib
CCC,2014J,338731,0,test
CCC,2014J,338983,0,test
CCC,2014J,339235,1,calib
CCC,2014J,339824,3,train
CCC,2014J,340010,3,train
CCC,2014J,341361,4,train
CCC,2014J,342799,0,test
CCC,2014J,344740,1,calib
CCC,2014J,347809,0,test
CCC,2014J,348351,4,train
CCC,2014J,348783,3,train
CCC,2014J,348855,3,train
CCC,2014J,349093,1,calib
CCC,2014J,350267,2,train
CCC,2014J,350929,4,train
CCC,2014J,351903,1,calib
CCC,2014J,352637,4,train
CCC,2014J,353660,1,calib
CCC,2014J,353804,4,train
CCC,2014J,354688,4,train
CCC,2014J,355935,2,train
CCC,2014J,356297,4,train
CCC,2014J,356523,2,train
CCC,2014J,357820,2,train
CCC,2014J,358075,1,calib
CCC,2014J,358578,1,calib
CCC,2014J,359657,1,calib
CCC,2014J,359958,0,test
CCC,2014J,360483,2,train
CCC,2014J,362140,1,calib
CCC,2014J,362548,4,train
CCC,2014J,364066,4,train
CCC,2014J,364103,0,test
CCC,2014J,365661,1,calib
CCC,2014J,365701,3,train
CCC,2014J,366164,1,calib
CCC,2014J,366367,3,train
CCC,2014J,366873,0,test
CCC,2014J,367352,1,calib
CCC,2014J,367510,0,test
CCC,2014J,367815,3,train
CCC,2014J,368436,3,train
CCC,2014J,369208,2,train
CCC,2014J,369242,0,test
CCC,2014J,369610,3,train
CCC,2014J,370512,3,train
CCC,2014J,370839,3,train
CCC,2014J,371429,1,calib
CCC,2014J,371439,3,train
CCC,2014J,372234,0,test
CCC,2014J,372577,3,train
CCC,2014J,378576,2,train
CCC,2014J,379042,4,train
CCC,2014J,379185,1,calib
CCC,2014J,379255,2,train
CCC,2014J,379265,3,train
CCC,2014J,379406,3,train
CCC,2014J,382378,4,train
CCC,2014J,382857,1,calib
CCC,2014J,384106,3,train
CCC,2014J,385033,4,train
CCC,2014J,385980,3,train
CCC,2014J,387944,4,train
CCC,2014J,387963,4,train
CCC,2014J,389250,4,train
CCC,2014J,389267,1,calib
CCC,2014J,391059,3,train
CCC,2014J,391466,0,test
CCC,2014J,392890,0,test
CCC,2014J,393094,3,train
CCC,2014J,393142,3,train
CCC,2014J,393526,4,train
CCC,2014J,394218,3,train
CCC,2014J,394791,2,train
CCC,2014J,395757,3,train
CCC,2014J,396631,0,test
CCC,2014J,398496,1,calib
CCC,2014J,400266,4,train
CCC,2014J,400958,3,train
CCC,2014J,401011,4,train
CCC,2014J,401258,4,train
CCC,2014J,402210,1,calib
CCC,2014J,402378,0,test
CCC,2014J,402883,0,test
CCC,2014J,404863,2,train
CCC,2014J,405125,4,train
CCC,2014J,406254,3,train
CCC,2014J,406326,2,train
CCC,2014J,406698,3,train
CCC,2014J,407404,1,calib
CCC,2014J,408608,0,test
CCC,2014J,409733,0,test
CCC,2014J,409852,3,train
CCC,2014J,409953,2,train
CCC,2014J,410176,4,train
CCC,2014J,411549,1,calib
CCC,2014J,412304,2,train
CCC,2014J,412600,3,train
CCC,2014J,412663,1,calib
CCC,2014J,413087,0,test
CCC,2014J,413200,0,test
CCC,2014J,414772,0,test
CCC,2014J,415023,0,test
CCC,2014J,415631,4,train
CCC,2014J,416284,4,train
CCC,2014J,416860,1,calib
CCC,2014J,417522,2,train
CCC,2014J,417724,0,test
CCC,2014J,418397,3,train
CCC,2014J,418971,0,test
CCC,2014J,419024,2,train
CCC,2014J,420042,0,test
CCC,2014J,421111,2,train
CCC,2014J,422343,3,train
CCC,2014J,422542,1,calib
CCC,2014J,422670,3,train
CCC,2014J,422697,0,test
CCC,2014J,423607,3,train
CCC,2014J,423622,4,train
CCC,2014J,423664,0,test
CCC,2014J,425053,4,train
CCC,2014J,425287,4,train
CCC,2014J,425919,3,train
CCC,2014J,426316,3,train
CCC,2014J,427390,4,train
CCC,2014J,427413,0,test
CCC,2014J,429015,4,train
CCC,2014J,430020,3,train
CCC,2014J,430487,1,calib
CCC,2014J,430806,2,train
CCC,2014J,432478,4,train
CCC,2014J,432724,0,test
CCC,2014J,433508,4,train
CCC,2014J,433794,2,train
CCC,2014J,434841,3,train
CCC,2014J,436900,4,train
CCC,2014J,437482,3,train
CCC,2014J,437968,0,test
CCC,2014J,439855,2,train
CCC,2014J,440103,2,train
CCC,2014J,440171,3,train
CCC,2014J,440637,0,test
CCC,2014J,441024,0,test
CCC,2014J,442669,3,train
CCC,2014J,442823,0,test
CCC,2014J,442924,2,train
CCC,2014J,443837,4,train
CCC,2014J,443964,1,calib
CCC,2014J,445114,3,train
CCC,2014J,445921,1,calib
CCC,2014J,446439,2,train
CCC,2014J,446479,1,calib
CCC,2014J,446778,3,train
CCC,2014J,447644,1,calib
CCC,2014J,447695,3,train
CCC,2014J,448370,2,train
CCC,2014J,464732,4,train
CCC,2014J,464780,2,train
CCC,2014J,464924,1,calib
CCC,2014J,464981,3,train
CCC,2014J,465281,1,calib
CCC,2014J,465331,4,train
CCC,2014J,465577,1,calib
CCC,2014J,465619,4,train
CCC,2014J,465732,2,train
CCC,2014J,465764,3,train
CCC,2014J,465789,3,train
CCC,2014J,465900,1,calib
CCC,2014J,466360,3,train
CCC,2014J,466372,4,train
CCC,2014J,466430,2,train
CCC,2014J,467144,0,test
CCC,2014J,467381,3,train
CCC,2014J,467753,2,train
CCC,2014J,468623,3,train
CCC,2014J,468902,0,test
CCC,2014J,469281,4,train
CCC,2014J,469614,0,test
CCC,2014J,469887,0,test
CCC,2014J,470159,3,train
CCC,2014J,470253,2,train
CCC,2014J,470385,3,train
CCC,2014J,470617,2,train
CCC,2014J,470914,2,train
CCC,2014J,471027,1,calib
CCC,2014J,471374,2,train
CCC,2014J,471580,0,test
CCC,2014J,471810,2,train
CCC,2014J,471977,2,train
CCC,2014J,472290,2,train
CCC,2014J,472309,3,train
CCC,2014J,472616,3,train
CCC,2014J,472651,2,train
CCC,2014J,472736,4,train
CCC,2014J,472762,1,calib
CCC,2014J,473082,4,train
CCC,2014J,473491,4,train
CCC,2014J,474377,3,train
CCC,2014J,474495,0,test
CCC,2014J,474628,0,test
CCC,2014J,475065,4,train
CCC,2014J,475149,2,train
CCC,2014J,475163,3,train
CCC,2014J,475734,3,train
CCC,2014J,477099,4,train
CCC,2014J,477185,2,train
CCC,2014J,477246,3,train
CCC,2014J,477488,3,train
CCC,2014J,478346,1,calib
CCC,2014J,478496,4,train
CCC,2014J,478513,0,test
CCC,2014J,478562,3,train
CCC,2014J,479522,1,calib
CCC,2014J,479649,1,calib
CCC,2014J,479987,0,test
CCC,2014J,480115,1,calib
CCC,2014J,481169,3,train
CCC,2014J,481314,2,train
CCC,2014J,481350,4,train
CCC,2014J,481618,1,calib
CCC,2014J,482145,4,train
CCC,2014J,482751,3,train
CCC,2014J,482868,1,calib
CCC,2014J,482938,2,train
CCC,2014J,483108,0,test
CCC,2014J,483543,1,calib
CCC,2014J,483666,1,calib
CCC,2014J,483793,2,train
CCC,2014J,483858,3,train
CCC,2014J,484223,4,train
CCC,2014J,484435,4,train
CCC,2014J,484787,1,calib
CCC,2014J,485920,0,test
CCC,2014J,485949,0,test
CCC,2014J,486300,3,train
CCC,2014J,486877,1,calib
CCC,2014J,487314,1,calib
CCC,2014J,487570,3,train
CCC,2014J,488192,1,calib
CCC,2014J,488617,3,train
CCC,2014J,488755,2,train
CCC,2014J,489990,3,train
CCC,2014J,490313,0,test
CCC,2014J,490394,4,train
CCC,2014J,490443,0,test
CCC,2014J,490542,0,test
CCC,2014J,491033,2,train
CCC,2014J,491926,1,calib
CCC,2014J,492020,1,calib
CCC,2014J,492357,0,test
CCC,2014J,492537,3,train
CCC,2014J,492613,2,train
CCC,2014J,493416,0,test
CCC,2014J,494211,4,train
CCC,2014J,494498,2,train
CCC,2014J,494829,1,calib
CCC,2014J,494911,3,train
CCC,2014J,495438,2,train
CCC,2014J,496355,0,test
CCC,2014J,496530,3,train
CCC,2014J,496845,3,train
CCC,2014J,497536,4,train
CCC,2014J,497955,0,test
CCC,2014J,498225,4,train
CCC,2014J,498236,0,test
CCC,2014J,498459,4,train
CCC,2014J,498602,4,train
CCC,2014J,498828,1,calib
CCC,2014J,499420,4,train
CCC,2014J,499683,0,test
CCC,2014J,499703,1,calib
CCC,2014J,499813,4,train
CCC,2014J,499848,0,test
CCC,2014J,500031,3,train
CCC,2014J,500189,0,test
CCC,2014J,500339,2,train
CCC,2014J,500440,4,train
CCC,2014J,501146,2,train
CCC,2014J,501617,1,calib
CCC,2014J,501867,0,test
CCC,2014J,501897,1,calib
CCC,2014J,502004,1,calib
CCC,2014J,502353,0,test
CCC,2014J,502356,1,calib
CCC,2014J,502766,0,test
CCC,2014J,503400,1,calib
CCC,2014J,503457,3,train
CCC,2014J,503610,1,calib
CCC,2014J,503710,3,train
CCC,2014J,503779,0,test
CCC,2014J,504363,4,train
CCC,2014J,505108,2,train
CCC,2014J,505403,0,test
CCC,2014J,505700,2,train
CCC,2014J,505722,3,train
CCC,2014J,505815,3,train
CCC,2014J,505930,2,train
CCC,2014J,505967,1,calib
CCC,2014J,506144,4,train
CCC,2014J,506543,4,train
CCC,2014J,506705,0,test
CCC,2014J,507031,2,train
CCC,2014J,507344,4,train
CCC,2014J,507671,4,train
CCC,2014J,508244,3,train
CCC,2014J,508295,4,train
CCC,2014J,508637,2,train
CCC,2014J,508775,0,test
CCC,2014J,509148,4,train
CCC,2014J,509150,0,test
CCC,2014J,509177,2,train
CCC,2014J,509710,0,test
CCC,2014J,510054,0,test
CCC,2014J,510070,2,train
CCC,2014J,510266,1,calib
CCC,2014J,510401,3,train
CCC,2014J,510460,0,test
CCC,2014J,510846,3,train
CCC,2014J,511258,4,train
CCC,2014J,511350,2,train
CCC,2014J,511612,4,train
CCC,2014J,511859,4,train
CCC,2014J,512257,0,test
CCC,2014J,512259,1,calib
CCC,2014J,512330,4,train
CCC,2014J,512546,4,train
CCC,2014J,512852,4,train
CCC,2014J,512861,1,calib
CCC,2014J,513918,1,calib
CCC,2014J,513969,2,train
CCC,2014J,514504,0,test
CCC,2014J,515125,0,test
CCC,2014J,515426,0,test
CCC,2014J,515491,2,train
CCC,2014J,515734,2,train
CCC,2014J,515857,1,calib
CCC,2014J,517223,3,train
CCC,2014J,517416,4,train
CCC,2014J,518134,2,train
CCC,2014J,518359,3,train
CCC,2014J,518503,1,calib
CCC,2014J,519057,2,train
CCC,2014J,519116,1,calib
CCC,2014J,519506,0,test
CCC,2014J,519684,4,train
CCC,2014J,519879,2,train
CCC,2014J,520077,0,test
CCC,2014J,520332,4,train
CCC,2014J,520750,1,calib
CCC,2014J,520854,1,calib
CCC,2014J,521115,1,calib
CCC,2014J,521292,4,train
CCC,2014J,522004,0,test
CCC,2014J,522257,2,train
CCC,2014J,522525,1,calib
CCC,2014J,522534,1,calib
CCC,2014J,522708,0,test
CCC,2014J,522754,1,calib
CCC,2014J,522924,2,train
CCC,2014J,523239,0,test
CCC,2014J,523334,3,train
CCC,2014J,523762,3,train
CCC,2014J,523817,0,test
CCC,2014J,523872,4,train
CCC,2014J,523944,1,calib
CCC,2014J,524019,2,train
CCC,2014J,524170,3,train
CCC,2014J,524276,3,train
CCC,2014J,524431,1,calib
CCC,2014J,524851,2,train
CCC,2014J,525060,1,calib
CCC,2014J,526124,3,train
CCC,2014J,526132,2,train
CCC,2014J,526235,3,train
CCC,2014J,526441,2,train
CCC,2014J,526601,3,train
CCC,2014J,526741,0,test
CCC,2014J,527958,0,test
CCC,2014J,528021,3,train
CCC,2014J,528290,2,train
CCC,2014J,528506,2,train
CCC,2014J,528700,2,train
CCC,2014J,529179,2,train
CCC,2014J,529309,4,train
CCC,2014J,529512,4,train
CCC,2014J,529550,4,train
CCC,2014J,529723,0,test
CCC,2014J,529975,3,train
CCC,2014J,530663,0,test
CCC,2014J,531674,1,calib
CCC,2014J,531896,0,test
CCC,2014J,532440,3,train
CCC,2014J,532565,0,test
CCC,2014J,532649,3,train
CCC,2014J,532744,2,train
CCC,2014J,532846,4,train
CCC,2014J,533006,1,calib
CCC,2014J,533512,3,train
CCC,2014J,533689,4,train
CCC,2014J,534074,0,test
CCC,2014J,534093,2,train
CCC,2014J,534203,3,train
CCC,2014J,534733,1,calib
CCC,2014J,535161,1,calib
CCC,2014J,535259,1,calib
CCC,2014J,535648,2,train
CCC,2014J,536276,0,test
CCC,2014J,536736,1,calib
CCC,2014J,536825,4,train
CCC,2014J,537654,0,test
CCC,2014J,537811,4,train
CCC,2014J,539408,0,test
CCC,2014J,539451,0,test
CCC,2014J,539727,1,calib
CCC,2014J,540509,3,train
CCC,2014J,540694,4,train
CCC,2014J,540885,1,calib
CCC,2014J,541040,4,train
CCC,2014J,541482,0,test
CCC,2014J,541531,3,train
CCC,2014J,541538,0,test
CCC,2014J,541708,1,calib
CCC,2014J,542054,3,train
CCC,2014J,542134,1,calib
CCC,2014J,542167,2,train
CCC,2014J,542180,3,train
CCC,2014J,542557,1,calib
CCC,2014J,543417,4,train
CCC,2014J,543653,3,train
CCC,2014J,543788,1,calib
CCC,2014J,543953,0,test
CCC,2014J,544052,2,train
CCC,2014J,544071,2,train
CCC,2014J,544267,0,test
CCC,2014J,544271,4,train
CCC,2014J,544319,2,train
CCC,2014J,544720,0,test
CCC,2014J,545118,1,calib
CCC,2014J,545255,4,train
CCC,2014J,545493,3,train
CCC,2014J,545704,0,test
CCC,2014J,545758,1,calib
CCC,2014J,546139,2,train
CCC,2014J,546400,1,calib
CCC,2014J,546634,3,train
CCC,2014J,546654,4,train
CCC,2014J,546934,2,train
CCC,2014J,547128,3,train
CCC,2014J,547153,1,calib
CCC,2014J,547506,3,train
CCC,2014J,547612,1,calib
CCC,2014J,548922,4,train
CCC,2014J,548926,3,train
CCC,2014J,549113,0,test
CCC,2014J,549439,2,train
CCC,2014J,549677,2,train
CCC,2014J,549687,4,train
CCC,2014J,549706,1,calib
CCC,2014J,549769,3,train
CCC,2014J,549783,3,train
CCC,2014J,549888,0,test
CCC,2014J,549922,4,train
CCC,2014J,550393,4,train
CCC,2014J,550545,1,calib
CCC,2014J,550702,4,train
CCC,2014J,550814,0,test
CCC,2014J,551158,0,test
CCC,2014J,551214,1,calib
CCC,2014J,551220,2,train
CCC,2014J,551332,0,test
CCC,2014J,551397,0,test
CCC,2014J,551589,2,train
CCC,2014J,551772,4,train
CCC,2014J,551791,2,train
CCC,2014J,552220,2,train
CCC,2014J,552255,0,test
CCC,2014J,552475,3,train
CCC,2014J,552498,0,test
CCC,2014J,552666,3,train
CCC,2014J,552965,0,test
CCC,2014J,553599,1,calib
CCC,2014J,553719,2,train
CCC,2014J,553741,1,calib
CCC,2014J,554065,1,calib
CCC,2014J,554266,4,train
CCC,2014J,554444,0,test
CCC,2014J,554459,3,train
CCC,2014J,554691,1,calib
CCC,2014J,554761,0,test
CCC,2014J,555498,1,calib
CCC,2014J,555760,1,calib
CCC,2014J,555884,4,train
CCC,2014J,555989,1,calib
CCC,2014J,556140,4,train
CCC,2014J,556251,4,train
CCC,2014J,556440,2,train
CCC,2014J,556450,4,train
CCC,2014J,556476,1,calib
CCC,2014J,556521,4,train
CCC,2014J,556645,2,train
CCC,2014J,556788,2,train
CCC,2014J,556824,1,calib
CCC,2014J,557608,2,train
CCC,2014J,557650,3,train
CCC,2014J,557700,4,train
CCC,2014J,557959,1,calib
CCC,2014J,558440,4,train
CCC,2014J,558463,3,train
CCC,2014J,558839,0,test
CCC,2014J,559225,0,test
CCC,2014J,559518,2,train
CCC,2014J,559672,3,train
CCC,2014J,559863,2,train
CCC,2014J,559912,1,calib
CCC,2014J,560064,1,calib
CCC,2014J,560065,3,train
CCC,2014J,560399,1,calib
CCC,2014J,560554,1,calib
CCC,2014J,560723,0,test
CCC,2014J,560784,2,train
CCC,2014J,560879,2,train
CCC,2014J,561009,3,train
CCC,2014J,561113,3,train
CCC,2014J,561195,0,test
CCC,2014J,561208,3,train
CCC,2014J,561476,3,train
CCC,2014J,561560,4,train
CCC,2014J,561826,4,train
CCC,2014J,561848,2,train
CCC,2014J,561913,1,calib
CCC,2014J,562437,4,train
CCC,2014J,562884,3,train
CCC,2014J,563016,4,train
CCC,2014J,563051,3,train
CCC,2014J,563230,1,calib
CCC,2014J,563321,1,calib
CCC,2014J,563430,1,calib
CCC,2014J,563920,3,train
CCC,2014J,563951,1,calib
CCC,2014J,563967,2,train
CCC,2014J,564213,4,train
CCC,2014J,564356,0,test
CCC,2014J,564649,0,test
CCC,2014J,564714,1,calib
CCC,2014J,564931,3,train
CCC,2014J,565066,4,train
CCC,2014J,565109,0,test
CCC,2014J,565605,4,train
CCC,2014J,565707,1,calib
CCC,2014J,565743,2,train
CCC,2014J,565840,0,test
CCC,2014J,565883,1,calib
CCC,2014J,566135,2,train
CCC,2014J,566447,2,train
CCC,2014J,566464,0,test
CCC,2014J,566664,2,train
CCC,2014J,566694,2,train
CCC,2014J,566938,4,train
CCC,2014J,566979,1,calib
CCC,2014J,567152,2,train
CCC,2014J,567304,2,train
CCC,2014J,567451,0,test
CCC,2014J,567597,1,calib
CCC,2014J,567719,0,test
CCC,2014J,567888,2,train
CCC,2014J,568307,3,train
CCC,2014J,568596,2,train
CCC,2014J,568691,2,train
CCC,2014J,568948,4,train
CCC,2014J,569049,4,train
CCC,2014J,569132,3,train
CCC,2014J,569277,4,train
CCC,2014J,569625,3,train
CCC,2014J,569944,0,test
CCC,2014J,570453,1,calib
CCC,2014J,570491,0,test
CCC,2014J,570671,1,calib
CCC,2014J,570717,1,calib
CCC,2014J,570732,3,train
CCC,2014J,570757,2,train
CCC,2014J,570895,3,train
CCC,2014J,570954,0,test
CCC,2014J,570985,4,train
CCC,2014J,570997,1,calib
CCC,2014J,571131,4,train
CCC,2014J,571610,1,calib
CCC,2014J,571765,1,calib
CCC,2014J,571808,3,train
CCC,2014J,571833,2,train
CCC,2014J,571921,3,train
CCC,2014J,571950,2,train
CCC,2014J,571962,0,test
CCC,2014J,572011,1,calib
CCC,2014J,572098,4,train
CCC,2014J,572154,3,train
CCC,2014J,572231,1,calib
CCC,2014J,572250,2,train
CCC,2014J,572339,0,test
CCC,2014J,572396,3,train
CCC,2014J,572431,2,train
CCC,2014J,572537,2,train
CCC,2014J,572584,1,calib
CCC,2014J,572588,2,train
CCC,2014J,572589,4,train
CCC,2014J,572599,3,train
CCC,2014J,572659,1,calib
CCC,2014J,572735,4,train
CCC,2014J,572746,3,train
CCC,2014J,572754,0,test
CCC,2014J,572783,2,train
CCC,2014J,572816,4,train
CCC,2014J,572874,0,test
CCC,2014J,572919,3,train
CCC,2014J,573093,0,test
CCC,2014J,573153,4,train
CCC,2014J,573473,1,calib
CCC,2014J,573481,1,calib
CCC,2014J,573689,3,train
CCC,2014J,573858,0,test
CCC,2014J,573920,3,train
CCC,2014J,573924,2,train
CCC,2014J,574056,0,test
CCC,2014J,574259,1,calib
CCC,2014J,574310,3,train
CCC,2014J,574325,4,train
CCC,2014J,574507,2,train
CCC,2014J,574508,4,train
CCC,2014J,574523,3,train
CCC,2014J,574586,4,train
CCC,2014J,574590,2,train
CCC,2014J,574637,1,calib
CCC,2014J,574705,4,train
CCC,2014J,574720,0,test
CCC,2014J,574891,0,test
CCC,2014J,574928,1,calib
CCC,2014J,575039,2,train
CCC,2014J,575047,3,train
CCC,2014J,575162,2,train
CCC,2014J,575258,2,train
CCC,2014J,575265,4,train
CCC,2014J,575398,3,train
CCC,2014J,575553,3,train
CCC,2014J,575763,3,train
CCC,2014J,575766,3,train
CCC,2014J,575798,3,train
CCC,2014J,576233,1,calib
CCC,2014J,576251,1,calib
CCC,2014J,576433,0,test
CCC,2014J,576439,1,calib
CCC,2014J,576453,3,train
CCC,2014J,576541,1,calib
CCC,2014J,576568,2,train
CCC,2014J,576791,1,calib
CCC,2014J,576876,4,train
CCC,2014J,577148,0,test
CCC,2014J,577149,1,calib
CCC,2014J,577235,2,train
CCC,2014J,577279,4,train
CCC,2014J,577427,4,train
CCC,2014J,577458,2,train
CCC,2014J,577460,4,train
CCC,2014J,577551,4,train
CCC,2014J,577566,3,train
CCC,2014J,578000,2,train
CCC,2014J,578026,4,train
CCC,2014J,578634,1,calib
CCC,2014J,578815,4,train
CCC,2014J,578820,0,test
CCC,2014J,578823,1,calib
CCC,2014J,579052,1,calib
CCC,2014J,579176,2,train
CCC,2014J,579278,3,train
CCC,2014J,579283,0,test
CCC,2014J,579325,1,calib
CCC,2014J,579362,1,calib
CCC,2014J,579583,0,test
CCC,2014J,579614,3,train
CCC,2014J,580342,0,test
CCC,2014J,580384,1,calib
CCC,2014J,580657,3,train
CCC,2014J,580709,0,test
CCC,2014J,580714,1,calib
CCC,2014J,580722,4,train
CCC,2014J,580798,2,train
CCC,2014J,580845,3,train
CCC,2014J,580916,4,train
CCC,2014J,581123,3,train
CCC,2014J,581179,4,train
CCC,2014J,581247,1,calib
CCC,2014J,581288,1,calib
CCC,2014J,581316,4,train
CCC,2014J,581410,1,calib
CCC,2014J,581552,0,test
CCC,2014J,581656,2,train
CCC,2014J,581676,0,test
CCC,2014J,581708,4,train
CCC,2014J,581770,3,train
CCC,2014J,581914,2,train
CCC,2014J,582320,3,train
CCC,2014J,582340,1,calib
CCC,2014J,582395,2,train
CCC,2014J,582514,0,test
CCC,2014J,582530,1,calib
CCC,2014J,582550,3,train
CCC,2014J,582651,2,train
CCC,2014J,582723,3,train
CCC,2014J,583288,1,calib
CCC,2014J,583293,2,train
CCC,2014J,583704,2,train
CCC,2014J,583993,3,train
CCC,2014J,584077,2,train
CCC,2014J,584281,0,test
CCC,2014J,584386,0,test
CCC,2014J,584414,4,train
CCC,2014J,584443,2,train
CCC,2014J,584553,3,train
CCC,2014J,584711,0,test
CCC,2014J,584771,4,train
CCC,2014J,584926,4,train
CCC,2014J,585098,0,test
CCC,2014J,585134,2,train
CCC,2014J,585154,2,train
CCC,2014J,585222,1,calib
CCC,2014J,585359,3,train
CCC,2014J,585422,3,train
CCC,2014J,585433,2,train
CCC,2014J,585526,1,calib
CCC,2014J,585643,4,train
CCC,2014J,585662,3,train
CCC,2014J,585769,1,calib
CCC,2014J,585812,1,calib
CCC,2014J,585911,4,train
CCC,2014J,586046,1,calib
CCC,2014J,586047,0,test
CCC,2014J,586088,1,calib
CCC,2014J,586227,4,train
CCC,2014J,586233,0,test
CCC,2014J,586261,0,test
CCC,2014J,586476,3,train
CCC,2014J,586497,2,train
CCC,2014J,586526,2,train
CCC,2014J,586550,2,train
CCC,2014J,586594,3,train
CCC,2014J,586668,4,train
CCC,2014J,586750,0,test
CCC,2014J,586762,4,train
CCC,2014J,586781,0,test
CCC,2014J,586808,2,train
CCC,2014J,586838,2,train
CCC,2014J,586921,1,calib
CCC,2014J,587008,4,train
CCC,2014J,587082,4,train
CCC,2014J,587122,3,train
CCC,2014J,587195,2,train
CCC,2014J,587244,0,test
CCC,2014J,587377,3,train
CCC,2014J,587391,0,test
CCC,2014J,587547,1,calib
CCC,2014J,587550,0,test
CCC,2014J,587641,0,test
CCC,2014J,587793,3,train
CCC,2014J,587881,2,train
CCC,2014J,587900,2,train
CCC,2014J,588033,0,test
CCC,2014J,588100,1,calib
CCC,2014J,588170,3,train
CCC,2014J,588178,4,train
CCC,2014J,588261,3,train
CCC,2014J,588482,3,train
CCC,2014J,588493,4,train
CCC,2014J,588556,4,train
CCC,2014J,588566,1,calib
CCC,2014J,588765,0,test
CCC,2014J,588824,2,train
CCC,2014J,588842,4,train
CCC,2014J,589223,2,train
CCC,2014J,589327,2,train
CCC,2014J,589438,0,test
CCC,2014J,589441,1,calib
CCC,2014J,589463,4,train
CCC,2014J,589523,3,train
CCC,2014J,589565,0,test
CCC,2014J,589634,3,train
CCC,2014J,589723,3,train
CCC,2014J,589778,2,train
CCC,2014J,589782,3,train
CCC,2014J,589956,1,calib
CCC,2014J,590397,0,test
CCC,2014J,590519,0,test
CCC,2014J,590676,1,calib
CCC,2014J,590886,1,calib
CCC,2014J,590974,1,calib
CCC,2014J,591083,2,train
CCC,2014J,591230,1,calib
CCC,2014J,591593,4,train
CCC,2014J,591619,4,train
CCC,2014J,591655,0,test
CCC,2014J,591733,4,train
CCC,2014J,591869,2,train
CCC,2014J,591891,3,train
CCC,2014J,592051,2,train
CCC,2014J,592093,1,calib
CCC,2014J,592124,3,train
CCC,2014J,592259,4,train
CCC,2014J,592310,0,test
CCC,2014J,592338,3,train
CCC,2014J,592372,4,train
CCC,2014J,592494,2,train
CCC,2014J,592625,1,calib
CCC,2014J,592657,1,calib
CCC,2014J,592731,3,train
CCC,2014J,592787,2,train
CCC,2014J,592805,2,train
CCC,2014J,592950,1,calib
CCC,2014J,592951,2,train
CCC,2014J,592997,1,calib
CCC,2014J,593022,4,train
CCC,2014J,593607,2,train
CCC,2014J,593657,2,train
CCC,2014J,594052,3,train
CCC,2014J,594214,1,calib
CCC,2014J,594319,3,train
CCC,2014J,594326,1,calib
CCC,2014J,594399,4,train
CCC,2014J,594419,0,test
CCC,2014J,594627,4,train
CCC,2014J,594909,0,test
CCC,2014J,595106,3,train
CCC,2014J,595495,0,test
CCC,2014J,595514,1,calib
CCC,2014J,595553,1,calib
CCC,2014J,595655,3,train
CCC,2014J,595746,2,train
CCC,2014J,595938,3,train
CCC,2014J,595988,4,train
CCC,2014J,596052,0,test
CCC,2014J,596245,0,test
CCC,2014J,596332,1,calib
CCC,2014J,596441,0,test
CCC,2014J,596620,3,train
CCC,2014J,596711,4,train
CCC,2014J,596789,0,test
CCC,2014J,596812,3,train
CCC,2014J,596845,3,train
CCC,2014J,596846,0,test
CCC,2014J,596855,1,calib
CCC,2014J,596860,0,test
CCC,2014J,596931,0,test
CCC,2014J,596981,3,train
CCC,2014J,597052,4,train
CCC,2014J,597166,1,calib
CCC,2014J,597319,0,test
CCC,2014J,597365,4,train
CCC,2014J,597433,2,train
CCC,2014J,597436,3,train
CCC,2014J,597560,1,calib
CCC,2014J,597755,2,train
CCC,2014J,597948,4,train
CCC,2014J,598028,1,calib
CCC,2014J,598102,4,train
CCC,2014J,598299,4,train
CCC,2014J,598478,4,train
CCC,2014J,598501,3,train
CCC,2014J,598665,4,train
CCC,2014J,598713,4,train
CCC,2014J,598751,2,train
CCC,2014J,598887,2,train
CCC,2014J,598963,2,train
CCC,2014J,598983,2,train
CCC,2014J,599084,2,train
CCC,2014J,599109,4,train
CCC,2014J,599169,0,test
CCC,2014J,599176,3,train
CCC,2014J,599297,2,train
CCC,2014J,599341,4,train
CCC,2014J,599398,3,train
CCC,2014J,599429,3,train
CCC,2014J,599452,0,test
CCC,2014J,599461,2,train
CCC,2014J,599491,2,train
CCC,2014J,599663,1,calib
CCC,2014J,599740,4,train
CCC,2014J,599976,3,train
CCC,2014J,600042,4,train
CCC,2014J,600067,1,calib
CCC,2014J,600175,0,test
CCC,2014J,600350,1,calib
CCC,2014J,600509,2,train
CCC,2014J,600535,2,train
CCC,2014J,600547,4,train
CCC,2014J,600796,3,train
CCC,2014J,600814,3,train
CCC,2014J,600869,0,test
CCC,2014J,600898,4,train
CCC,2014J,601043,3,train
CCC,2014J,601054,0,test
CCC,2014J,601082,1,calib
CCC,2014J,601234,0,test
CCC,2014J,601388,0,test
CCC,2014J,601431,4,train
CCC,2014J,601517,0,test
CCC,2014J,601566,1,calib
CCC,2014J,601567,2,train
CCC,2014J,601653,1,calib
CCC,2014J,601735,2,train
CCC,2014J,601753,3,train
CCC,2014J,601857,4,train
CCC,2014J,601956,2,train
CCC,2014J,602030,1,calib
CCC,2014J,602123,0,test
CCC,2014J,602151,4,train
CCC,2014J,602288,1,calib
CCC,2014J,602533,0,test
CCC,2014J,602585,2,train
CCC,2014J,602683,2,train
CCC,2014J,602806,0,test
CCC,2014J,602827,4,train
CCC,2014J,602856,3,train
CCC,2014J,602973,1,calib
CCC,2014J,603049,1,calib
CCC,2014J,603129,0,test
CCC,2014J,603179,4,train
CCC,2014J,603302,3,train
CCC,2014J,603325,0,test
CCC,2014J,603503,2,train
CCC,2014J,603529,3,train
CCC,2014J,603560,4,train
CCC,2014J,603620,3,train
CCC,2014J,603728,4,train
CCC,2014J,603979,2,train
CCC,2014J,604057,0,test
CCC,2014J,604164,0,test
CCC,2014J,604340,1,calib
CCC,2014J,604379,1,calib
CCC,2014J,604694,3,train
CCC,2014J,604825,3,train
CCC,2014J,604906,0,test
CCC,2014J,604991,2,train
CCC,2014J,605111,1,calib
CCC,2014J,605264,2,train
CCC,2014J,605367,4,train
CCC,2014J,605459,0,test
CCC,2014J,605468,1,calib
CCC,2014J,605540,4,train
CCC,2014J,605545,3,train
CCC,2014J,605666,2,train
CCC,2014J,605840,4,train
CCC,2014J,605868,3,train
CCC,2014J,606036,3,train
CCC,2014J,606064,2,train
CCC,2014J,606170,2,train
CCC,2014J,606182,0,test
CCC,2014J,606344,0,test
CCC,2014J,606345,2,train
CCC,2014J,607047,3,train
CCC,2014J,607085,1,calib
CCC,2014J,607094,3,train
CCC,2014J,607143,2,train
CCC,2014J,607427,0,test
CCC,2014J,607429,1,calib
CCC,2014J,607453,4,train
CCC,2014J,607555,0,test
CCC,2014J,607600,0,test
CCC,2014J,607668,4,train
CCC,2014J,607812,1,calib
CCC,2014J,607900,4,train
CCC,2014J,607947,4,train
CCC,2014J,608422,3,train
CCC,2014J,608423,4,train
CCC,2014J,608571,3,train
CCC,2014J,608577,3,train
CCC,2014J,608669,3,train
CCC,2014J,608681,3,train
CCC,2014J,608746,0,test
CCC,2014J,608821,1,calib
CCC,2014J,608891,2,train
CCC,2014J,608978,1,calib
CCC,2014J,608983,0,test
CCC,2014J,609031,3,train
CCC,2014J,609044,1,calib
CCC,2014J,609235,3,train
CCC,2014J,609456,3,train
CCC,2014J,609527,4,train
CCC,2014J,609537,0,test
CCC,2014J,609605,2,train
CCC,2014J,609823,2,train
CCC,2014J,609852,4,train
CCC,2014J,609891,4,train
CCC,2014J,609969,1,calib
CCC,2014J,610019,0,test
CCC,2014J,610033,1,calib
CCC,2014J,610234,4,train
CCC,2014J,610279,1,calib
CCC,2014J,610285,3,train
CCC,2014J,610287,4,train
CCC,2014J,610324,4,train
CCC,2014J,610537,1,calib
CCC,2014J,610549,4,train
CCC,2014J,610622,4,train
CCC,2014J,610643,1,calib
CCC,2014J,610650,4,train
CCC,2014J,610681,3,train
CCC,2014J,610684,0,test
CCC,2014J,610881,4,train
CCC,2014J,610904,0,test
CCC,2014J,611033,3,train
CCC,2014J,611173,4,train
CCC,2014J,611255,3,train
CCC,2014J,611407,3,train
CCC,2014J,611417,1,calib
CCC,2014J,611465,4,train
CCC,2014J,611520,0,test
CCC,2014J,611542,4,train
CCC,2014J,611593,1,calib
CCC,2014J,611813,1,calib
CCC,2014J,611852,1,calib
CCC,2014J,612127,4,train
CCC,2014J,612177,3,train
CCC,2014J,612179,0,test
CCC,2014J,612183,4,train
CCC,2014J,612187,1,calib
CCC,2014J,612283,3,train
CCC,2014J,612327,1,calib
CCC,2014J,612439,1,calib
CCC,2014J,612449,4,train
CCC,2014J,612568,3,train
CCC,2014J,612798,4,train
CCC,2014J,612860,2,train
CCC,2014J,613122,1,calib
CCC,2014J,613237,0,test
CCC,2014J,613370,2,train
CCC,2014J,613644,4,train
CCC,2014J,613667,0,test
CCC,2014J,613806,0,test
CCC,2014J,613954,2,train
CCC,2014J,614265,2,train
CCC,2014J,614300,3,train
CCC,2014J,614458,3,train
CCC,2014J,614623,1,calib
CCC,2014J,614761,4,train
CCC,2014J,614804,2,train
CCC,2014J,615075,2,train
CCC,2014J,615225,1,calib
CCC,2014J,615241,0,test
CCC,2014J,615242,2,train
CCC,2014J,615426,0,test
CCC,2014J,616386,3,train
CCC,2014J,616407,0,test
CCC,2014J,616439,0,test
CCC,2014J,616646,2,train
CCC,2014J,616658,3,train
CCC,2014J,616789,1,calib
CCC,2014J,616870,0,test
CCC,2014J,617130,0,test
CCC,2014J,617327,3,train
CCC,2014J,617341,0,test
CCC,2014J,617418,0,test
CCC,2014J,617740,3,train
CCC,2014J,618377,4,train
CCC,2014J,618513,3,train
CCC,2014J,618590,2,train
CCC,2014J,618649,3,train
CCC,2014J,618683,2,train
CCC,2014J,618777,0,test
CCC,2014J,618849,3,train
CCC,2014J,618865,4,train
CCC,2014J,618875,2,train
CCC,2014J,618982,2,train
CCC,2014J,619359,4,train
CCC,2014J,619380,3,train
CCC,2014J,619472,4,train
CCC,2014J,619503,4,train
CCC,2014J,619927,2,train
CCC,2014J,619928,1,calib
CCC,2014J,620159,1,calib
CCC,2014J,620231,3,train
CCC,2014J,620243,0,test
CCC,2014J,620369,0,test
CCC,2014J,620484,4,train
CCC,2014J,620608,2,train
CCC,2014J,620652,1,calib
CCC,2014J,620716,0,test
CCC,2014J,620782,4,train
CCC,2014J,620819,1,calib
CCC,2014J,620897,3,train
CCC,2014J,621001,0,test
CCC,2014J,621300,3,train
CCC,2014J,621380,2,train
CCC,2014J,621414,2,train
CCC,2014J,621442,0,test
CCC,2014J,621605,4,train
CCC,2014J,621696,4,train
CCC,2014J,621699,2,train
CCC,2014J,621884,3,train
CCC,2014J,621906,1,calib
CCC,2014J,622015,0,test
CCC,2014J,622027,1,calib
CCC,2014J,622086,2,train
CCC,2014J,622096,4,train
CCC,2014J,622192,1,calib
CCC,2014J,622374,3,train
CCC,2014J,622384,4,train
CCC,2014J,622413,2,train
CCC,2014J,622425,0,test
CCC,2014J,622541,4,train
CCC,2014J,622686,4,train
CCC,2014J,622812,4,train
CCC,2014J,622890,4,train
CCC,2014J,622935,3,train
CCC,2014J,622972,2,train
CCC,2014J,622976,1,calib
CCC,2014J,623002,0,test
CCC,2014J,623079,2,train
CCC,2014J,623100,4,train
CCC,2014J,623124,4,train
CCC,2014J,623221,4,train
CCC,2014J,623407,1,calib
CCC,2014J,623484,2,train
CCC,2014J,623511,2,train
CCC,2014J,623523,4,train
CCC,2014J,624060,3,train
CCC,2014J,624092,0,test
CCC,2014J,624126,4,train
CCC,2014J,624156,2,train
CCC,2014J,624209,2,train
CCC,2014J,624256,1,calib
CCC,2014J,624354,3,train
CCC,2014J,624469,2,train
CCC,2014J,624493,4,train
CCC,2014J,624585,4,train
CCC,2014J,624730,1,calib
CCC,2014J,624789,4,train
CCC,2014J,624860,4,train
CCC,2014J,624927,0,test
CCC,2014J,624957,4,train
CCC,2014J,625067,4,train
CCC,2014J,625078,4,train
CCC,2014J,625098,3,train
CCC,2014J,625100,1,calib
CCC,2014J,625126,3,train
CCC,2014J,625218,1,calib
CCC,2014J,625263,1,calib
CCC,2014J,625288,4,train
CCC,2014J,625357,2,train
CCC,2014J,625541,2,train
CCC,2014J,625928,3,train
CCC,2014J,626103,2,train
CCC,2014J,626296,3,train
CCC,2014J,626407,4,train
CCC,2014J,626417,0,test
CCC,2014J,626463,0,test
CCC,2014J,626519,2,train
CCC,2014J,626625,1,calib
CCC,2014J,626753,0,test
CCC,2014J,626757,1,calib
CCC,2014J,626768,4,train
CCC,2014J,626878,1,calib
CCC,2014J,627184,0,test
CCC,2014J,627283,4,train
CCC,2014J,627290,1,calib
CCC,2014J,627295,1,calib
CCC,2014J,627401,2,train
CCC,2014J,627417,0,test
CCC,2014J,627450,1,calib
CCC,2014J,627471,0,test
CCC,2014J,627527,1,calib
CCC,2014J,627581,2,train
CCC,2014J,627599,0,test
CCC,2014J,627947,1,calib
CCC,2014J,628008,2,train
CCC,2014J,628034,0,test
CCC,2014J,628114,1,calib
CCC,2014J,628216,4,train
CCC,2014J,628300,2,train
CCC,2014J,628361,3,train
CCC,2014J,628376,4,train
CCC,2014J,628407,4,train
CCC,2014J,628480,2,train
CCC,2014J,628618,3,train
CCC,2014J,628706,1,calib
CCC,2014J,628717,4,train
CCC,2014J,628720,0,test
CCC,2014J,628777,1,calib
CCC,2014J,628803,2,train
CCC,2014J,628806,3,train
CCC,2014J,628846,0,test
CCC,2014J,628910,2,train
CCC,2014J,629014,4,train
CCC,2014J,629056,1,calib
CCC,2014J,629096,3,train
CCC,2014J,629400,2,train
CCC,2014J,629405,0,test
CCC,2014J,629523,1,calib
CCC,2014J,629535,4,train
CCC,2014J,629560,3,train
CCC,2014J,629607,3,train
CCC,2014J,629692,2,train
CCC,2014J,629696,3,train
CCC,2014J,629748,3,train
CCC,2014J,629822,2,train
CCC,2014J,630013,2,train
CCC,2014J,630073,3,train
CCC,2014J,630165,4,train
CCC,2014J,630177,2,train
CCC,2014J,630200,2,train
CCC,2014J,630430,2,train
CCC,2014J,630431,3,train
CCC,2014J,630452,3,train
CCC,2014J,630467,0,test
CCC,2014J,630479,2,train
CCC,2014J,630510,4,train
CCC,2014J,630519,0,test
CCC,2014J,630541,4,train
CCC,2014J,630891,3,train
CCC,2014J,630905,1,calib
CCC,2014J,630935,0,test
CCC,2014J,631016,2,train
CCC,2014J,631023,3,train
CCC,2014J,631073,3,train
CCC,2014J,631117,4,train
CCC,2014J,631247,2,train
CCC,2014J,631356,1,calib
CCC,2014J,631491,4,train
CCC,2014J,631573,1,calib
CCC,2014J,631663,2,train
CCC,2014J,631771,4,train
CCC,2014J,631851,0,test
CCC,2014J,631860,1,calib
CCC,2014J,631870,2,train
CCC,2014J,631880,0,test
CCC,2014J,631924,1,calib
CCC,2014J,632004,4,train
CCC,2014J,632083,2,train
CCC,2014J,632134,2,train
CCC,2014J,632260,2,train
CCC,2014J,632378,4,train
CCC,2014J,632389,3,train
CCC,2014J,632451,2,train
CCC,2014J,632575,2,train
CCC,2014J,632626,4,train
CCC,2014J,632637,1,calib
CCC,2014J,632700,4,train
CCC,2014J,632709,0,test
CCC,2014J,632756,2,train
CCC,2014J,632866,4,train
CCC,2014J,632904,4,train
CCC,2014J,632929,3,train
CCC,2014J,632942,3,train
CCC,2014J,633008,2,train
CCC,2014J,633047,4,train
CCC,2014J,633069,2,train
CCC,2014J,633157,3,train
CCC,2014J,633179,1,calib
CCC,2014J,633198,0,test
CCC,2014J,633205,2,train
CCC,2014J,633238,1,calib
CCC,2014J,633303,0,test
CCC,2014J,633328,1,calib
CCC,2014J,633334,4,train
CCC,2014J,633504,2,train
CCC,2014J,633511,0,test
CCC,2014J,633544,3,train
CCC,2014J,633618,4,train
CCC,2014J,633634,0,test
CCC,2014J,633647,0,test
CCC,2014J,633655,4,train
CCC,2014J,633746,1,calib
CCC,2014J,633756,3,train
CCC,2014J,633914,3,train
CCC,2014J,633960,3,train
CCC,2014J,633990,1,calib
CCC,2014J,634111,2,train
CCC,2014J,634119,2,train
CCC,2014J,634193,2,train
CCC,2014J,634200,3,train
CCC,2014J,634309,4,train
CCC,2014J,634351,0,test
CCC,2014J,634365,2,train
CCC,2014J,634420,0,test
CCC,2014J,634536,0,test
CCC,2014J,634552,4,train
CCC,2014J,634600,1,calib
CCC,2014J,634648,0,test
CCC,2014J,634655,1,calib
CCC,2014J,634721,4,train
CCC,2014J,634776,1,calib
CCC,2014J,634817,1,calib
CCC,2014J,634824,4,train
CCC,2014J,634853,1,calib
CCC,2014J,635410,0,test
CCC,2014J,635573,3,train
CCC,2014J,635711,0,test
CCC,2014J,635802,1,calib
CCC,2014J,636000,4,train
CCC,2014J,636124,1,calib
CCC,2014J,636243,2,train
CCC,2014J,636364,3,train
CCC,2014J,636387,4,train
CCC,2014J,636420,3,train
CCC,2014J,636422,4,train
CCC,2014J,636443,1,calib
CCC,2014J,636628,1,calib
CCC,2014J,636716,4,train
CCC,2014J,636732,4,train
CCC,2014J,636743,0,test
CCC,2014J,636783,1,calib
CCC,2014J,636996,2,train
CCC,2014J,637070,2,train
CCC,2014J,637086,0,test
CCC,2014J,637089,1,calib
CCC,2014J,637325,0,test
CCC,2014J,637691,3,train
CCC,2014J,637708,1,calib
CCC,2014J,637754,1,calib
CCC,2014J,637939,3,train
CCC,2014J,638018,4,train
CCC,2014J,638040,3,train
CCC,2014J,638243,2,train
CCC,2014J,638254,3,train
CCC,2014J,638426,0,test
CCC,2014J,638504,1,calib
CCC,2014J,638771,4,train
CCC,2014J,639012,2,train
CCC,2014J,639176,0,test
CCC,2014J,639232,3,train
CCC,2014J,640109,1,calib
CCC,2014J,640443,4,train
CCC,2014J,640662,3,train
CCC,2014J,640773,1,calib
CCC,2014J,641347,4,train
CCC,2014J,641363,0,test
CCC,2014J,641684,3,train
CCC,2014J,641696,1,calib
CCC,2014J,641804,4,train
CCC,2014J,642066,3,train
CCC,2014J,642261,4,train
CCC,2014J,642291,2,train
CCC,2014J,642591,3,train
CCC,2014J,642627,1,calib
CCC,2014J,642744,1,calib
CCC,2014J,642790,4,train
CCC,2014J,642817,3,train
CCC,2014J,642838,2,train
CCC,2014J,642839,2,train
CCC,2014J,642850,0,test
CCC,2014J,642902,0,test
CCC,2014J,643114,1,calib
CCC,2014J,643199,1,calib
CCC,2014J,643200,2,train
CCC,2014J,643269,2,train
CCC,2014J,643278,2,train
CCC,2014J,643309,0,test
CCC,2014J,643357,0,test
CCC,2014J,643403,2,train
CCC,2014J,643404,3,train
CCC,2014J,643416,2,train
CCC,2014J,643434,0,test
CCC,2014J,643457,3,train
CCC,2014J,643514,1,calib
CCC,2014J,643568,1,calib
CCC,2014J,643690,0,test
CCC,2014J,643757,3,train
CCC,2014J,643758,4,train
CCC,2014J,643770,0,test
CCC,2014J,644093,3,train
CCC,2014J,644242,3,train
CCC,2014J,644246,1,calib
CCC,2014J,644369,0,test
CCC,2014J,644416,3,train
CCC,2014J,644453,1,calib
CCC,2014J,644480,0,test
CCC,2014J,644516,0,test
CCC,2014J,644828,1,calib
CCC,2014J,644848,4,train
CCC,2014J,644905,2,train
CCC,2014J,644951,1,calib
CCC,2014J,644974,3,train
CCC,2014J,645124,2,train
CCC,2014J,645144,1,calib
CCC,2014J,645160,3,train
CCC,2014J,645174,0,test
CCC,2014J,645216,2,train
CCC,2014J,645219,4,train
CCC,2014J,645334,1,calib
CCC,2014J,645353,2,train
CCC,2014J,645369,3,train
CCC,2014J,645481,1,calib
CCC,2014J,645586,3,train
CCC,2014J,645590,2,train
CCC,2014J,645698,1,calib
CCC,2014J,645710,3,train
CCC,2014J,645770,2,train
CCC,2014J,645792,1,calib
CCC,2014J,645835,3,train
CCC,2014J,645847,4,train
CCC,2014J,645867,2,train
CCC,2014J,645939,4,train
CCC,2014J,645948,1,calib
CCC,2014J,646071,1,calib
CCC,2014J,646077,3,train
CCC,2014J,646173,2,train
CCC,2014J,646351,4,train
CCC,2014J,646359,3,train
CCC,2014J,646363,2,train
CCC,2014J,646406,1,calib
CCC,2014J,646413,3,train
CCC,2014J,646459,3,train
CCC,2014J,646481,0,test
CCC,2014J,646502,0,test
CCC,2014J,646547,0,test
CCC,2014J,646553,3,train
CCC,2014J,646589,2,train
CCC,2014J,646628,0,test
CCC,2014J,646689,3,train
CCC,2014J,646739,2,train
CCC,2014J,646747,1,calib
CCC,2014J,646751,3,train
CCC,2014J,646841,4,train
CCC,2014J,646938,0,test
CCC,2014J,646998,1,calib
CCC,2014J,647083,4,train
CCC,2014J,647148,1,calib
CCC,2014J,647184,3,train
CCC,2014J,647195,0,test
CCC,2014J,647391,1,calib
CCC,2014J,647406,3,train
CCC,2014J,647417,4,train
CCC,2014J,647464,3,train
CCC,2014J,647479,0,test
CCC,2014J,647518,2,train
CCC,2014J,647593,3,train
CCC,2014J,647645,0,test
CCC,2014J,647684,1,calib
CCC,2014J,647735,4,train
CCC,2014J,647763,4,train
CCC,2014J,647865,1,calib
CCC,2014J,647869,4,train
CCC,2014J,647887,0,test
CCC,2014J,647888,0,test
CCC,2014J,647947,0,test
CCC,2014J,648085,1,calib
CCC,2014J,648140,3,train
CCC,2014J,648161,0,test
CCC,2014J,648250,3,train
CCC,2014J,648285,2,train
CCC,2014J,648314,0,test
CCC,2014J,648321,3,train
CCC,2014J,648354,3,train
CCC,2014J,648363,4,train
CCC,2014J,648369,1,calib
CCC,2014J,648419,0,test
CCC,2014J,648448,0,test
CCC,2014J,648477,1,calib
CCC,2014J,648521,3,train
CCC,2014J,648536,1,calib
CCC,2014J,648590,2,train
CCC,2014J,648605,4,train
CCC,2014J,648606,2,train
CCC,2014J,648625,4,train
CCC,2014J,648649,0,test
CCC,2014J,648654,3,train
CCC,2014J,648781,3,train
CCC,2014J,648818,4,train
CCC,2014J,648819,0,test
CCC,2014J,648833,1,calib
CCC,2014J,648854,2,train
CCC,2014J,648868,2,train
CCC,2014J,648872,0,test
CCC,2014J,648959,2,train
CCC,2014J,649001,0,test
CCC,2014J,649105,4,train
CCC,2014J,649129,0,test
CCC,2014J,649141,1,calib
CCC,2014J,649215,3,train
CCC,2014J,649248,3,train
CCC,2014J,649343,1,calib
CCC,2014J,649394,1,calib
CCC,2014J,649413,4,train
CCC,2014J,649523,0,test
CCC,2014J,649592,2,train
CCC,2014J,649604,4,train
CCC,2014J,649607,0,test
CCC,2014J,649701,3,train
CCC,2014J,649761,3,train
CCC,2014J,649780,4,train
CCC,2014J,649816,2,train
CCC,2014J,649840,1,calib
CCC,2014J,649856,4,train
CCC,2014J,649868,2,train
CCC,2014J,650070,1,calib
CCC,2014J,650074,2,train
CCC,2014J,650085,0,test
CCC,2014J,650099,3,train
CCC,2014J,650105,2,train
CCC,2014J,650133,0,test
CCC,2014J,650145,2,train
CCC,2014J,650163,3,train
CCC,2014J,650271,2,train
CCC,2014J,650341,3,train
CCC,2014J,650370,1,calib
CCC,2014J,650414,2,train
CCC,2014J,650424,1,calib
CCC,2014J,650511,1,calib
CCC,2014J,650544,2,train
CCC,2014J,650787,0,test
CCC,2014J,650838,2,train
CCC,2014J,650849,1,calib
CCC,2014J,650850,4,train
CCC,2014J,650856,3,train
CCC,2014J,650863,1,calib
CCC,2014J,650927,3,train
CCC,2014J,651058,3,train
CCC,2014J,651156,3,train
CCC,2014J,651159,2,train
CCC,2014J,651187,2,train
CCC,2014J,651217,1,calib
CCC,2014J,651236,3,train
CCC,2014J,651267,3,train
CCC,2014J,651298,1,calib
CCC,2014J,651325,2,train
CCC,2014J,651371,2,train
CCC,2014J,651423,3,train
CCC,2014J,651495,4,train
CCC,2014J,651508,2,train
CCC,2014J,651616,4,train
CCC,2014J,651651,2,train
CCC,2014J,651734,2,train
CCC,2014J,651759,4,train
CCC,2014J,651764,0,test
CCC,2014J,651823,4,train
CCC,2014J,651839,2,train
CCC,2014J,651850,3,train
CCC,2014J,651935,2,train
CCC,2014J,651963,3,train
CCC,2014J,652023,2,train
CCC,2014J,652406,1,calib
CCC,2014J,652428,0,test
CCC,2014J,652501,2,train
CCC,2014J,652570,0,test
CCC,2014J,652571,1,calib
CCC,2014J,652894,4,train
CCC,2014J,652902,0,test
CCC,2014J,652945,1,calib
CCC,2014J,652971,4,train
CCC,2014J,652994,0,test
CCC,2014J,653062,4,train
CCC,2014J,653115,2,train
CCC,2014J,653127,0,test
CCC,2014J,653177,0,test
CCC,2014J,653278,1,calib
CCC,2014J,653352,4,train
CCC,2014J,653452,4,train
CCC,2014J,653506,2,train
CCC,2014J,653700,2,train
CCC,2014J,653726,4,train
CCC,2014J,653821,4,train
CCC,2014J,653887,3,train
CCC,2014J,653977,3,train
CCC,2014J,653998,4,train
CCC,2014J,654000,1,calib
CCC,2014J,654002,3,train
CCC,2014J,654016,1,calib
CCC,2014J,654031,2,train
CCC,2014J,654095,2,train
CCC,2014J,654114,0,test
CCC,2014J,654188,4,train
CCC,2014J,654202,1,calib
CCC,2014J,654258,0,test
CCC,2014J,654295,0,test
CCC,2014J,654322,1,calib
CCC,2014J,654407,4,train
CCC,2014J,654504,4,train
CCC,2014J,654539,2,train
CCC,2014J,654646,0,test
CCC,2014J,654671,1,calib
CCC,2014J,654755,1,calib
CCC,2014J,654817,4,train
CCC,2014J,654828,4,train
CCC,2014J,654888,1,calib
CCC,2014J,654915,1,calib
CCC,2014J,654960,1,calib
CCC,2014J,655051,0,test
CCC,2014J,655108,3,train
CCC,2014J,655293,0,test
CCC,2014J,655353,0,test
CCC,2014J,655378,1,calib
CCC,2014J,655390,4,train
CCC,2014J,655408,4,train
CCC,2014J,655484,0,test
CCC,2014J,655498,2,train
CCC,2014J,655627,0,test
CCC,2014J,655761,3,train
CCC,2014J,655890,1,calib
CCC,2014J,655919,0,test
CCC,2014J,655927,1,calib
CCC,2014J,655953,2,train
CCC,2014J,655973,2,train
CCC,2014J,655988,1,calib
CCC,2014J,656026,0,test
CCC,2014J,656068,4,train
CCC,2014J,656203,0,test
CCC,2014J,656277,1,calib
CCC,2014J,656287,2,train
CCC,2014J,656340,0,test
CCC,2014J,656347,3,train
CCC,2014J,656535,4,train
CCC,2014J,656539,3,train
CCC,2014J,656634,1,calib
CCC,2014J,656642,0,test
CCC,2014J,656683,3,train
CCC,2014J,656878,4,train
CCC,2014J,656929,2,train
CCC,2014J,656954,2,train
CCC,2014J,656978,1,calib
CCC,2014J,657048,4,train
CCC,2014J,657050,1,calib
CCC,2014J,657145,2,train
CCC,2014J,657210,2,train
CCC,2014J,657211,1,calib
CCC,2014J,657285,0,test
CCC,2014J,657319,3,train
CCC,2014J,657352,3,train
CCC,2014J,665414,0,test
CCC,2014J,669530,1,calib
CCC,2014J,674430,1,calib
CCC,2014J,674497,4,train
CCC,2014J,674541,1,calib
CCC,2014J,674699,2,train
CCC,2014J,674808,3,train
CCC,2014J,674814,0,test
CCC,2014J,674882,1,calib
CCC,2014J,674965,2,train
CCC,2014J,675054,4,train
CCC,2014J,675063,0,test
CCC,2014J,675111,0,test
CCC,2014J,675116,1,calib
CCC,2014J,675374,3,train
CCC,2014J,675383,3,train
CCC,2014J,675396,4,train
CCC,2014J,675441,2,train
CCC,2014J,675442,0,test
CCC,2014J,675450,2,train
CCC,2014J,675477,3,train
CCC,2014J,675495,0,test
CCC,2014J,675504,3,train
CCC,2014J,675638,1,calib
CCC,2014J,675758,0,test
CCC,2014J,675760,1,calib
CCC,2014J,675823,0,test
CCC,2014J,675875,3,train
CCC,2014J,675902,4,train
CCC,2014J,675915,2,train
CCC,2014J,676138,1,calib
CCC,2014J,676150,2,train
CCC,2014J,676366,3,train
CCC,2014J,676390,2,train
CCC,2014J,676469,2,train
CCC,2014J,676503,2,train
CCC,2014J,676526,4,train
CCC,2014J,676538,3,train
CCC,2014J,676650,3,train
CCC,2014J,676736,3,train
CCC,2014J,676760,0,test
CCC,2014J,676783,4,train
CCC,2014J,676884,1,calib
CCC,2014J,676909,2,train
CCC,2014J,676916,0,test
CCC,2014J,676964,0,test
CCC,2014J,677006,0,test
CCC,2014J,677018,2,train
CCC,2014J,677085,2,train
CCC,2014J,677089,4,train
CCC,2014J,677270,0,test
CCC,2014J,677323,1,calib
CCC,2014J,677349,0,test
CCC,2014J,677382,4,train
CCC,2014J,677459,2,train
CCC,2014J,677566,1,calib
CCC,2014J,677641,3,train
CCC,2014J,677721,4,train
CCC,2014J,677741,0,test
CCC,2014J,677887,4,train
CCC,2014J,678088,3,train
CCC,2014J,678089,0,test
CCC,2014J,678090,3,train
CCC,2014J,678194,2,train
CCC,2014J,678203,0,test
CCC,2014J,678204,1,calib
CCC,2014J,678339,3,train
CCC,2014J,678382,3,train
CCC,2014J,678393,0,test
CCC,2014J,678395,4,train
CCC,2014J,678408,3,train
CCC,2014J,678419,0,test
CCC,2014J,678474,4,train
CCC,2014J,678538,0,test
CCC,2014J,678790,3,train
CCC,2014J,678811,4,train
CCC,2014J,678843,2,train
CCC,2014J,678860,4,train
CCC,2014J,679037,1,calib
CCC,2014J,679039,2,train
CCC,2014J,679114,2,train
CCC,2014J,679128,0,test
CCC,2014J,679179,1,calib
CCC,2014J,679207,3,train
CCC,2014J,679271,1,calib
CCC,2014J,679325,1,calib
CCC,2014J,679363,1,calib
CCC,2014J,679386,3,train
CCC,2014J,679431,2,train
CCC,2014J,679451,1,calib
CCC,2014J,679468,2,train
CCC,2014J,679529,3,train
CCC,2014J,679539,0,test
CCC,2014J,679569,0,test
CCC,2014J,679599,1,calib
CCC,2014J,679663,3,train
CCC,2014J,679733,4,train
CCC,2014J,679750,4,train
CCC,2014J,679886,4,train
CCC,2014J,679939,4,train
CCC,2014J,679959,0,test
CCC,2014J,680002,4,train
CCC,2014J,680027,4,train
CCC,2014J,680133,3,train
CCC,2014J,680145,1,calib
CCC,2014J,680187,4,train
CCC,2014J,680222,1,calib
CCC,2014J,680267,1,calib
CCC,2014J,680333,3,train
CCC,2014J,680492,4,train
CCC,2014J,680602,0,test
CCC,2014J,680687,0,test
CCC,2014J,680698,1,calib
CCC,2014J,680765,2,train
CCC,2014J,680804,2,train
CCC,2014J,680890,2,train
CCC,2014J,681165,3,train
CCC,2014J,681174,4,train
CCC,2014J,681235,0,test
CCC,2014J,681302,1,calib
CCC,2014J,681335,0,test
CCC,2014J,681642,1,calib
CCC,2014J,681704,1,calib
CCC,2014J,681731,1,calib
CCC,2014J,681789,0,test
CCC,2014J,681844,1,calib
CCC,2014J,681966,0,test
CCC,2014J,682041,2,train
CCC,2014J,682212,4,train
CCC,2014J,682226,4,train
CCC,2014J,682259,1,calib
CCC,2014J,682301,4,train
CCC,2014J,682309,3,train
CCC,2014J,682367,0,test
CCC,2014J,682414,2,train
CCC,2014J,682511,1,calib
CCC,2014J,682565,1,calib
CCC,2014J,682569,3,train
CCC,2014J,682717,3,train
CCC,2014J,682738,2,train
CCC,2014J,682961,0,test
CCC,2014J,683073,1,calib
CCC,2014J,683203,0,test
CCC,2014J,683220,1,calib
CCC,2014J,683373,4,train
CCC,2014J,683406,3,train
CCC,2014J,683449,4,train
CCC,2014J,683503,3,train
CCC,2014J,683625,0,test
CCC,2014J,683668,1,calib
CCC,2014J,683777,2,train
CCC,2014J,683865,1,calib
CCC,2014J,683912,1,calib
CCC,2014J,684111,1,calib
CCC,2014J,684208,2,train
CCC,2014J,684270,4,train
CCC,2014J,684313,3,train
CCC,2014J,684444,1,calib
CCC,2014J,684498,1,calib
CCC,2014J,684511,0,test
CCC,2014J,684514,1,calib
CCC,2014J,684617,3,train
CCC,2014J,684643,3,train
CCC,2014J,684663,2,train
CCC,2014J,684669,4,train
CCC,2014J,684709,0,test
CCC,2014J,684905,0,test
CCC,2014J,684944,2,train
CCC,2014J,684990,1,calib
CCC,2014J,685015,1,calib
CCC,2014J,685098,0,test
CCC,2014J,685206,2,train
CCC,2014J,685212,1,calib
CCC,2014J,685236,1,calib
CCC,2014J,685287,1,calib
CCC,2014J,685289,2,train
CCC,2014J,685399,4,train
CCC,2014J,685412,4,train
CCC,2014J,685458,1,calib
CCC,2014J,685474,2,train
CCC,2014J,685487,3,train
CCC,2014J,685514,3,train
CCC,2014J,685557,1,calib
CCC,2014J,685572,3,train
CCC,2014J,685597,3,train
CCC,2014J,685619,4,train
CCC,2014J,685663,2,train
CCC,2014J,685705,0,test
CCC,2014J,685750,4,train
CCC,2014J,685802,2,train
CCC,2014J,685849,3,train
CCC,2014J,685860,3,train
CCC,2014J,685871,0,test
CCC,2014J,685950,2,train
CCC,2014J,685952,3,train
CCC,2014J,685964,4,train
CCC,2014J,685988,0,test
CCC,2014J,686001,3,train
CCC,2014J,686003,4,train
CCC,2014J,686018,0,test
CCC,2014J,686034,2,train
CCC,2014J,686058,4,train
CCC,2014J,686071,1,calib
CCC,2014J,686110,0,test
CCC,2014J,686268,3,train
CCC,2014J,686411,4,train
CCC,2014J,686515,4,train
CCC,2014J,686558,1,calib
CCC,2014J,686584,0,test
CCC,2014J,686645,1,calib
CCC,2014J,686797,1,calib
CCC,2014J,686813,3,train
CCC,2014J,686877,1,calib
CCC,2014J,686907,4,train
CCC,2014J,686957,1,calib
CCC,2014J,687023,2,train
CCC,2014J,687146,4,train
CCC,2014J,687160,0,test
CCC,2014J,687190,1,calib
CCC,2014J,687206,2,train
CCC,2014J,687216,4,train
CCC,2014J,687283,3,train
CCC,2014J,687310,3,train
CCC,2014J,687319,4,train
CCC,2014J,687345,0,test
CCC,2014J,687348,1,calib
CCC,2014J,687686,2,train
CCC,2014J,687772,4,train
CCC,2014J,687844,4,train
CCC,2014J,687877,0,test
CCC,2014J,687953,2,train
CCC,2014J,687981,0,test
CCC,2014J,688028,4,train
CCC,2014J,688033,0,test
CCC,2014J,688117,1,calib
CCC,2014J,688171,2,train
CCC,2014J,688271,4,train
CCC,2014J,688281,1,calib
CCC,2014J,688297,3,train
CCC,2014J,688337,2,train
CCC,2014J,688356,4,train
CCC,2014J,688521,4,train
CCC,2014J,688533,0,test
CCC,2014J,688537,1,calib
CCC,2014J,688672,4,train
CCC,2014J,688683,1,calib
CCC,2014J,688707,0,test
CCC,2014J,688770,3,train
CCC,2014J,688776,2,train
CCC,2014J,688843,4,train
CCC,2014J,689004,3,train
CCC,2014J,689042,1,calib
CCC,2014J,689050,2,train
CCC,2014J,689101,4,train
CCC,2014J,689143,0,test
CCC,2014J,689164,4,train
CCC,2014J,689190,0,test
CCC,2014J,689217,1,calib
CCC,2014J,689246,0,test
CCC,2014J,689264,2,train
CCC,2014J,689346,1,calib
CCC,2014J,689352,3,train
CCC,2014J,689399,1,calib
CCC,2014J,689436,2,train
CCC,2014J,689527,4,train
CCC,2014J,689637,2,train
CCC,2014J,689759,0,test
CCC,2014J,689792,3,train
CCC,2014J,689807,0,test
CCC,2014J,689855,0,test
CCC,2014J,690046,3,train
CCC,2014J,690062,0,test
CCC,2014J,690365,4,train
CCC,2014J,690404,4,train
CCC,2014J,690406,0,test
CCC,2014J,690439,4,train
CCC,2014J,690507,0,test
CCC,2014J,690589,4,train
CCC,2014J,690631,0,test
CCC,2014J,690644,3,train
CCC,2014J,690695,4,train
CCC,2014J,690724,2,train
CCC,2014J,690733,0,test
CCC,2014J,690763,3,train
CCC,2014J,690948,0,test
CCC,2014J,690962,3,train
CCC,2014J,691008,1,calib
CCC,2014J,691056,4,train
CCC,2014J,691069,0,test
CCC,2014J,691177,3,train
CCC,2014J,691195,1,calib
CCC,2014J,691218,2,train
CCC,2014J,691257,4,train
CCC,2014J,691433,3,train
CCC,2014J,691550,4,train
CCC,2014J,691843,2,train
CCC,2014J,691926,1,calib
CCC,2014J,691931,1,calib
CCC,2014J,692105,3,train
CCC,2014J,692179,2,train
CCC,2014J,692219,4,train
CCC,2014J,692363,2,train
CCC,2014J,692490,1,calib
CCC,2014J,692500,4,train
CCC,2014J,692603,3,train
CCC,2014J,692654,3,train
CCC,2014J,692850,4,train
CCC,2014J,692928,1,calib
CCC,2014J,692933,0,test
CCC,2014J,693058,2,train
CCC,2014J,693111,0,test
CCC,2014J,693141,2,train
CCC,2014J,693147,4,train
CCC,2014J,693182,3,train
CCC,2014J,693204,3,train
CCC,2014J,693302,2,train
CCC,2014J,693340,1,calib
CCC,2014J,693456,1,calib
CCC,2014J,693747,1,calib
CCC,2014J,693812,4,train
CCC,2014J,693836,1,calib
CCC,2014J,693910,4,train
CCC,2014J,693938,4,train
CCC,2014J,693998,3,train
CCC,2014J,694103,4,train
CCC,2014J,694147,3,train
CCC,2014J,694150,3,train
CCC,2014J,694212,2,train
CCC,2014J,694361,1,calib
CCC,2014J,694362,3,train
CCC,2014J,694472,1,calib
CCC,2014J,694510,3,train
CCC,2014J,694523,0,test
CCC,2014J,694536,1,calib
CCC,2014J,694563,0,test
CCC,2014J,694579,4,train
CCC,2014J,694680,4,train
CCC,2014J,694705,1,calib
CCC,2014J,694726,4,train
CCC,2014J,694807,0,test
CCC,2014J,694860,2,train
CCC,2014J,694871,3,train
CCC,2014J,694914,0,test
CCC,2014J,695122,2,train
CCC,2014J,695232,2,train
CCC,2014J,695270,3,train
CCC,2014J,695340,1,calib
CCC,2014J,695354,2,train
CCC,2014J,695369,4,train
CCC,2014J,695518,4,train
CCC,2014J,695643,0,test
CCC,2014J,695653,3,train
CCC,2014J,695673,4,train
CCC,2014J,695732,2,train
CCC,2014J,695760,1,calib
CCC,2014J,695874,3,train
CCC,2014J,695915,1,calib
CCC,2014J,695946,3,train
CCC,2014J,695976,0,test
CCC,2014J,696019,2,train
CCC,2014J,696234,3,train
CCC,2014J,696253,1,calib
CCC,2014J,696271,0,test
CCC,2014J,696324,0,test
CCC,2014J,696357,1,calib
CCC,2014J,696469,2,train
CCC,2014J,696501,4,train
CCC,2014J,696515,1,calib
CCC,2014J,696696,4,train
CCC,2014J,696833,0,test
CCC,2014J,696848,4,train
CCC,2014J,696869,1,calib
CCC,2014J,696930,3,train
CCC,2014J,697120,2,train
CCC,2014J,697253,3,train
CCC,2014J,697283,0,test
CCC,2014J,697460,1,calib
CCC,2014J,697490,1,calib
CCC,2014J,697511,4,train
CCC,2014J,697554,4,train
CCC,2014J,697567,4,train
CCC,2014J,697948,4,train
CCC,2014J,697998,0,test
CCC,2014J,698002,2,train
CCC,2014J,698024,2,train
CCC,2014J,698112,3,train
CCC,2014J,698299,4,train
CCC,2014J,698355,4,train
CCC,2014J,698359,0,test
CCC,2014J,698598,1,calib
CCC,2014J,699370,2,train
CCC,2014J,857856,0,test
CCC,2014J,921739,3,train
CCC,2014J,941282,2,train
CCC,2014J,943374,3,train
CCC,2014J,973526,4,train
CCC,2014J,986561,0,test
CCC,2014J,1023623,4,train
CCC,2014J,1031884,0,test
CCC,2014J,1068316,0,test
CCC,2014J,1076015,4,train
CCC,2014J,1078701,1,calib
CCC,2014J,1091274,0,test
CCC,2014J,1101190,1,calib
CCC,2014J,1118218,1,calib
CCC,2014J,1301103,0,test
CCC,2014J,1307784,1,calib
CCC,2014J,1332356,0,test
CCC,2014J,1332514,3,train
CCC,2014J,1340760,2,train
CCC,2014J,1345808,3,train
CCC,2014J,1352733,0,test
CCC,2014J,1360953,0,test
CCC,2014J,1407549,4,train
CCC,2014J,1425806,3,train
CCC,2014J,1439723,3,train
CCC,2014J,1442981,3,train
CCC,2014J,1449245,3,train
CCC,2014J,1461795,2,train
CCC,2014J,1468838,3,train
CCC,2014J,1474903,1,calib
CCC,2014J,1478030,3,train
CCC,2014J,1478775,4,train
CCC,2014J,1483632,3,train
CCC,2014J,1485702,1,calib
CCC,2014J,1490624,0,test
CCC,2014J,1491894,1,calib
CCC,2014J,1501577,0,test
CCC,2014J,1501614,2,train
CCC,2014J,1529458,3,train
CCC,2014J,1532840,4,train
CCC,2014J,1552044,3,train
CCC,2014J,1554143,0,test
CCC,2014J,1559964,3,train
CCC,2014J,1561750,2,train
CCC,2014J,1564630,3,train
CCC,2014J,1583847,1,calib
CCC,2014J,1592048,3,train
CCC,2014J,1593442,0,test
CCC,2014J,1612600,2,train
CCC,2014J,1634278,4,train
CCC,2014J,1638548,3,train
CCC,2014J,1639743,0,test
CCC,2014J,1646172,0,test
CCC,2014J,1656486,4,train
CCC,2014J,1658963,2,train
CCC,2014J,1671022,1,calib
CCC,2014J,1674799,0,test
CCC,2014J,1681946,0,test
CCC,2014J,1692156,2,train
CCC,2014J,1719166,1,calib
CCC,2014J,1738582,0,test
CCC,2014J,1744800,4,train
CCC,2014J,1752098,0,test
CCC,2014J,1752813,1,calib
CCC,2014J,1773925,2,train
CCC,2014J,1777834,2,train
CCC,2014J,1808622,3,train
CCC,2014J,1810414,1,calib
CCC,2014J,1817515,0,test
CCC,2014J,1826819,0,test
CCC,2014J,1828753,4,train
CCC,2014J,1829051,0,test
CCC,2014J,1841267,2,train
CCC,2014J,1841850,1,calib
CCC,2014J,1848820,0,test
CCC,2014J,1850818,1,calib
CCC,2014J,1851108,4,train
CCC,2014J,1864086,1,calib
CCC,2014J,1874160,1,calib
CCC,2014J,1881041,3,train
CCC,2014J,1896088,3,train
CCC,2014J,1897054,0,test
CCC,2014J,1902240,3,train
CCC,2014J,1906003,2,train
CCC,2014J,1915824,4,train
CCC,2014J,1916140,3,train
CCC,2014J,1930949,0,test
CCC,2014J,1936285,1,calib
CCC,2014J,1937511,2,train
CCC,2014J,1942491,3,train
CCC,2014J,1942870,0,test
CCC,2014J,1945240,2,train
CCC,2014J,1958121,1,calib
CCC,2014J,1960479,3,train
CCC,2014J,1961938,0,test
CCC,2014J,1966597,4,train
CCC,2014J,1976004,1,calib
CCC,2014J,1982166,2,train
CCC,2014J,1986081,1,calib
CCC,2014J,1991399,0,test
CCC,2014J,1994385,0,test
CCC,2014J,2009279,3,train
CCC,2014J,2013403,3,train
CCC,2014J,2020916,2,train
CCC,2014J,2026585,1,calib
CCC,2014J,2030117,3,train
CCC,2014J,2030241,2,train
CCC,2014J,2032057,1,calib
CCC,2014J,2039190,2,train
CCC,2014J,2041743,3,train
CCC,2014J,2044299,0,test
CCC,2014J,2050179,1,calib
CCC,2014J,2063436,4,train
CCC,2014J,2067377,3,train
CCC,2014J,2070517,0,test
CCC,2014J,2078353,1,calib
CCC,2014J,2083701,3,train
CCC,2014J,2084711,1,calib
CCC,2014J,2091230,2,train
CCC,2014J,2093150,2,train
CCC,2014J,2094849,1,calib
CCC,2014J,2096918,3,train
CCC,2014J,2101566,4,train
CCC,2014J,2112670,4,train
CCC,2014J,2127889,2,train
CCC,2014J,2133234,1,calib
CCC,2014J,2137171,4,train
CCC,2014J,2138146,3,train
CCC,2014J,2138904,4,train
CCC,2014J,2139273,4,train
CCC,2014J,2142055,4,train
CCC,2014J,2142516,0,test
CCC,2014J,2147889,2,train
CCC,2014J,2149324,2,train
CCC,2014J,2154220,0,test
CCC,2014J,2159868,1,calib
CCC,2014J,2166000,1,calib
CCC,2014J,2172136,2,train
CCC,2014J,2178686,1,calib
CCC,2014J,2179304,0,test
CCC,2014J,2182333,3,train
CCC,2014J,2202076,0,test
CCC,2014J,2216442,1,calib
CCC,2014J,2230407,0,test
CCC,2014J,2242383,0,test
CCC,2014J,2244214,2,train
CCC,2014J,2252437,0,test
CCC,2014J,2257112,1,calib
CCC,2014J,2257740,3,train
CCC,2014J,2268049,4,train
CCC,2014J,2274929,2,train
CCC,2014J,2277009,0,test
CCC,2014J,2285527,3,train
CCC,2014J,2289145,3,train
CCC,2014J,2297770,3,train
CCC,2014J,2316201,2,train
CCC,2014J,2326041,0,test
CCC,2014J,2327472,2,train
CCC,2014J,2333156,3,train
CCC,2014J,2338535,4,train
CCC,2014J,2339333,0,test
CCC,2014J,2340786,4,train
CCC,2014J,2345751,2,train
CCC,2014J,2358258,0,test
CCC,2014J,2358707,4,train
CCC,2014J,2361633,2,train
CCC,2014J,2366117,0,test
CCC,2014J,2367058,0,test
CCC,2014J,2372788,1,calib
CCC,2014J,2373648,0,test
CCC,2014J,2376512,1,calib
CCC,2014J,2376717,3,train
CCC,2014J,2377769,2,train
CCC,2014J,2383983,0,test
CCC,2014J,2384666,1,calib
CCC,2014J,2388623,4,train
CCC,2014J,2393945,3,train
CCC,2014J,2394090,4,train
CCC,2014J,2396985,0,test
CCC,2014J,2405801,2,train
CCC,2014J,2405934,3,train
CCC,2014J,2410609,1,calib
CCC,2014J,2413037,1,calib
CCC,2014J,2415526,0,test
CCC,2014J,2421961,1,calib
CCC,2014J,2422258,3,train
CCC,2014J,2424697,1,calib
CCC,2014J,2434666,0,test
CCC,2014J,2437591,4,train
CCC,2014J,2439239,3,train
CCC,2014J,2451523,0,test
CCC,2014J,2454119,4,train
CCC,2014J,2458925,3,train
CCC,2014J,2462607,4,train
CCC,2014J,2462628,1,calib
CCC,2014J,2462862,4,train
CCC,2014J,2464118,0,test
CCC,2014J,2464386,1,calib
CCC,2014J,2469688,4,train
CCC,2014J,2470326,0,test
CCC,2014J,2472995,2,train
CCC,2014J,2473058,2,train
CCC,2014J,2480654,0,test
CCC,2014J,2483382,2,train
CCC,2014J,2485655,0,test
CCC,2014J,2499779,3,train
CCC,2014J,2500064,0,test
CCC,2014J,2502882,0,test
CCC,2014J,2504694,1,calib
CCC,2014J,2517389,0,test
CCC,2014J,2520539,1,calib
CCC,2014J,2522932,1,calib
CCC,2014J,2533650,3,train
CCC,2014J,2552412,3,train
CCC,2014J,2554973,0,test
CCC,2014J,2555596,3,train
CCC,2014J,2557563,1,calib
CCC,2014J,2558071,2,train
CCC,2014J,2559144,3,train
CCC,2014J,2561862,1,calib
CCC,2014J,2564333,3,train
CCC,2014J,2574909,1,calib
CCC,2014J,2578004,1,calib
CCC,2014J,2585270,1,calib
CCC,2014J,2588294,3,train
CCC,2014J,2590948,0,test
CCC,2014J,2593689,4,train
CCC,2014J,2593755,2,train
CCC,2014J,2593920,3,train
CCC,2014J,2595204,1,calib
CCC,2014J,2595526,3,train
CCC,2014J,2596553,2,train
CCC,2014J,2598631,1,calib
CCC,2014J,2598961,1,calib
CCC,2014J,2599883,4,train
CCC,2014J,2609069,1,calib
CCC,2014J,2612725,2,train
CCC,2014J,2613225,4,train
CCC,2014J,2613746,0,test
CCC,2014J,2614093,0,test
CCC,2014J,2619025,1,calib
CCC,2014J,2619472,0,test
CCC,2014J,2620661,3,train
CCC,2014J,2622441,0,test
CCC,2014J,2622627,3,train
CCC,2014J,2623427,1,calib
CCC,2014J,2627491,2,train
CCC,2014J,2630469,2,train
CCC,2014J,2633981,4,train
CCC,2014J,2637000,3,train
CCC,2014J,2637912,0,test
CCC,2014J,2647893,4,train
CCC,2014J,2650741,4,train
CCC,2014J,2655763,4,train
CCC,2014J,2658314,2,train
CCC,2014J,2668106,2,train
CCC,2014J,2672114,4,train
CCC,2014J,2677097,4,train
CCC,2014J,2681198,3,train
CCC,2014J,2686712,1,calib
CCC,2014J,2689013,1,calib
CCC,2014J,2691267,1,calib
CCC,2014J,2691861,2,train
DDD,2013B,24213,3,train
DDD,2013B,40419,1,calib
DDD,2013B,41060,2,train
DDD,2013B,43284,4,train
DDD,2013B,45664,2,train
DDD,2013B,52014,4,train
DDD,2013B,53488,0,test
DDD,2013B,53895,1,calib
DDD,2013B,55242,3,train
DDD,2013B,57359,1,calib
DDD,2013B,60135,4,train
DDD,2013B,66579,2,train
DDD,2013B,67602,4,train
DDD,2013B,67785,3,train
DDD,2013B,69491,1,calib
DDD,2013B,72451,0,test
DDD,2013B,76536,1,calib
DDD,2013B,77763,4,train
DDD,2013B,81351,4,train
DDD,2013B,86047,4,train
DDD,2013B,87107,3,train
DDD,2013B,89051,0,test
DDD,2013B,90836,1,calib
DDD,2013B,92775,3,train
DDD,2013B,94923,3,train
DDD,2013B,94964,2,train
DDD,2013B,95356,3,train
DDD,2013B,96592,1,calib
DDD,2013B,96945,2,train
DDD,2013B,103904,0,test
DDD,2013B,108565,0,test
DDD,2013B,110200,0,test
DDD,2013B,111113,2,train
DDD,2013B,111360,3,train
DDD,2013B,112245,4,train
DDD,2013B,117435,4,train
DDD,2013B,117862,2,train
DDD,2013B,117939,3,train
DDD,2013B,121000,0,test
DDD,2013B,121390,0,test
DDD,2013B,124728,3,train
DDD,2013B,125677,1,calib
DDD,2013B,126912,0,test
DDD,2013B,128678,3,train
DDD,2013B,128965,2,train
DDD,2013B,130003,0,test
DDD,2013B,131145,0,test
DDD,2013B,131235,4,train
DDD,2013B,131609,3,train
DDD,2013B,134025,1,calib
DDD,2013B,134188,3,train
DDD,2013B,134336,3,train
DDD,2013B,137603,0,test
DDD,2013B,138709,4,train
DDD,2013B,141766,0,test
DDD,2013B,142819,1,calib
DDD,2013B,142998,3,train
DDD,2013B,144923,0,test
DDD,2013B,146089,1,calib
DDD,2013B,146651,0,test
DDD,2013B,147307,2,train
DDD,2013B,150578,4,train
DDD,2013B,157298,2,train
DDD,2013B,159596,2,train
DDD,2013B,159925,4,train
DDD,2013B,160005,1,calib
DDD,2013B,160401,1,calib
DDD,2013B,162984,4,train
DDD,2013B,163067,1,calib
DDD,2013B,165421,2,train
DDD,2013B,165733,0,test
DDD,2013B,166342,0,test
DDD,2013B,166713,3,train
DDD,2013B,166988,4,train
DDD,2013B,167123,0,test
DDD,2013B,167717,2,train
DDD,2013B,168243,4,train
DDD,2013B,169894,2,train
DDD,2013B,170025,4,train
DDD,2013B,171896,4,train
DDD,2013B,173004,2,train
DDD,2013B,176092,2,train
DDD,2013B,177333,3,train
DDD,2013B,177817,4,train
DDD,2013B,177981,1,calib
DDD,2013B,178639,3,train
DDD,2013B,179892,2,train
DDD,2013B,180667,4,train
DDD,2013B,180958,3,train
DDD,2013B,183714,1,calib
DDD,2013B,184968,0,test
DDD,2013B,187623,1,calib
DDD,2013B,191195,0,test
DDD,2013B,191398,3,train
DDD,2013B,191491,4,train
DDD,2013B,191896,3,train
DDD,2013B,191972,0,test
DDD,2013B,192196,1,calib
DDD,2013B,196266,4,train
DDD,2013B,196902,0,test
DDD,2013B,198470,1,calib
DDD,2013B,199782,3,train
DDD,2013B,200588,0,test
DDD,2013B,200957,1,calib
DDD,2013B,202506,0,test
DDD,2013B,204996,2,train
DDD,2013B,227491,4,train
DDD,2013B,228242,0,test
DDD,2013B,228543,2,train
DDD,2013B,229057,2,train
DDD,2013B,230052,4,train
DDD,2013B,233389,4,train
DDD,2013B,233771,4,train
DDD,2013B,234740,2,train
DDD,2013B,234859,0,test
DDD,2013B,234978,4,train
DDD,2013B,235428,4,train
DDD,2013B,235492,1,calib
DDD,2013B,235584,3,train
DDD,2013B,236498,0,test
DDD,2013B,236620,0,test
DDD,2013B,240389,1,calib
DDD,2013B,240755,4,train
DDD,2013B,240936,1,calib
DDD,2013B,241771,3,train
DDD,2013B,241922,1,calib
DDD,2013B,241971,4,train
DDD,2013B,244875,4,train
DDD,2013B,244919,3,train
DDD,2013B,246652,1,calib
DDD,2013B,248511,3,train
DDD,2013B,248994,2,train
DDD,2013B,249423,2,train
DDD,2013B,249996,4,train
DDD,2013B,251999,0,test
DDD,2013B,252149,4,train
DDD,2013B,252489,4,train
DDD,2013B,255747,1,calib
DDD,2013B,255902,0,test
DDD,2013B,257110,4,train
DDD,2013B,257369,1,calib
DDD,2013B,258310,0,test
DDD,2013B,259750,4,train
DDD,2013B,260491,3,train
DDD,2013B,260639,0,test
DDD,2013B,262396,0,test
DDD,2013B,263524,2,train
DDD,2013B,266450,2,train
DDD,2013B,266514,3,train
DDD,2013B,266757,2,train
DDD,2013B,266762,3,train
DDD,2013B,269676,1,calib
DDD,2013B,270435,2,train
DDD,2013B,270468,4,train
DDD,2013B,270814,3,train
DDD,2013B,272313,4,train
DDD,2013B,273339,4,train
DDD,2013B,281118,1,calib
DDD,2013B,281271,2,train
DDD,2013B,282193,0,test
DDD,2013B,283618,3,train
DDD,2013B,283783,0,test
DDD,2013B,284326,1,calib
DDD,2013B,284734,0,test
DDD,2013B,285096,4,train
DDD,2013B,285475,0,test
DDD,2013B,287432,0,test
DDD,2013B,287526,1,calib
DDD,2013B,289564,3,train
DDD,2013B,290043,0,test
DDD,2013B,291133,4,train
DDD,2013B,292694,0,test
DDD,2013B,292713,1,calib
DDD,2013B,292741,2,train
DDD,2013B,297582,0,test
DDD,2013B,298040,0,test
DDD,2013B,298497,3,train
DDD,2013B,304734,1,calib
DDD,2013B,304893,3,train
DDD,2013B,305313,2,train
DDD,2013B,305702,3,train
DDD,2013B,307158,0,test
DDD,2013B,307290,1,calib
DDD,2013B,307291,4,train
DDD,2013B,307932,3,train
DDD,2013B,308589,0,test
DDD,2013B,308767,2,train
DDD,2013B,309580,2,train
DDD,2013B,310865,2,train
DDD,2013B,311117,1,calib
DDD,2013B,312518,4,train
DDD,2013B,316289,3,train
DDD,2013B,316772,1,calib
DDD,2013B,320014,3,train
DDD,2013B,321525,3,train
DDD,2013B,321744,1,calib
DDD,2013B,323146,1,calib
DDD,2013B,324268,1,calib
DDD,2013B,324691,0,test
DDD,2013B,325565,0,test
DDD,2013B,327024,3,train
DDD,2013B,327997,3,train
DDD,2013B,329689,2,train
DDD,2013B,329967,1,calib
DDD,2013B,330067,2,train
DDD,2013B,331232,1,calib
DDD,2013B,331351,3,train
DDD,2013B,333856,0,test
DDD,2013B,334294,1,calib
DDD,2013B,335020,0,test
DDD,2013B,335264,0,test
DDD,2013B,335607,1,calib
DDD,2013B,336112,1,calib
DDD,2013B,336684,3,train
DDD,2013B,336696,0,test
DDD,2013B,337048,3,train
DDD,2013B,337414,2,train
DDD,2013B,338076,0,test
DDD,2013B,338669,3,train
DDD,2013B,339481,1,calib
DDD,2013B,340399,4,train
DDD,2013B,342176,1,calib
DDD,2013B,343427,1,calib
DDD,2013B,344199,4,train
DDD,2013B,344367,0,test
DDD,2013B,344474,4,train
DDD,2013B,344873,4,train
DDD,2013B,345257,1,calib
DDD,2013B,345313,0,test
DDD,2013B,345568,0,test
DDD,2013B,347210,1,calib
DDD,2013B,348790,4,train
DDD,2013B,349145,3,train
DDD,2013B,350398,1,calib
DDD,2013B,350690,3,train
DDD,2013B,351512,3,train
DDD,2013B,351775,2,train
DDD,2013B,354050,2,train
DDD,2013B,356257,0,test
DDD,2013B,357576,3,train
DDD,2013B,357595,4,train
DDD,2013B,358075,1,calib
DDD,2013B,358522,3,train
DDD,2013B,360492,3,train
DDD,2013B,360938,3,train
DDD,2013B,361209,2,train
DDD,2013B,361282,4,train
DDD,2013B,362037,4,train
DDD,2013B,362374,3,train
DDD,2013B,364021,4,train
DDD,2013B,364405,2,train
DDD,2013B,364440,3,train
DDD,2013B,365782,1,calib
DDD,2013B,366024,4,train
DDD,2013B,366310,4,train
DDD,2013B,368741,0,test
DDD,2013B,368749,2,train
DDD,2013B,369908,1,calib
DDD,2013B,370949,0,test
DDD,2013B,371044,2,train
DDD,2013B,371184,3,train
DDD,2013B,371831,4,train
DDD,2013B,373126,2,train
DDD,2013B,373369,3,train
DDD,2013B,375300,4,train
DDD,2013B,378953,3,train
DDD,2013B,379199,3,train
DDD,2013B,379861,4,train
DDD,2013B,380341,1,calib
DDD,2013B,380919,0,test
DDD,2013B,381646,4,train
DDD,2013B,382339,3,train
DDD,2013B,382408,0,test
DDD,2013B,382497,2,train
DDD,2013B,382641,4,train
DDD,2013B,382947,1,calib
DDD,2013B,383347,3,train
DDD,2013B,383643,1,calib
DDD,2013B,383701,1,calib
DDD,2013B,384026,3,train
DDD,2013B,384246,4,train
DDD,2013B,386833,2,train
DDD,2013B,386880,0,test
DDD,2013B,387289,2,train
DDD,2013B,387335,4,train
DDD,2013B,387652,0,test
DDD,2013B,389076,2,train
DDD,2013B,389362,0,test
DDD,2013B,390210,1,calib
DDD,2013B,390233,0,test
DDD,2013B,390942,4,train
DDD,2013B,391185,4,train
DDD,2013B,391638,4,train
DDD,2013B,392021,1,calib
DDD,2013B,393150,2,train
DDD,2013B,394028,3,train
DDD,2013B,394082,2,train
DDD,2013B,394979,0,test
DDD,2013B,395288,4,train
DDD,2013B,395757,3,train
DDD,2013B,396633,1,calib
DDD,2013B,397405,0,test
DDD,2013B,398199,1,calib
DDD,2013B,399450,1,calib
DDD,2013B,400451,3,train
DDD,2013B,400611,4,train
DDD,2013B,400630,3,train
DDD,2013B,400759,0,test
DDD,2013B,401486,2,train
DDD,2013B,402489,1,calib
DDD,2013B,403085,4,train
DDD,2013B,403902,1,calib
DDD,2013B,404852,1,calib
DDD,2013B,405426,0,test
DDD,2013B,405743,3,train
DDD,2013B,405784,1,calib
DDD,2013B,406056,4,train
DDD,2013B,406498,4,train
DDD,2013B,406541,2,train
DDD,2013B,407595,3,train
DDD,2013B,407838,1,calib
DDD,2013B,409091,4,train
DDD,2013B,409109,0,test
DDD,2013B,409766,1,calib
DDD,2013B,409880,4,train
DDD,2013B,410886,2,train
DDD,2013B,411001,3,train
DDD,2013B,412063,4,train
DDD,2013B,412431,1,calib
DDD,2013B,412731,3,train
DDD,2013B,412754,1,calib
DDD,2013B,412772,4,train
DDD,2013B,413580,1,calib
DDD,2013B,413934,3,train
DDD,2013B,414304,4,train
DDD,2013B,414587,3,train
DDD,2013B,414758,2,train
DDD,2013B,414803,4,train
DDD,2013B,415695,3,train
DDD,2013B,415812,4,train
DDD,2013B,416000,3,train
DDD,2013B,416008,0,test
DDD,2013B,417242,4,train
DDD,2013B,417410,3,train
DDD,2013B,417974,4,train
DDD,2013B,418122,4,train
DDD,2013B,418490,1,calib
DDD,2013B,418956,4,train
DDD,2013B,419273,2,train
DDD,2013B,420388,4,train
DDD,2013B,421221,2,train
DDD,2013B,422164,0,test
DDD,2013B,422768,1,calib
DDD,2013B,423061,2,train
DDD,2013B,423386,1,calib
DDD,2013B,423474,4,train
DDD,2013B,423757,1,calib
DDD,2013B,423876,4,train
DDD,2013B,424987,2,train
DDD,2013B,425136,0,test
DDD,2013B,426059,4,train
DDD,2013B,426094,0,test
DDD,2013B,426137,2,train
DDD,2013B,426701,1,calib
DDD,2013B,426871,0,test
DDD,2013B,428411,1,calib
DDD,2013B,429833,4,train
DDD,2013B,430055,2,train
DDD,2013B,430279,3,train
DDD,2013B,430516,2,train
DDD,2013B,431005,3,train
DDD,2013B,432204,2,train
DDD,2013B,433151,3,train
DDD,2013B,433386,2,train
DDD,2013B,434767,4,train
DDD,2013B,434977,1,calib
DDD,2013B,435101,3,train
DDD,2013B,435423,4,train
DDD,2013B,435780,3,train
DDD,2013B,436554,1,calib
DDD,2013B,437281,0,test
DDD,2013B,437747,3,train
DDD,2013B,438244,4,train
DDD,2013B,438662,3,train
DDD,2013B,439013,4,train
DDD,2013B,439542,2,train
DDD,2013B,440375,4,train
DDD,2013B,440499,4,train
DDD,2013B,440857,2,train
DDD,2013B,441113,4,train
DDD,2013B,441132,1,calib
DDD,2013B,441201,0,test
DDD,2013B,441302,3,train
DDD,2013B,441389,3,train
DDD,2013B,442131,0,test
DDD,2013B,442545,0,test
DDD,2013B,442865,1,calib
DDD,2013B,442886,0,test
DDD,2013B,443055,2,train
DDD,2013B,443215,1,calib
DDD,2013B,443297,1,calib
DDD,2013B,443500,2,train
DDD,2013B,443842,0,test
DDD,2013B,444576,2,train
DDD,2013B,444713,1,calib
DDD,2013B,445134,2,train
DDD,2013B,445573,0,test
DDD,2013B,446814,4,train
DDD,2013B,446836,0,test
DDD,2013B,447242,1,calib
DDD,2013B,464236,3,train
DDD,2013B,464596,0,test
DDD,2013B,464615,2,train
DDD,2013B,465068,0,test
DDD,2013B,465260,3,train
DDD,2013B,465399,1,calib
DDD,2013B,465727,1,calib
DDD,2013B,465764,3,train
DDD,2013B,465843,0,test
DDD,2013B,466158,3,train
DDD,2013B,466216,1,calib
DDD,2013B,466990,0,test
DDD,2013B,467294,3,train
DDD,2013B,467413,1,calib
DDD,2013B,467822,0,test
DDD,2013B,468672,0,test
DDD,2013B,468729,3,train
DDD,2013B,468808,2,train
DDD,2013B,469016,4,train
DDD,2013B,470119,3,train
DDD,2013B,470637,2,train
DDD,2013B,470921,4,train
DDD,2013B,471654,1,calib
DDD,2013B,471781,1,calib
DDD,2013B,472060,0,test
DDD,2013B,472180,3,train
DDD,2013B,472584,0,test
DDD,2013B,472949,0,test
DDD,2013B,473008,1,calib
DDD,2013B,473640,2,train
DDD,2013B,473965,1,calib
DDD,2013B,474133,4,train
DDD,2013B,474153,1,calib
DDD,2013B,474451,3,train
DDD,2013B,474464,4,train
DDD,2013B,474633,1,calib
DDD,2013B,474740,1,calib
DDD,2013B,474966,2,train
DDD,2013B,475443,0,test
DDD,2013B,475480,1,calib
DDD,2013B,475604,3,train
DDD,2013B,475619,4,train
DDD,2013B,475883,1,calib
DDD,2013B,475897,4,train
DDD,2013B,476041,4,train
DDD,2013B,476093,1,calib
DDD,2013B,476637,0,test
DDD,2013B,476910,3,train
DDD,2013B,476964,1,calib
DDD,2013B,477160,2,train
DDD,2013B,477451,0,test
DDD,2013B,477517,0,test
DDD,2013B,478213,3,train
DDD,2013B,478346,1,calib
DDD,2013B,478744,3,train
DDD,2013B,479347,1,calib
DDD,2013B,479607,0,test
DDD,2013B,480207,4,train
DDD,2013B,480225,1,calib
DDD,2013B,480929,3,train
DDD,2013B,480972,4,train
DDD,2013B,481350,4,train
DDD,2013B,481549,3,train
DDD,2013B,482117,3,train
DDD,2013B,482856,0,test
DDD,2013B,483275,3,train
DDD,2013B,483470,0,test
DDD,2013B,483818,2,train
DDD,2013B,483869,1,calib
DDD,2013B,484266,0,test
DDD,2013B,484754,3,train
DDD,2013B,484816,4,train
DDD,2013B,484999,0,test
DDD,2013B,485464,1,calib
DDD,2013B,485519,4,train
DDD,2013B,485532,0,test
DDD,2013B,485766,3,train
DDD,2013B,485943,1,calib
DDD,2013B,487247,3,train
DDD,2013B,487267,2,train
DDD,2013B,487711,3,train
DDD,2013B,488694,1,calib
DDD,2013B,489291,4,train
DDD,2013B,489313,1,calib
DDD,2013B,491106,2,train
DDD,2013B,491108,3,train
DDD,2013B,491693,3,train
DDD,2013B,491757,2,train
DDD,2013B,491885,2,train
DDD,2013B,491914,4,train
DDD,2013B,492177,1,calib
DDD,2013B,492371,1,calib
DDD,2013B,492613,2,train
DDD,2013B,492993,3,train
DDD,2013B,493365,2,train
DDD,2013B,493984,3,train
DDD,2013B,494341,1,calib
DDD,2013B,494637,4,train
DDD,2013B,494806,3,train
DDD,2013B,494919,4,train
DDD,2013B,495115,3,train
DDD,2013B,495298,0,test
DDD,2013B,495734,0,test
DDD,2013B,495786,4,train
DDD,2013B,496217,2,train
DDD,2013B,496542,0,test
DDD,2013B,496564,2,train
DDD,2013B,496601,4,train
DDD,2013B,497405,4,train
DDD,2013B,497475,3,train
DDD,2013B,497584,3,train
DDD,2013B,497898,2,train
DDD,2013B,498320,4,train
DDD,2013B,498363,1,calib
DDD,2013B,498432,2,train
DDD,2013B,498527,2,train
DDD,2013B,498835,4,train
DDD,2013B,499056,0,test
DDD,2013B,499246,3,train
DDD,2013B,499557,2,train
DDD,2013B,500006,1,calib
DDD,2013B,500136,4,train
DDD,2013B,500459,1,calib
DDD,2013B,500522,2,train
DDD,2013B,500766,1,calib
DDD,2013B,501158,1,calib
DDD,2013B,501960,3,train
DDD,2013B,502136,3,train
DDD,2013B,502554,1,calib
DDD,2013B,502697,4,train
DDD,2013B,502736,1,calib
DDD,2013B,502903,0,test
DDD,2013B,503086,0,test
DDD,2013B,503100,1,calib
DDD,2013B,503120,2,train
DDD,2013B,503170,1,calib
DDD,2013B,503368,0,test
DDD,2013B,503497,3,train
DDD,2013B,503731,4,train
DDD,2013B,503926,2,train
DDD,2013B,504246,1,calib
DDD,2013B,504602,0,test
DDD,2013B,504819,1,calib
DDD,2013B,505311,1,calib
DDD,2013B,505579,0,test
DDD,2013B,506056,0,test
DDD,2013B,506767,4,train
DDD,2013B,506785,3,train
DDD,2013B,506829,4,train
DDD,2013B,507730,3,train
DDD,2013B,508934,4,train
DDD,2013B,509634,1,calib
DDD,2013B,509680,3,train
DDD,2013B,509873,1,calib
DDD,2013B,510195,0,test
DDD,2013B,510530,3,train
DDD,2013B,511109,2,train
DDD,2013B,511271,1,calib
DDD,2013B,511514,2,train
DDD,2013B,511544,4,train
DDD,2013B,511569,0,test
DDD,2013B,511576,1,calib
DDD,2013B,511949,4,train
DDD,2013B,511958,0,test
DDD,2013B,512080,4,train
DDD,2013B,512404,1,calib
DDD,2013B,512861,1,calib
DDD,2013B,513246,2,train
DDD,2013B,513396,3,train
DDD,2013B,513687,3,train
DDD,2013B,513773,2,train
DDD,2013B,513854,3,train
DDD,2013B,514028,1,calib
DDD,2013B,514218,2,train
DDD,2013B,514300,4,train
DDD,2013B,514633,2,train
DDD,2013B,514773,0,test
DDD,2013B,515046,4,train
DDD,2013B,515170,3,train
DDD,2013B,515595,3,train
DDD,2013B,515812,4,train
DDD,2013B,515903,1,calib
DDD,2013B,515945,3,train
DDD,2013B,516010,3,train
DDD,2013B,516281,4,train
DDD,2013B,516398,3,train
DDD,2013B,516450,0,test
DDD,2013B,516843,0,test
DDD,2013B,517646,1,calib
DDD,2013B,517726,2,train
DDD,2013B,518097,4,train
DDD,2013B,518155,0,test
DDD,2013B,518349,2,train
DDD,2013B,518436,1,calib
DDD,2013B,518451,2,train
DDD,2013B,519094,3,train
DDD,2013B,519102,0,test
DDD,2013B,519491,4,train
DDD,2013B,520026,0,test
DDD,2013B,520092,2,train
DDD,2013B,520400,2,train
DDD,2013B,520751,4,train
DDD,2013B,521160,2,train
DDD,2013B,521404,2,train
DDD,2013B,521709,2,train
DDD,2013B,521742,3,train
DDD,2013B,521755,4,train
DDD,2013B,522538,2,train
DDD,2013B,522572,4,train
DDD,2013B,522654,3,train
DDD,2013B,522739,4,train
DDD,2013B,522878,1,calib
DDD,2013B,523392,0,test
DDD,2013B,524020,3,train
DDD,2013B,524137,1,calib
DDD,2013B,524160,4,train
DDD,2013B,524175,1,calib
DDD,2013B,524261,1,calib
DDD,2013B,524369,0,test
DDD,2013B,524374,1,calib
DDD,2013B,524378,3,train
DDD,2013B,524396,3,train
DDD,2013B,524731,3,train
DDD,2013B,525066,2,train
DDD,2013B,525128,0,test
DDD,2013B,525749,4,train
DDD,2013B,525762,1,calib
DDD,2013B,525820,0,test
DDD,2013B,525854,1,calib
DDD,2013B,526068,3,train
DDD,2013B,526392,4,train
DDD,2013B,526426,4,train
DDD,2013B,526699,2,train
DDD,2013B,527081,4,train
DDD,2013B,527306,0,test
DDD,2013B,527323,1,calib
DDD,2013B,527403,1,calib
DDD,2013B,527533,4,train
DDD,2013B,527619,0,test
DDD,2013B,527747,3,train
DDD,2013B,527789,4,train
DDD,2013B,527917,1,calib
DDD,2013B,528034,1,calib
DDD,2013B,528184,2,train
DDD,2013B,528271,1,calib
DDD,2013B,528420,1,calib
DDD,2013B,528642,1,calib
DDD,2013B,528846,3,train
DDD,2013B,528923,4,train
DDD,2013B,529025,0,test
DDD,2013B,529078,2,train
DDD,2013B,529384,1,calib
DDD,2013B,529404,0,test
DDD,2013B,529525,4,train
DDD,2013B,529670,1,calib
DDD,2013B,529760,1,calib
DDD,2013B,529789,0,test
DDD,2013B,529863,2,train
DDD,2013B,529877,1,calib
DDD,2013B,530137,1,calib
DDD,2013B,530234,4,train
DDD,2013B,530748,4,train
DDD,2013B,530762,0,test
DDD,2013B,530901,3,train
DDD,2013B,531047,0,test
DDD,2013B,531069,1,calib
DDD,2013B,531075,2,train
DDD,2013B,531202,2,train
DDD,2013B,531340,2,train
DDD,2013B,531377,3,train
DDD,2013B,531787,2,train
DDD,2013B,531888,3,train
DDD,2013B,531924,2,train
DDD,2013B,532067,0,test
DDD,2013B,532144,0,test
DDD,2013B,532267,0,test
DDD,2013B,532491,2,train
DDD,2013B,532565,0,test
DDD,2013B,532648,4,train
DDD,2013B,532695,2,train
DDD,2013B,532718,0,test
DDD,2013B,532745,0,test
DDD,2013B,532855,0,test
DDD,2013B,532988,1,calib
DDD,2013B,533004,0,test
DDD,2013B,533291,1,calib
DDD,2013B,533522,0,test
DDD,2013B,533731,0,test
DDD,2013B,533829,4,train
DDD,2013B,533877,1,calib
DDD,2013B,534203,3,train
DDD,2013B,534219,0,test
DDD,2013B,534349,1,calib
DDD,2013B,534777,1,calib
DDD,2013B,534910,4,train
DDD,2013B,535169,0,test
DDD,2013B,535215,4,train
DDD,2013B,535424,1,calib
DDD,2013B,535463,4,train
DDD,2013B,535486,3,train
DDD,2013B,535620,1,calib
DDD,2013B,535707,0,test
DDD,2013B,535747,1,calib
DDD,2013B,535789,1,calib
DDD,2013B,535799,3,train
DDD,2013B,535831,3,train
DDD,2013B,535986,2,train
DDD,2013B,536032,4,train
DDD,2013B,536145,4,train
DDD,2013B,536170,0,test
DDD,2013B,536210,2,train
DDD,2013B,536261,1,calib
DDD,2013B,536536,0,test
DDD,2013B,536696,4,train
DDD,2013B,536926,0,test
DDD,2013B,536999,4,train
DDD,2013B,537138,4,train
DDD,2013B,537139,0,test
DDD,2013B,537452,3,train
DDD,2013B,537603,1,calib
DDD,2013B,537621,3,train
DDD,2013B,537622,2,train
DDD,2013B,537652,4,train
DDD,2013B,537658,1,calib
DDD,2013B,537868,3,train
DDD,2013B,537926,1,calib
DDD,2013B,538069,0,test
DDD,2013B,538131,3,train
DDD,2013B,538211,1,calib
DDD,2013B,538232,4,train
DDD,2013B,538251,2,train
DDD,2013B,538611,0,test
DDD,2013B,538701,1,calib
DDD,2013B,539035,4,train
DDD,2013B,539043,1,calib
DDD,2013B,539066,3,train
DDD,2013B,539142,2,train
DDD,2013B,539186,4,train
DDD,2013B,539209,3,train
DDD,2013B,539224,0,test
DDD,2013B,539262,0,test
DDD,2013B,539302,2,train
DDD,2013B,539328,3,train
DDD,2013B,539622,0,test
DDD,2013B,539643,3,train
DDD,2013B,540207,3,train
DDD,2013B,540298,3,train
DDD,2013B,540310,0,test
DDD,2013B,540422,1,calib
DDD,2013B,540530,3,train
DDD,2013B,540547,4,train
DDD,2013B,540568,3,train
DDD,2013B,540592,0,test
DDD,2013B,540605,3,train
DDD,2013B,540686,2,train
DDD,2013B,540694,4,train
DDD,2013B,540758,0,test
DDD,2013B,540759,0,test
DDD,2013B,540848,4,train
DDD,2013B,540920,3,train
DDD,2013B,541202,1,calib
DDD,2013B,541228,0,test
DDD,2013B,541260,0,test
DDD,2013B,541887,2,train
DDD,2013B,541977,3,train
DDD,2013B,542036,1,calib
DDD,2013B,542049,2,train
DDD,2013B,542054,3,train
DDD,2013B,542205,1,calib
DDD,2013B,542293,1,calib
DDD,2013B,542372,2,train
DDD,2013B,542394,1,calib
DDD,2013B,542476,1,calib
DDD,2013B,543060,1,calib
DDD,2013B,543202,3,train
DDD,2013B,543231,0,test
DDD,2013B,543340,4,train
DDD,2013B,543383,0,test
DDD,2013B,543386,2,train
DDD,2013B,543421,1,calib
DDD,2013B,543446,0,test
DDD,2013B,543459,2,train
DDD,2013B,543482,4,train
DDD,2013B,543510,4,train
DDD,2013B,543573,3,train
DDD,2013B,543663,4,train
DDD,2013B,543683,0,test
DDD,2013B,543749,0,test
DDD,2013B,543756,3,train
DDD,2013B,543845,2,train
DDD,2013B,543860,3,train
DDD,2013B,543919,1,calib
DDD,2013B,544053,4,train
DDD,2013B,544063,0,test
DDD,2013B,544091,4,train
DDD,2013B,544226,1,calib
DDD,2013B,544284,1,calib
DDD,2013B,544296,2,train
DDD,2013B,544307,4,train
DDD,2013B,544352,3,train
DDD,2013B,544356,4,train
DDD,2013B,544367,0,test
DDD,2013B,544467,2,train
DDD,2013B,544556,0,test
DDD,2013B,544603,2,train
DDD,2013B,544649,1,calib
DDD,2013B,544839,1,calib
DDD,2013B,544907,2,train
DDD,2013B,544942,4,train
DDD,2013B,544943,0,test
DDD,2013B,545083,2,train
DDD,2013B,545115,4,train
DDD,2013B,545118,1,calib
DDD,2013B,545201,3,train
DDD,2013B,545245,4,train
DDD,2013B,545387,2,train
DDD,2013B,545704,0,test
DDD,2013B,545770,3,train
DDD,2013B,545993,0,test
DDD,2013B,546000,3,train
DDD,2013B,546054,1,calib
DDD,2013B,546074,1,calib
DDD,2013B,546089,2,train
DDD,2013B,546191,0,test
DDD,2013B,546221,0,test
DDD,2013B,546293,3,train
DDD,2013B,546339,2,train
DDD,2013B,546403,0,test
DDD,2013B,546654,4,train
DDD,2013B,546675,1,calib
DDD,2013B,546747,1,calib
DDD,2013B,546804,1,calib
DDD,2013B,546826,1,calib
DDD,2013B,546830,2,train
DDD,2013B,546861,0,test
DDD,2013B,546862,1,calib
DDD,2013B,546953,0,test
DDD,2013B,547252,3,train
DDD,2013B,547349,3,train
DDD,2013B,547445,4,train
DDD,2013B,547486,2,train
DDD,2013B,547522,3,train
DDD,2013B,547629,2,train
DDD,2013B,547679,0,test
DDD,2013B,547784,4,train
DDD,2013B,547787,4,train
DDD,2013B,547897,1,calib
DDD,2013B,547986,1,calib
DDD,2013B,548069,3,train
DDD,2013B,548132,3,train
DDD,2013B,548173,4,train
DDD,2013B,548267,2,train
DDD,2013B,548271,1,calib
DDD,2013B,548371,4,train
DDD,2013B,548420,0,test
DDD,2013B,548473,4,train
DDD,2013B,548535,2,train
DDD,2013B,548602,4,train
DDD,2013B,548650,3,train
DDD,2013B,548677,3,train
DDD,2013B,548679,4,train
DDD,2013B,548739,2,train
DDD,2013B,548773,0,test
DDD,2013B,548797,2,train
DDD,2013B,548869,1,calib
DDD,2013B,548872,0,test
DDD,2013B,548959,2,train
DDD,2013B,548993,2,train
DDD,2013B,548996,3,train
DDD,2013B,549038,2,train
DDD,2013B,549095,4,train
DDD,2013B,549125,2,train
DDD,2013B,549135,3,train
DDD,2013B,549156,3,train
DDD,2013B,549213,0,test
DDD,2013B,549283,0,test
DDD,2013B,549334,0,test
DDD,2013B,549354,4,train
DDD,2013B,549361,3,train
DDD,2013B,549424,1,calib
DDD,2013B,549498,0,test
DDD,2013B,549545,4,train
DDD,2013B,549575,0,test
DDD,2013B,549684,3,train
DDD,2013B,549690,0,test
DDD,2013B,549698,0,test
DDD,2013B,549710,3,train
DDD,2013B,549731,2,train
DDD,2013B,549783,3,train
DDD,2013B,549795,4,train
DDD,2013B,549872,3,train
DDD,2013B,549897,2,train
DDD,2013B,549913,4,train
DDD,2013B,549928,0,test
DDD,2013B,550064,2,train
DDD,2013B,550092,2,train
DDD,2013B,550142,3,train
DDD,2013B,550183,1,calib
DDD,2013B,550205,1,calib
DDD,2013B,550348,1,calib
DDD,2013B,550371,2,train
DDD,2013B,550521,1,calib
DDD,2013B,550545,1,calib
DDD,2013B,550604,0,test
DDD,2013B,550657,1,calib
DDD,2013B,550711,3,train
DDD,2013B,550725,4,train
DDD,2013B,550762,2,train
DDD,2013B,550865,3,train
DDD,2013B,550893,2,train
DDD,2013B,550974,3,train
DDD,2013B,551169,1,calib
DDD,2013B,551183,4,train
DDD,2013B,551334,4,train
DDD,2013B,551375,3,train
DDD,2013B,551478,2,train
DDD,2013B,551550,4,train
DDD,2013B,551573,0,test
DDD,2013B,551666,4,train
DDD,2013B,551979,3,train
DDD,2013B,552030,1,calib
DDD,2013B,552114,3,train
DDD,2013B,552166,1,calib
DDD,2013B,552255,0,test
DDD,2013B,552327,0,test
DDD,2013B,552635,0,test
DDD,2013B,552661,0,test
DDD,2013B,552789,0,test
DDD,2013B,552824,4,train
DDD,2013B,552921,0,test
DDD,2013B,552955,3,train
DDD,2013B,552999,4,train
DDD,2013B,553253,1,calib
DDD,2013B,553275,4,train
DDD,2013B,553382,0,test
DDD,2013B,553575,3,train
DDD,2013B,553627,2,train
DDD,2013B,553864,0,test
DDD,2013B,553964,1,calib
DDD,2013B,554046,2,train
DDD,2013B,554161,2,train
DDD,2013B,554174,3,train
DDD,2013B,554193,0,test
DDD,2013B,554205,0,test
DDD,2013B,554245,4,train
DDD,2013B,554295,3,train
DDD,2013B,554300,1,calib
DDD,2013B,554446,2,train
DDD,2013B,554484,0,test
DDD,2013B,554574,2,train
DDD,2013B,554587,1,calib
DDD,2013B,554588,0,test
DDD,2013B,554691,1,calib
DDD,2013B,554729,1,calib
DDD,2013B,554773,2,train
DDD,2013B,554881,4,train
DDD,2013B,554885,3,train
DDD,2013B,554995,3,train
DDD,2013B,555151,3,train
DDD,2013B,555297,2,train
DDD,2013B,555360,1,calib
DDD,2013B,555408,1,calib
DDD,2013B,555428,0,test
DDD,2013B,555446,2,train
DDD,2013B,555497,4,train
DDD,2013B,555740,3,train
DDD,2013B,555765,2,train
DDD,2013B,555772,3,train
DDD,2013B,555830,4,train
DDD,2013B,556030,4,train
DDD,2013B,556082,2,train
DDD,2013B,556093,1,calib
DDD,2013B,556165,3,train
DDD,2013B,556185,3,train
DDD,2013B,556295,1,calib
DDD,2013B,556308,3,train
DDD,2013B,556337,4,train
DDD,2013B,556354,1,calib
DDD,2013B,556360,2,train
DDD,2013B,556362,3,train
DDD,2013B,556369,0,test
DDD,2013B,556370,3,train
DDD,2013B,556373,1,calib
DDD,2013B,556389,0,test
DDD,2013B,556575,4,train
DDD,2013B,556584,2,train
DDD,2013B,556660,4,train
DDD,2013B,556713,4,train
DDD,2013B,556721,0,test
DDD,2013B,556739,2,train
DDD,2013B,556756,3,train
DDD,2013B,556774,4,train
DDD,2013B,556780,0,test
DDD,2013B,556785,1,calib
DDD,2013B,556835,2,train
DDD,2013B,556918,3,train
DDD,2013B,556934,4,train
DDD,2013B,557005,4,train
DDD,2013B,557045,1,calib
DDD,2013B,557083,1,calib
DDD,2013B,557237,4,train
DDD,2013B,557247,1,calib
DDD,2013B,557358,4,train
DDD,2013B,557432,2,train
DDD,2013B,557467,2,train
DDD,2013B,557477,0,test
DDD,2013B,557504,2,train
DDD,2013B,557694,2,train
DDD,2013B,557706,0,test
DDD,2013B,557742,4,train
DDD,2013B,557751,1,calib
DDD,2013B,557752,2,train
DDD,2013B,557764,4,train
DDD,2013B,557826,2,train
DDD,2013B,557846,2,train
DDD,2013B,557850,3,train
DDD,2013B,557911,0,test
DDD,2013B,557924,3,train
DDD,2013B,558123,2,train
DDD,2013B,558134,4,train
DDD,2013B,558153,1,calib
DDD,2013B,558200,1,calib
DDD,2013B,558224,3,train
DDD,2013B,558290,3,train
DDD,2013B,558308,0,test
DDD,2013B,558317,1,calib
DDD,2013B,558415,2,train
DDD,2013B,558440,4,train
DDD,2013B,558488,1,calib
DDD,2013B,558610,2,train
DDD,2013B,558626,1,calib
DDD,2013B,558645,0,test
DDD,2013B,558678,2,train
DDD,2013B,558779,1,calib
DDD,2013B,558787,0,test
DDD,2013B,558806,2,train
DDD,2013B,558817,0,test
DDD,2013B,558829,3,train
DDD,2013B,558837,4,train
DDD,2013B,558914,2,train
DDD,2013B,558948,4,train
DDD,2013B,558954,0,test
DDD,2013B,559081,1,calib
DDD,2013B,559261,1,calib
DDD,2013B,559282,0,test
DDD,2013B,559293,2,train
DDD,2013B,559410,4,train
DDD,2013B,559420,1,calib
DDD,2013B,559459,1,calib
DDD,2013B,559469,3,train
DDD,2013B,559474,4,train
DDD,2013B,559612,1,calib
DDD,2013B,559672,3,train
DDD,2013B,559706,1,calib
DDD,2013B,559823,2,train
DDD,2013B,559826,2,train
DDD,2013B,559838,3,train
DDD,2013B,559903,1,calib
DDD,2013B,559930,0,test
DDD,2013B,559950,0,test
DDD,2013B,560024,4,train
DDD,2013B,560114,0,test
DDD,2013B,560127,1,calib
DDD,2013B,560179,1,calib
DDD,2013B,560240,2,train
DDD,2013B,560260,4,train
DDD,2013B,560311,0,test
DDD,2013B,560347,1,calib
DDD,2013B,560381,2,train
DDD,2013B,560384,3,train
DDD,2013B,560391,4,train
DDD,2013B,560444,3,train
DDD,2013B,560743,2,train
DDD,2013B,561088,2,train
DDD,2013B,561734,4,train
DDD,2013B,561848,2,train
DDD,2013B,564465,2,train
DDD,2013B,596620,3,train
DDD,2013B,879295,1,calib
DDD,2013B,907261,1,calib
DDD,2013B,925553,1,calib
DDD,2013B,957467,1,calib
DDD,2013B,987203,4,train
DDD,2013B,1018685,1,calib
DDD,2013B,1044992,0,test
DDD,2013B,1060973,2,train
DDD,2013B,1068316,0,test
DDD,2013B,1073372,2,train
DDD,2013B,1095916,0,test
DDD,2013B,1105628,3,train
DDD,2013B,1107079,1,calib
DDD,2013B,1311171,2,train
DDD,2013B,1347447,3,train
DDD,2013B,1351739,0,test
DDD,2013B,1384882,4,train
DDD,2013B,1392016,2,train
DDD,2013B,1430804,1,calib
DDD,2013B,1444134,1,calib
DDD,2013B,1446954,2,train
DDD,2013B,1470291,2,train
DDD,2013B,1510198,4,train
DDD,2013B,1534854,4,train
DDD,2013B,1577134,4,train
DDD,2013B,1584449,1,calib
DDD,2013B,1587816,4,train
DDD,2013B,1587817,4,train
DDD,2013B,1611842,0,test
DDD,2013B,1620593,2,train
DDD,2013B,1622020,4,train
DDD,2013B,1626418,1,calib
DDD,2013B,1638119,1,calib
DDD,2013B,1638425,2,train
DDD,2013B,1640773,4,train
DDD,2013B,1651198,1,calib
DDD,2013B,1656527,0,test
DDD,2013B,1664920,2,train
DDD,2013B,1690836,3,train
DDD,2013B,1696174,1,calib
DDD,2013B,1719566,2,train
DDD,2013B,1730611,1,calib
DDD,2013B,1741838,2,train
DDD,2013B,1766513,3,train
DDD,2013B,1819994,1,calib
DDD,2013B,1841753,2,train
DDD,2013B,1843026,3,train
DDD,2013B,1843355,4,train
DDD,2013B,1845093,2,train
DDD,2013B,1879272,0,test
DDD,2013B,1901165,3,train
DDD,2013B,1906919,0,test
DDD,2013B,1913872,3,train
DDD,2013B,1922497,0,test
DDD,2013B,1935774,4,train
DDD,2013B,1944130,1,calib
DDD,2013B,1945240,2,train
DDD,2013B,1962854,3,train
DDD,2013B,1968757,0,test
DDD,2013B,1976350,4,train
DDD,2013B,1982845,4,train
DDD,2013B,2002727,1,calib
DDD,2013B,2006894,3,train
DDD,2013B,2020916,2,train
DDD,2013B,2028388,4,train
DDD,2013B,2034000,4,train
DDD,2013B,2036685,3,train
DDD,2013B,2037479,0,test
DDD,2013B,2046628,2,train
DDD,2013B,2063578,0,test
DDD,2013B,2080539,2,train
DDD,2013B,2082180,0,test
DDD,2013B,2088765,2,train
DDD,2013B,2094546,3,train
DDD,2013B,2126013,0,test
DDD,2013B,2133242,0,test
DDD,2013B,2140311,1,calib
DDD,2013B,2141506,3,train
DDD,2013B,2142579,1,calib
DDD,2013B,2146936,1,calib
DDD,2013B,2154361,1,calib
DDD,2013B,2155857,4,train
DDD,2013B,2156514,2,train
DDD,2013B,2177871,3,train
DDD,2013B,2191819,4,train
DDD,2013B,2193231,3,train
DDD,2013B,2195445,1,calib
DDD,2013B,2209728,1,calib
DDD,2013B,2214589,1,calib
DDD,2013B,2227786,0,test
DDD,2013B,2228206,1,calib
DDD,2013B,2229785,3,train
DDD,2013B,2231961,0,test
DDD,2013B,2232218,2,train
DDD,2013B,2238679,3,train
DDD,2013B,2248715,0,test
DDD,2013B,2267712,3,train
DDD,2013B,2279449,3,train
DDD,2013B,2281292,2,train
DDD,2013B,2283212,2,train
DDD,2013B,2298696,1,calib
DDD,2013B,2318590,2,train
DDD,2013B,2321898,2,train
DDD,2013B,2330534,0,test
DDD,2013B,2332060,4,train
DDD,2013B,2338290,4,train
DDD,2013B,2348111,2,train
DDD,2013B,2350300,4,train
DDD,2013B,2353766,4,train
DDD,2013B,2358423,2,train
DDD,2013B,2374051,3,train
DDD,2013B,2374404,3,train
DDD,2013B,2375123,4,train
DDD,2013B,2375627,3,train
DDD,2013B,2377623,1,calib
DDD,2013B,2381845,1,calib
DDD,2013B,2388623,4,train
DDD,2013B,2400764,0,test
DDD,2013B,2406709,4,train
DDD,2013B,2418045,0,test
DDD,2013B,2418580,2,train
DDD,2013B,2421609,2,train
DDD,2013B,2435965,4,train
DDD,2013B,2444632,0,test
DDD,2013B,2451672,2,train
DDD,2013B,2454933,2,train
DDD,2013B,2456387,2,train
DDD,2013B,2456612,0,test
DDD,2013B,2459878,4,train
DDD,2013B,2460752,2,train
DDD,2013B,2465876,0,test
DDD,2013B,2476998,2,train
DDD,2013B,2479086,3,train
DDD,2013B,2480562,4,train
DDD,2013B,2498388,3,train
DDD,2013B,2499307,1,calib
DDD,2013B,2501479,3,train
DDD,2013B,2501768,0,test
DDD,2013B,2502504,2,train
DDD,2013B,2502707,4,train
DDD,2013B,2505501,4,train
DDD,2013B,2508785,1,calib
DDD,2013B,2513245,3,train
DDD,2013B,2517826,1,calib
DDD,2013B,2518617,3,train
DDD,2013B,2523146,3,train
DDD,2013B,2526483,3,train
DDD,2013B,2531298,3,train
DDD,2013B,2532322,2,train
DDD,2013B,2535493,2,train
DDD,2013B,2536214,0,test
DDD,2013B,2537695,3,train
DDD,2013B,2540922,4,train
DDD,2013B,2543267,4,train
DDD,2013B,2543600,0,test
DDD,2013B,2545113,3,train
DDD,2013B,2546792,1,calib
DDD,2013B,2547321,3,train
DDD,2013B,2547402,4,train
DDD,2013B,2549875,1,calib
DDD,2013B,2549939,2,train
DDD,2013B,2554973,0,test
DDD,2013B,2571497,1,calib
DDD,2013B,2581822,0,test
DDD,2013B,2585285,0,test
DDD,2013B,2586026,2,train
DDD,2013B,2594888,1,calib
DDD,2013B,2602486,1,calib
DDD,2013B,2604660,0,test
DDD,2013B,2604698,2,train
DDD,2013B,2607945,2,train
DDD,2013B,2611779,4,train
DDD,2013B,2614272,3,train
DDD,2013B,2615892,1,calib
DDD,2013B,2621590,4,train
DDD,2013B,2624569,0,test
DDD,2013B,2624720,2,train
DDD,2013B,2626179,1,calib
DDD,2013B,2628025,3,train
DDD,2013B,2629511,3,train
DDD,2013B,2632491,4,train
DDD,2013B,2633235,2,train
DDD,2013B,2636225,4,train
DDD,2013B,2636885,2,train
DDD,2013B,2639451,4,train
DDD,2013B,2640063,3,train
DDD,2013B,2640992,2,train
DDD,2013B,2642830,4,train
DDD,2013B,2643034,4,train
DDD,2013B,2643777,3,train
DDD,2013B,2647226,4,train
DDD,2013B,2648271,2,train
DDD,2013B,2652066,4,train
DDD,2013B,2655683,3,train
DDD,2013B,2656282,0,test
DDD,2013B,2659756,1,calib
DDD,2013B,2661870,2,train
DDD,2013B,2665767,1,calib
DDD,2013B,2666577,4,train
DDD,2013B,2667605,1,calib
DDD,2013B,2669206,0,test
DDD,2013B,2672686,1,calib
DDD,2013B,2677955,0,test
DDD,2013B,2678338,2,train
DDD,2013B,2683836,1,calib
DDD,2013B,2685825,0,test
DDD,2013B,2686609,0,test
DDD,2013B,2689536,2,train
DDD,2013B,2691780,0,test
DDD,2013B,2692101,3,train
DDD,2013B,2693243,3,train
DDD,2013B,2694933,4,train
DDD,2013B,2697773,3,train
DDD,2013B,2707979,2,train
DDD,2013B,2710343,4,train
DDD,2013J,3733,3,train
DDD,2013J,8462,0,test
DDD,2013J,27417,4,train
DDD,2013J,27935,3,train
DDD,2013J,28046,4,train
DDD,2013J,29411,2,train
DDD,2013J,30549,3,train
DDD,2013J,31173,1,calib
DDD,2013J,31269,3,train
DDD,2013J,33387,2,train
DDD,2013J,33681,0,test
DDD,2013J,33897,2,train
DDD,2013J,33930,0,test
DDD,2013J,34087,0,test
DDD,2013J,34653,1,calib
DDD,2013J,35859,1,calib
DDD,2013J,39411,0,test
DDD,2013J,39427,0,test
DDD,2013J,40184,1,calib
DDD,2013J,40419,1,calib
DDD,2013J,40563,4,train
DDD,2013J,42818,0,test
DDD,2013J,46633,3,train
DDD,2013J,47063,1,calib
DDD,2013J,48152,0,test
DDD,2013J,49530,2,train
DDD,2013J,50610,2,train
DDD,2013J,51163,3,train
DDD,2013J,52494,1,calib
DDD,2013J,57227,2,train
DDD,2013J,57818,4,train
DDD,2013J,59275,0,test
DDD,2013J,59370,4,train
DDD,2013J,63566,4,train
DDD,2013J,63856,2,train
DDD,2013J,66047,4,train
DDD,2013J,66577,4,train
DDD,2013J,67471,4,train
DDD,2013J,67505,0,test
DDD,2013J,68011,2,train
DDD,2013J,68376,3,train
DDD,2013J,69489,0,test
DDD,2013J,71209,2,train
DDD,2013J,74130,2,train
DDD,2013J,74502,4,train
DDD,2013J,77241,3,train
DDD,2013J,78170,3,train
DDD,2013J,80329,4,train
DDD,2013J,80868,2,train
DDD,2013J,82088,2,train
DDD,2013J,83588,1,calib
DDD,2013J,84605,0,test
DDD,2013J,85325,3,train
DDD,2013J,89188,2,train
DDD,2013J,89727,4,train
DDD,2013J,90979,2,train
DDD,2013J,91354,1,calib
DDD,2013J,92166,1,calib
DDD,2013J,92312,4,train
DDD,2013J,92391,0,test
DDD,2013J,102850,4,train
DDD,2013J,103800,3,train
DDD,2013J,104643,3,train
DDD,2013J,104772,4,train
DDD,2013J,105523,2,train
DDD,2013J,108275,2,train
DDD,2013J,108789,0,test
DDD,2013J,111360,3,train
DDD,2013J,111548,3,train
DDD,2013J,111926,2,train
DDD,2013J,114558,1,calib
DDD,2013J,118887,3,train
DDD,2013J,120999,2,train
DDD,2013J,122739,2,train
DDD,2013J,123497,4,train
DDD,2013J,123598,3,train
DDD,2013J,123957,1,calib
DDD,2013J,124006,2,train
DDD,2013J,124387,2,train
DDD,2013J,126394,2,train
DDD,2013J,126812,3,train
DDD,2013J,127988,0,test
DDD,2013J,128656,1,calib
DDD,2013J,128965,2,train
DDD,2013J,130467,3,train
DDD,2013J,130671,3,train
DDD,2013J,130837,4,train
DDD,2013J,131222,3,train
DDD,2013J,132401,4,train
DDD,2013J,135385,0,test
DDD,2013J,138709,4,train
DDD,2013J,138715,1,calib
DDD,2013J,139843,4,train
DDD,2013J,140807,0,test
DDD,2013J,141301,4,train
DDD,2013J,142998,3,train
DDD,2013J,144895,3,train
DDD,2013J,146485,0,test
DDD,2013J,146666,1,calib
DDD,2013J,148008,3,train
DDD,2013J,148515,3,train
DDD,2013J,156783,4,train
DDD,2013J,157310,4,train
DDD,2013J,158611,0,test
DDD,2013J,160178,4,train
DDD,2013J,162337,0,test
DDD,2013J,164935,1,calib
DDD,2013J,165178,4,train
DDD,2013J,169079,2,train
DDD,2013J,169700,4,train
DDD,2013J,172965,0,test
DDD,2013J,173004,2,train
DDD,2013J,173370,1,calib
DDD,2013J,177354,1,calib
DDD,2013J,178020,2,train
DDD,2013J,179718,4,train
DDD,2013J,179904,0,test
DDD,2013J,180651,1,calib
DDD,2013J,184025,0,test
DDD,2013J,185024,3,train
DDD,2013J,185127,3,train
DDD,2013J,188875,1,calib
DDD,2013J,189624,0,test
DDD,2013J,191445,4,train
DDD,2013J,198953,0,test
DDD,2013J,202489,3,train
DDD,2013J,203066,2,train
DDD,2013J,204182,3,train
DDD,2013J,204505,3,train
DDD,2013J,205417,1,calib
DDD,2013J,205442,2,train
DDD,2013J,227020,2,train
DDD,2013J,227167,1,calib
DDD,2013J,227491,4,train
DDD,2013J,228695,0,test
DDD,2013J,228888,2,train
DDD,2013J,230510,3,train
DDD,2013J,231572,0,test
DDD,2013J,232078,0,test
DDD,2013J,234406,2,train
DDD,2013J,234827,2,train
DDD,2013J,235777,3,train
DDD,2013J,236150,1,calib
DDD,2013J,236857,2,train
DDD,2013J,236953,4,train
DDD,2013J,237418,2,train
DDD,2013J,237506,1,calib
DDD,2013J,237602,3,train
DDD,2013J,237808,4,train
DDD,2013J,238800,2,train
DDD,2013J,238983,1,calib
DDD,2013J,240641,2,train
DDD,2013J,242472,2,train
DDD,2013J,243372,4,train
DDD,2013J,244738,3,train
DDD,2013J,245653,4,train
DDD,2013J,245946,1,calib
DDD,2013J,248252,4,train
DDD,2013J,248695,0,test
DDD,2013J,248961,1,calib
DDD,2013J,249704,0,test
DDD,2013J,250163,3,train
DDD,2013J,250456,4,train
DDD,2013J,250644,0,test
DDD,2013J,253579,3,train
DDD,2013J,255622,0,test
DDD,2013J,257167,2,train
DDD,2013J,257359,4,train
DDD,2013J,258010,3,train
DDD,2013J,258042,1,calib
DDD,2013J,259060,2,train
DDD,2013J,259641,1,calib
DDD,2013J,259951,3,train
DDD,2013J,261495,1,calib
DDD,2013J,263524,2,train
DDD,2013J,266286,4,train
DDD,2013J,266558,3,train
DDD,2013J,267871,3,train
DDD,2013J,268817,3,train
DDD,2013J,269065,4,train
DDD,2013J,270393,0,test
DDD,2013J,270493,0,test
DDD,2013J,271206,0,test
DDD,2013J,271526,0,test
DDD,2013J,273106,3,train
DDD,2013J,274712,3,train
DDD,2013J,274964,2,train
DDD,2013J,275232,1,calib
DDD,2013J,276857,3,train
DDD,2013J,277412,2,train
DDD,2013J,277596,4,train
DDD,2013J,277729,1,calib
DDD,2013J,279868,4,train
DDD,2013J,279883,0,test
DDD,2013J,280541,4,train
DDD,2013J,281656,3,train
DDD,2013J,282317,3,train
DDD,2013J,283401,2,train
DDD,2013J,283535,0,test
DDD,2013J,284540,4,train
DDD,2013J,285085,3,train
DDD,2013J,285557,2,train
DDD,2013J,286449,4,train
DDD,2013J,286842,3,train
DDD,2013J,287783,0,test
DDD,2013J,289009,4,train
DDD,2013J,289529,2,train
DDD,2013J,290371,2,train
DDD,2013J,292694,0,test
DDD,2013J,293853,2,train
DDD,2013J,294364,0,test
DDD,2013J,296813,1,calib
DDD,2013J,296849,2,train
DDD,2013J,297382,4,train
DDD,2013J,298402,1,calib
DDD,2013J,298911,4,train
DDD,2013J,299473,0,test
DDD,2013J,303582,4,train
DDD,2013J,305535,1,calib
DDD,2013J,305702,3,train
DDD,2013J,307932,3,train
DDD,2013J,308231,3,train
DDD,2013J,308707,1,calib
DDD,2013J,308982,2,train
DDD,2013J,309258,4,train
DDD,2013J,311117,1,calib
DDD,2013J,311474,3,train
DDD,2013J,311877,3,train
DDD,2013J,314123,0,test
DDD,2013J,314219,1,calib
DDD,2013J,314956,0,test
DDD,2013J,315082,0,test
DDD,2013J,315388,1,calib
DDD,2013J,315517,0,test
DDD,2013J,315625,2,train
DDD,2013J,315730,1,calib
DDD,2013J,315909,3,train
DDD,2013J,317096,0,test
DDD,2013J,318574,2,train
DDD,2013J,318794,1,calib
DDD,2013J,318977,0,test
DDD,2013J,319479,0,test
DDD,2013J,320963,3,train
DDD,2013J,325497,1,calib
DDD,2013J,328173,1,calib
DDD,2013J,331315,1,calib
DDD,2013J,331404,4,train
DDD,2013J,332309,0,test
DDD,2013J,332436,1,calib
DDD,2013J,332726,4,train
DDD,2013J,333155,2,train
DDD,2013J,334255,4,train
DDD,2013J,334257,0,test
DDD,2013J,335018,3,train
DDD,2013J,335405,3,train
DDD,2013J,335910,3,train
DDD,2013J,336037,0,test
DDD,2013J,337314,1,calib
DDD,2013J,338034,3,train
DDD,2013J,339739,2,train
DDD,2013J,339924,1,calib
DDD,2013J,341854,0,test
DDD,2013J,341855,2,train
DDD,2013J,342100,3,train
DDD,2013J,342176,1,calib
DDD,2013J,342387,1,calib
DDD,2013J,342483,2,train
DDD,2013J,342697,4,train
DDD,2013J,342949,0,test
DDD,2013J,343238,4,train
DDD,2013J,343781,3,train
DDD,2013J,343911,1,calib
DDD,2013J,344474,4,train
DDD,2013J,346333,2,train
DDD,2013J,348050,3,train
DDD,2013J,348547,2,train
DDD,2013J,349182,4,train
DDD,2013J,349710,3,train
DDD,2013J,350164,1,calib
DDD,2013J,350644,4,train
DDD,2013J,350929,4,train
DDD,2013J,350949,3,train
DDD,2013J,352051,4,train
DDD,2013J,352641,2,train
DDD,2013J,352771,2,train
DDD,2013J,355510,4,train
DDD,2013J,356274,1,calib
DDD,2013J,358504,4,train
DDD,2013J,359855,2,train
DDD,2013J,359943,1,calib
DDD,2013J,361243,0,test
DDD,2013J,361282,4,train
DDD,2013J,361889,3,train
DDD,2013J,362647,2,train
DDD,2013J,363990,2,train
DDD,2013J,364239,3,train
DDD,2013J,364547,0,test
DDD,2013J,364770,3,train
DDD,2013J,365239,0,test
DDD,2013J,365893,1,calib
DDD,2013J,365939,1,calib
DDD,2013J,366267,2,train
DDD,2013J,366449,3,train
DDD,2013J,366535,4,train
DDD,2013J,366987,2,train
DDD,2013J,367045,3,train
DDD,2013J,368106,2,train
DDD,2013J,368436,3,train
DDD,2013J,369319,2,train
DDD,2013J,370294,1,calib
DDD,2013J,370336,0,test
DDD,2013J,370367,2,train
DDD,2013J,370920,4,train
DDD,2013J,371362,4,train
DDD,2013J,371679,2,train
DDD,2013J,373237,0,test
DDD,2013J,373280,1,calib
DDD,2013J,374636,0,test
DDD,2013J,376067,3,train
DDD,2013J,378825,3,train
DDD,2013J,379023,3,train
DDD,2013J,379124,0,test
DDD,2013J,380138,2,train
DDD,2013J,380239,3,train
DDD,2013J,380253,0,test
DDD,2013J,380429,4,train
DDD,2013J,380662,4,train
DDD,2013J,381539,3,train
DDD,2013J,382378,4,train
DDD,2013J,382742,2,train
DDD,2013J,382879,4,train
DDD,2013J,383694,2,train
DDD,2013J,383785,0,test
DDD,2013J,383978,4,train
DDD,2013J,384153,2,train
DDD,2013J,384999,3,train
DDD,2013J,385218,4,train
DDD,2013J,385495,4,train
DDD,2013J,385937,1,calib
DDD,2013J,386912,1,calib
DDD,2013J,387359,3,train
DDD,2013J,387453,3,train
DDD,2013J,388947,4,train
DDD,2013J,389025,1,calib
DDD,2013J,389362,0,test
DDD,2013J,389639,4,train
DDD,2013J,390029,4,train
DDD,2013J,390556,3,train
DDD,2013J,390690,4,train
DDD,2013J,391537,4,train
DDD,2013J,391578,0,test
DDD,2013J,391638,4,train
DDD,2013J,392626,2,train
DDD,2013J,392664,3,train
DDD,2013J,392713,1,calib
DDD,2013J,392890,0,test
DDD,2013J,394076,1,calib
DDD,2013J,394384,3,train
DDD,2013J,394951,2,train
DDD,2013J,396028,4,train
DDD,2013J,396210,4,train
DDD,2013J,396292,0,test
DDD,2013J,396668,3,train
DDD,2013J,398529,1,calib
DDD,2013J,399203,0,test
DDD,2013J,399453,3,train
DDD,2013J,399794,1,calib
DDD,2013J,399843,0,test
DDD,2013J,399863,1,calib
DDD,2013J,399935,3,train
DDD,2013J,400942,2,train
DDD,2013J,401947,3,train
DDD,2013J,402210,1,calib
DDD,2013J,402433,1,calib
DDD,2013J,403052,2,train
DDD,2013J,405336,1,calib
DDD,2013J,405784,1,calib
DDD,2013J,406224,3,train
DDD,2013J,406498,4,train
DDD,2013J,407374,3,train
DDD,2013J,408061,4,train
DDD,2013J,408239,1,calib
DDD,2013J,408817,1,calib
DDD,2013J,409056,3,train
DDD,2013J,409105,2,train
DDD,2013J,409794,2,train
DDD,2013J,409880,4,train
DDD,2013J,409953,2,train
DDD,2013J,410084,0,test
DDD,2013J,410767,0,test
DDD,2013J,411707,3,train
DDD,2013J,411730,0,test
DDD,2013J,412175,4,train
DDD,2013J,412618,0,test
DDD,2013J,414077,1,calib
DDD,2013J,414247,0,test
DDD,2013J,415151,1,calib
DDD,2013J,415187,2,train
DDD,2013J,416243,3,train
DDD,2013J,416500,0,test
DDD,2013J,418159,1,calib
DDD,2013J,418397,3,train
DDD,2013J,419192,4,train
DDD,2013J,419517,0,test
DDD,2013J,419822,4,train
DDD,2013J,420650,1,calib
DDD,2013J,420745,2,train
DDD,2013J,421301,3,train
DDD,2013J,422276,3,train
DDD,2013J,422534,4,train
DDD,2013J,423147,0,test
DDD,2013J,423474,4,train
DDD,2013J,423876,4,train
DDD,2013J,425543,2,train
DDD,2013J,426059,4,train
DDD,2013J,426097,1,calib
DDD,2013J,426887,2,train
DDD,2013J,427248,4,train
DDD,2013J,427344,4,train
DDD,2013J,428321,4,train
DDD,2013J,429212,1,calib
DDD,2013J,429854,4,train
DDD,2013J,430356,4,train
DDD,2013J,431005,3,train
DDD,2013J,432624,3,train
DDD,2013J,432862,1,calib
DDD,2013J,432968,3,train
DDD,2013J,433508,4,train
DDD,2013J,433748,0,test
DDD,2013J,434159,3,train
DDD,2013J,435587,2,train
DDD,2013J,437923,3,train
DDD,2013J,438290,4,train
DDD,2013J,438751,0,test
DDD,2013J,439568,4,train
DDD,2013J,439713,4,train
DDD,2013J,439855,2,train
DDD,2013J,440003,4,train
DDD,2013J,441342,4,train
DDD,2013J,441444,2,train
DDD,2013J,441885,2,train
DDD,2013J,441892,0,test
DDD,2013J,442530,3,train
DDD,2013J,442547,4,train
DDD,2013J,442589,4,train
DDD,2013J,442590,0,test
DDD,2013J,442878,4,train
DDD,2013J,442924,2,train
DDD,2013J,443400,0,test
DDD,2013J,443438,3,train
DDD,2013J,443540,4,train
DDD,2013J,443731,3,train
DDD,2013J,444063,3,train
DDD,2013J,444317,0,test
DDD,2013J,444375,4,train
DDD,2013J,444541,3,train
DDD,2013J,444847,2,train
DDD,2013J,444909,0,test
DDD,2013J,445109,2,train
DDD,2013J,445386,4,train
DDD,2013J,445749,1,calib
DDD,2013J,445785,2,train
DDD,2013J,445917,0,test
DDD,2013J,445930,0,test
DDD,2013J,446246,0,test
DDD,2013J,446279,2,train
DDD,2013J,446448,4,train
DDD,2013J,447059,1,calib
DDD,2013J,464924,1,calib
DDD,2013J,465399,1,calib
DDD,2013J,465418,4,train
DDD,2013J,465441,1,calib
DDD,2013J,465629,3,train
DDD,2013J,466158,3,train
DDD,2013J,466539,4,train
DDD,2013J,466880,1,calib
DDD,2013J,467776,1,calib
DDD,2013J,468657,1,calib
DDD,2013J,468927,4,train
DDD,2013J,469389,1,calib
DDD,2013J,469465,3,train
DDD,2013J,469553,1,calib
DDD,2013J,470119,3,train
DDD,2013J,470403,4,train
DDD,2013J,471373,1,calib
DDD,2013J,472000,4,train
DDD,2013J,472060,0,test
DDD,2013J,473104,0,test
DDD,2013J,473340,1,calib
DDD,2013J,473378,3,train
DDD,2013J,473406,2,train
DDD,2013J,473509,0,test
DDD,2013J,473640,2,train
DDD,2013J,474246,4,train
DDD,2013J,474385,4,train
DDD,2013J,474495,0,test
DDD,2013J,474508,3,train
DDD,2013J,474902,4,train
DDD,2013J,476144,4,train
DDD,2013J,476170,2,train
DDD,2013J,476355,2,train
DDD,2013J,476822,1,calib
DDD,2013J,476906,2,train
DDD,2013J,477120,0,test
DDD,2013J,477128,3,train
DDD,2013J,477161,3,train
DDD,2013J,477348,0,test
DDD,2013J,477412,3,train
DDD,2013J,478238,4,train
DDD,2013J,478244,1,calib
DDD,2013J,478289,3,train
DDD,2013J,478692,2,train
DDD,2013J,478744,3,train
DDD,2013J,479141,3,train
DDD,2013J,479457,3,train
DDD,2013J,479848,4,train
DDD,2013J,479977,4,train
DDD,2013J,480716,0,test
DDD,2013J,480938,0,test
DDD,2013J,481538,2,train
DDD,2013J,481667,4,train
DDD,2013J,481863,2,train
DDD,2013J,482083,2,train
DDD,2013J,482173,0,test
DDD,2013J,482635,4,train
DDD,2013J,482868,1,calib
DDD,2013J,483362,2,train
DDD,2013J,483934,3,train
DDD,2013J,484266,0,test
DDD,2013J,484355,0,test
DDD,2013J,484423,3,train
DDD,2013J,484436,1,calib
DDD,2013J,484999,0,test
DDD,2013J,485195,0,test
DDD,2013J,485506,2,train
DDD,2013J,485519,4,train
DDD,2013J,485594,4,train
DDD,2013J,485734,1,calib
DDD,2013J,485791,3,train
DDD,2013J,485980,2,train
DDD,2013J,486533,2,train
DDD,2013J,486777,2,train
DDD,2013J,486877,1,calib
DDD,2013J,486890,3,train
DDD,2013J,487293,0,test
DDD,2013J,487556,4,train
DDD,2013J,488198,3,train
DDD,2013J,488550,1,calib
DDD,2013J,488575,2,train
DDD,2013J,488680,0,test
DDD,2013J,489084,4,train
DDD,2013J,489150,4,train
DDD,2013J,489209,1,calib
DDD,2013J,489410,3,train
DDD,2013J,489990,3,train
DDD,2013J,490164,0,test
DDD,2013J,490297,3,train
DDD,2013J,490530,0,test
DDD,2013J,490738,2,train
DDD,2013J,491081,0,test
DDD,2013J,491110,4,train
DDD,2013J,491688,2,train
DDD,2013J,491874,0,test
DDD,2013J,491875,1,calib
DDD,2013J,491912,0,test
DDD,2013J,491926,1,calib
DDD,2013J,492552,2,train
DDD,2013J,492635,3,train
DDD,2013J,492740,3,train
DDD,2013J,492842,0,test
DDD,2013J,493147,4,train
DDD,2013J,493207,0,test
DDD,2013J,493404,3,train
DDD,2013J,493725,1,calib
DDD,2013J,493876,1,calib
DDD,2013J,493879,4,train
DDD,2013J,494389,0,test
DDD,2013J,494667,0,test
DDD,2013J,494722,1,calib
DDD,2013J,494728,4,train
DDD,2013J,495115,3,train
DDD,2013J,495762,1,calib
DDD,2013J,496154,4,train
DDD,2013J,496185,0,test
DDD,2013J,496315,3,train
DDD,2013J,496373,2,train
DDD,2013J,497229,3,train
DDD,2013J,497475,3,train
DDD,2013J,497590,0,test
DDD,2013J,497809,0,test
DDD,2013J,497994,4,train
DDD,2013J,498793,4,train
DDD,2013J,498821,2,train
DDD,2013J,498877,1,calib
DDD,2013J,498903,3,train
DDD,2013J,499392,1,calib
DDD,2013J,499469,2,train
DDD,2013J,500283,1,calib
DDD,2013J,500339,2,train
DDD,2013J,500521,0,test
DDD,2013J,500581,1,calib
DDD,2013J,500707,2,train
DDD,2013J,500785,3,train
DDD,2013J,501203,0,test
DDD,2013J,501488,4,train
DDD,2013J,501723,3,train
DDD,2013J,501867,0,test
DDD,2013J,502051,4,train
DDD,2013J,502057,2,train
DDD,2013J,502207,2,train
DDD,2013J,502466,3,train
DDD,2013J,502477,4,train
DDD,2013J,502638,0,test
DDD,2013J,502642,1,calib
DDD,2013J,503023,3,train
DDD,2013J,503783,3,train
DDD,2013J,503838,3,train
DDD,2013J,504034,1,calib
DDD,2013J,504064,4,train
DDD,2013J,504234,2,train
DDD,2013J,504368,0,test
DDD,2013J,504429,4,train
DDD,2013J,504552,1,calib
DDD,2013J,504596,4,train
DDD,2013J,504602,0,test
DDD,2013J,504862,0,test
DDD,2013J,505142,3,train
DDD,2013J,505209,3,train
DDD,2013J,505561,4,train
DDD,2013J,505856,2,train
DDD,2013J,506476,0,test
DDD,2013J,506582,0,test
DDD,2013J,506597,1,calib
DDD,2013J,506829,4,train
DDD,2013J,507113,3,train
DDD,2013J,507115,2,train
DDD,2013J,507257,3,train
DDD,2013J,507285,1,calib
DDD,2013J,507344,4,train
DDD,2013J,507478,2,train
DDD,2013J,508025,4,train
DDD,2013J,508227,0,test
DDD,2013J,508246,0,test
DDD,2013J,508601,4,train
DDD,2013J,508615,2,train
DDD,2013J,508637,2,train
DDD,2013J,508785,1,calib
DDD,2013J,509102,4,train
DDD,2013J,509279,4,train
DDD,2013J,509327,1,calib
DDD,2013J,509416,4,train
DDD,2013J,509501,1,calib
DDD,2013J,509610,2,train
DDD,2013J,509929,1,calib
DDD,2013J,510182,2,train
DDD,2013J,510864,0,test
DDD,2013J,510873,0,test
DDD,2013J,511282,3,train
DDD,2013J,511453,1,calib
DDD,2013J,511636,2,train
DDD,2013J,511890,1,calib
DDD,2013J,512050,3,train
DDD,2013J,512259,1,calib
DDD,2013J,512525,3,train
DDD,2013J,512706,1,calib
DDD,2013J,513007,4,train
DDD,2013J,513204,4,train
DDD,2013J,513349,2,train
DDD,2013J,513356,3,train
DDD,2013J,513482,4,train
DDD,2013J,513499,0,test
DDD,2013J,513853,2,train
DDD,2013J,513954,3,train
DDD,2013J,514125,1,calib
DDD,2013J,514218,2,train
DDD,2013J,514495,4,train
DDD,2013J,514852,3,train
DDD,2013J,514934,4,train
DDD,2013J,515056,2,train
DDD,2013J,515247,1,calib
DDD,2013J,515520,4,train
DDD,2013J,516343,0,test
DDD,2013J,516653,1,calib
DDD,2013J,516946,3,train
DDD,2013J,517093,4,train
DDD,2013J,517416,4,train
DDD,2013J,518194,1,calib
DDD,2013J,518709,4,train
DDD,2013J,518731,1,calib
DDD,2013J,518951,1,calib
DDD,2013J,519100,4,train
DDD,2013J,519211,1,calib
DDD,2013J,519358,2,train
DDD,2013J,519449,1,calib
DDD,2013J,519552,4,train
DDD,2013J,519961,2,train
DDD,2013J,520150,0,test
DDD,2013J,520891,4,train
DDD,2013J,522312,4,train
DDD,2013J,522363,0,test
DDD,2013J,522473,0,test
DDD,2013J,522538,2,train
DDD,2013J,522690,4,train
DDD,2013J,522777,2,train
DDD,2013J,523047,1,calib
DDD,2013J,523248,3,train
DDD,2013J,523275,2,train
DDD,2013J,523583,1,calib
DDD,2013J,523632,2,train
DDD,2013J,523834,2,train
DDD,2013J,524261,1,calib
DDD,2013J,524575,0,test
DDD,2013J,524711,4,train
DDD,2013J,524730,0,test
DDD,2013J,524791,2,train
DDD,2013J,525189,1,calib
DDD,2013J,525456,4,train
DDD,2013J,525472,2,train
DDD,2013J,525800,2,train
DDD,2013J,526098,0,test
DDD,2013J,526158,0,test
DDD,2013J,526242,1,calib
DDD,2013J,526659,4,train
DDD,2013J,526679,1,calib
DDD,2013J,527427,0,test
DDD,2013J,527574,4,train
DDD,2013J,527751,0,test
DDD,2013J,527954,2,train
DDD,2013J,528467,4,train
DDD,2013J,528551,3,train
DDD,2013J,528892,1,calib
DDD,2013J,528971,3,train
DDD,2013J,529073,2,train
DDD,2013J,529226,2,train
DDD,2013J,529522,0,test
DDD,2013J,529670,1,calib
DDD,2013J,529868,0,test
DDD,2013J,530270,2,train
DDD,2013J,530519,0,test
DDD,2013J,530967,2,train
DDD,2013J,531234,4,train
DDD,2013J,531402,4,train
DDD,2013J,531888,3,train
DDD,2013J,532020,0,test
DDD,2013J,532116,1,calib
DDD,2013J,532144,0,test
DDD,2013J,532683,0,test
DDD,2013J,532859,2,train
DDD,2013J,532863,3,train
DDD,2013J,532941,3,train
DDD,2013J,533988,0,test
DDD,2013J,534093,2,train
DDD,2013J,535161,1,calib
DDD,2013J,535220,1,calib
DDD,2013J,535351,0,test
DDD,2013J,535632,2,train
DDD,2013J,535707,0,test
DDD,2013J,535794,2,train
DDD,2013J,536199,2,train
DDD,2013J,536210,2,train
DDD,2013J,536979,0,test
DDD,2013J,537652,4,train
DDD,2013J,537691,0,test
DDD,2013J,537747,1,calib
DDD,2013J,537811,4,train
DDD,2013J,537918,0,test
DDD,2013J,537962,3,train
DDD,2013J,538863,3,train
DDD,2013J,538903,2,train
DDD,2013J,539872,0,test
DDD,2013J,540806,3,train
DDD,2013J,540947,1,calib
DDD,2013J,541108,2,train
DDD,2013J,541482,0,test
DDD,2013J,542180,3,train
DDD,2013J,542244,0,test
DDD,2013J,542321,3,train
DDD,2013J,542558,2,train
DDD,2013J,543481,3,train
DDD,2013J,543648,2,train
DDD,2013J,543683,0,test
DDD,2013J,543723,4,train
DDD,2013J,543788,1,calib
DDD,2013J,543825,1,calib
DDD,2013J,544031,3,train
DDD,2013J,544155,3,train
DDD,2013J,544499,4,train
DDD,2013J,544576,2,train
DDD,2013J,544587,4,train
DDD,2013J,544594,4,train
DDD,2013J,544649,1,calib
DDD,2013J,544982,3,train
DDD,2013J,545093,0,test
DDD,2013J,545124,0,test
DDD,2013J,545179,0,test
DDD,2013J,545211,0,test
DDD,2013J,545255,4,train
DDD,2013J,545769,2,train
DDD,2013J,545991,1,calib
DDD,2013J,546293,3,train
DDD,2013J,546403,0,test
DDD,2013J,546722,0,test
DDD,2013J,546809,2,train
DDD,2013J,546852,4,train
DDD,2013J,547378,0,test
DDD,2013J,547448,2,train
DDD,2013J,547584,4,train
DDD,2013J,547737,1,calib
DDD,2013J,547784,4,train
DDD,2013J,548027,2,train
DDD,2013J,548173,4,train
DDD,2013J,548301,0,test
DDD,2013J,548825,2,train
DDD,2013J,548851,3,train
DDD,2013J,549032,0,test
DDD,2013J,549113,0,test
DDD,2013J,549160,0,test
DDD,2013J,549337,2,train
DDD,2013J,549424,1,calib
DDD,2013J,549601,3,train
DDD,2013J,550142,3,train
DDD,2013J,550331,4,train
DDD,2013J,550380,3,train
DDD,2013J,550814,0,test
DDD,2013J,551126,4,train
DDD,2013J,551214,1,calib
DDD,2013J,551456,0,test
DDD,2013J,551674,2,train
DDD,2013J,551760,0,test
DDD,2013J,551774,1,calib
DDD,2013J,552003,3,train
DDD,2013J,552192,0,test
DDD,2013J,552282,2,train
DDD,2013J,552313,4,train
DDD,2013J,552537,0,test
DDD,2013J,552747,3,train
DDD,2013J,552898,2,train
DDD,2013J,553170,0,test
DDD,2013J,553280,0,test
DDD,2013J,553301,3,train
DDD,2013J,553353,1,calib
DDD,2013J,553719,2,train
DDD,2013J,553832,2,train
DDD,2013J,553992,2,train
DDD,2013J,554283,1,calib
DDD,2013J,554356,2,train
DDD,2013J,554691,1,calib
DDD,2013J,555239,3,train
DDD,2013J,555316,0,test
DDD,2013J,555422,4,train
DDD,2013J,555636,0,test
DDD,2013J,555644,1,calib
DDD,2013J,555791,1,calib
DDD,2013J,556539,1,calib
DDD,2013J,556751,1,calib
DDD,2013J,556821,4,train
DDD,2013J,557247,1,calib
DDD,2013J,557320,2,train
DDD,2013J,557474,3,train
DDD,2013J,558021,0,test
DDD,2013J,558029,1,calib
DDD,2013J,558052,4,train
DDD,2013J,558140,4,train
DDD,2013J,558610,2,train
DDD,2013J,558765,3,train
DDD,2013J,559096,1,calib
DDD,2013J,559123,4,train
DDD,2013J,559140,1,calib
DDD,2013J,559540,3,train
DDD,2013J,559547,1,calib
DDD,2013J,559680,2,train
DDD,2013J,559735,4,train
DDD,2013J,559855,3,train
DDD,2013J,559908,4,train
DDD,2013J,559992,2,train
DDD,2013J,560015,2,train
DDD,2013J,560243,3,train
DDD,2013J,560423,0,test
DDD,2013J,560458,0,test
DDD,2013J,560486,1,calib
DDD,2013J,560493,3,train
DDD,2013J,560759,4,train
DDD,2013J,560870,0,test
DDD,2013J,560879,2,train
DDD,2013J,560948,0,test
DDD,2013J,561072,0,test
DDD,2013J,561195,0,test
DDD,2013J,561272,2,train
DDD,2013J,561476,3,train
DDD,2013J,561515,0,test
DDD,2013J,561734,4,train
DDD,2013J,561807,3,train
DDD,2013J,561810,4,train
DDD,2013J,561819,4,train
DDD,2013J,561823,0,test
DDD,2013J,561881,0,test
DDD,2013J,561905,3,train
DDD,2013J,561955,3,train
DDD,2013J,562064,2,train
DDD,2013J,562096,0,test
DDD,2013J,562100,3,train
DDD,2013J,562287,0,test
DDD,2013J,562437,4,train
DDD,2013J,562490,3,train
DDD,2013J,562548,2,train
DDD,2013J,562561,3,train
DDD,2013J,562585,4,train
DDD,2013J,562728,4,train
DDD,2013J,562758,1,calib
DDD,2013J,562929,1,calib
DDD,2013J,563016,4,train
DDD,2013J,563503,2,train
DDD,2013J,563675,2,train
DDD,2013J,563718,1,calib
DDD,2013J,563770,1,calib
DDD,2013J,563819,1,calib
DDD,2013J,563847,2,train
DDD,2013J,563862,3,train
DDD,2013J,563888,1,calib
DDD,2013J,563971,0,test
DDD,2013J,564213,4,train
DDD,2013J,564325,3,train
DDD,2013J,564356,0,test
DDD,2013J,564454,0,test
DDD,2013J,565175,2,train
DDD,2013J,565301,3,train
DDD,2013J,565570,3,train
DDD,2013J,565657,3,train
DDD,2013J,565662,0,test
DDD,2013J,566134,1,calib
DDD,2013J,566185,3,train
DDD,2013J,566381,1,calib
DDD,2013J,566445,1,calib
DDD,2013J,566482,2,train
DDD,2013J,566553,4,train
DDD,2013J,566704,3,train
DDD,2013J,566795,2,train
DDD,2013J,566810,3,train
DDD,2013J,566979,1,calib
DDD,2013J,567152,2,train
DDD,2013J,567167,0,test
DDD,2013J,567176,1,calib
DDD,2013J,567246,2,train
DDD,2013J,567292,0,test
DDD,2013J,567304,2,train
DDD,2013J,567417,1,calib
DDD,2013J,567451,0,test
DDD,2013J,567970,2,train
DDD,2013J,568043,0,test
DDD,2013J,568045,1,calib
DDD,2013J,568068,3,train
DDD,2013J,568196,0,test
DDD,2013J,568223,3,train
DDD,2013J,568296,1,calib
DDD,2013J,568422,2,train
DDD,2013J,568566,0,test
DDD,2013J,568578,4,train
DDD,2013J,568580,0,test
DDD,2013J,568598,3,train
DDD,2013J,568668,3,train
DDD,2013J,568741,3,train
DDD,2013J,568835,4,train
DDD,2013J,568948,4,train
DDD,2013J,568963,1,calib
DDD,2013J,569279,0,test
DDD,2013J,569743,1,calib
DDD,2013J,569857,2,train
DDD,2013J,569891,1,calib
DDD,2013J,569928,2,train
DDD,2013J,569935,1,calib
DDD,2013J,569978,2,train
DDD,2013J,570237,3,train
DDD,2013J,570319,4,train
DDD,2013J,570401,3,train
DDD,2013J,570403,0,test
DDD,2013J,570531,2,train
DDD,2013J,570630,0,test
DDD,2013J,570671,1,calib
DDD,2013J,570871,0,test
DDD,2013J,570872,1,calib
DDD,2013J,570896,4,train
DDD,2013J,571000,4,train
DDD,2013J,571055,2,train
DDD,2013J,571131,4,train
DDD,2013J,571242,4,train
DDD,2013J,571382,2,train
DDD,2013J,571451,3,train
DDD,2013J,571512,3,train
DDD,2013J,571640,1,calib
DDD,2013J,571682,4,train
DDD,2013J,571716,4,train
DDD,2013J,571765,1,calib
DDD,2013J,571776,0,test
DDD,2013J,571808,3,train
DDD,2013J,571921,3,train
DDD,2013J,571950,2,train
DDD,2013J,571951,3,train
DDD,2013J,572038,2,train
DDD,2013J,572060,4,train
DDD,2013J,572087,4,train
DDD,2013J,572089,0,test
DDD,2013J,572134,4,train
DDD,2013J,572143,0,test
DDD,2013J,572149,2,train
DDD,2013J,572231,1,calib
DDD,2013J,572233,3,train
DDD,2013J,572241,4,train
DDD,2013J,572280,1,calib
DDD,2013J,572281,2,train
DDD,2013J,572338,1,calib
DDD,2013J,572348,3,train
DDD,2013J,572382,4,train
DDD,2013J,572431,2,train
DDD,2013J,572452,0,test
DDD,2013J,572457,2,train
DDD,2013J,572460,3,train
DDD,2013J,572470,3,train
DDD,2013J,572548,1,calib
DDD,2013J,572567,3,train
DDD,2013J,572620,0,test
DDD,2013J,572648,3,train
DDD,2013J,572688,3,train
DDD,2013J,572697,4,train
DDD,2013J,572698,1,calib
DDD,2013J,572730,2,train
DDD,2013J,572735,4,train
DDD,2013J,572751,1,calib
DDD,2013J,572754,0,test
DDD,2013J,572774,0,test
DDD,2013J,572806,1,calib
DDD,2013J,572854,3,train
DDD,2013J,572874,0,test
DDD,2013J,572880,2,train
DDD,2013J,572900,4,train
DDD,2013J,572909,0,test
DDD,2013J,572949,2,train
DDD,2013J,572976,1,calib
DDD,2013J,573235,1,calib
DDD,2013J,573284,3,train
DDD,2013J,573307,2,train
DDD,2013J,573473,1,calib
DDD,2013J,573541,4,train
DDD,2013J,573602,0,test
DDD,2013J,573646,0,test
DDD,2013J,573689,3,train
DDD,2013J,573709,1,calib
DDD,2013J,573712,3,train
DDD,2013J,573780,3,train
DDD,2013J,573845,4,train
DDD,2013J,573970,1,calib
DDD,2013J,574029,0,test
DDD,2013J,574035,3,train
DDD,2013J,574088,1,calib
DDD,2013J,574098,3,train
DDD,2013J,574099,0,test
DDD,2013J,574181,4,train
DDD,2013J,574310,3,train
DDD,2013J,574330,3,train
DDD,2013J,574498,4,train
DDD,2013J,574529,4,train
DDD,2013J,574623,4,train
DDD,2013J,574627,0,test
DDD,2013J,574665,3,train
DDD,2013J,574705,4,train
DDD,2013J,574720,0,test
DDD,2013J,574730,4,train
DDD,2013J,574743,2,train
DDD,2013J,574819,3,train
DDD,2013J,574842,3,train
DDD,2013J,574860,1,calib
DDD,2013J,574866,1,calib
DDD,2013J,574873,1,calib
DDD,2013J,574895,3,train
DDD,2013J,574938,3,train
DDD,2013J,575192,4,train
DDD,2013J,575213,3,train
DDD,2013J,575258,2,train
DDD,2013J,575337,4,train
DDD,2013J,575365,2,train
DDD,2013J,575376,4,train
DDD,2013J,575385,1,calib
DDD,2013J,575431,0,test
DDD,2013J,575493,0,test
DDD,2013J,575766,3,train
DDD,2013J,575773,1,calib
DDD,2013J,575798,3,train
DDD,2013J,575811,4,train
DDD,2013J,575855,0,test
DDD,2013J,575962,3,train
DDD,2013J,575999,3,train
DDD,2013J,576031,4,train
DDD,2013J,576040,1,calib
DDD,2013J,576083,0,test
DDD,2013J,576131,4,train
DDD,2013J,576231,2,train
DDD,2013J,576233,1,calib
DDD,2013J,576251,1,calib
DDD,2013J,576314,0,test
DDD,2013J,576368,2,train
DDD,2013J,576383,0,test
DDD,2013J,576413,0,test
DDD,2013J,576453,3,train
DDD,2013J,576492,0,test
DDD,2013J,576767,2,train
DDD,2013J,576847,3,train
DDD,2013J,576879,2,train
DDD,2013J,576949,1,calib
DDD,2013J,577035,0,test
DDD,2013J,577126,1,calib
DDD,2013J,577196,3,train
DDD,2013J,577200,4,train
DDD,2013J,577212,1,calib
DDD,2013J,577279,4,train
DDD,2013J,577401,3,train
DDD,2013J,577414,2,train
DDD,2013J,577464,0,test
DDD,2013J,577558,0,test
DDD,2013J,577570,4,train
DDD,2013J,577638,0,test
DDD,2013J,577652,4,train
DDD,2013J,577736,0,test
DDD,2013J,577930,4,train
DDD,2013J,578026,4,train
DDD,2013J,578117,0,test
DDD,2013J,578150,3,train
DDD,2013J,578285,2,train
DDD,2013J,578303,1,calib
DDD,2013J,578427,4,train
DDD,2013J,578544,3,train
DDD,2013J,578644,0,test
DDD,2013J,578697,3,train
DDD,2013J,578823,1,calib
DDD,2013J,578850,4,train
DDD,2013J,578906,3,train
DDD,2013J,578943,4,train
DDD,2013J,578956,1,calib
DDD,2013J,579105,1,calib
DDD,2013J,579112,0,test
DDD,2013J,579151,2,train
DDD,2013J,579303,1,calib
DDD,2013J,579325,1,calib
DDD,2013J,579367,1,calib
DDD,2013J,579372,3,train
DDD,2013J,579470,1,calib
DDD,2013J,579567,3,train
DDD,2013J,579717,2,train
DDD,2013J,580393,3,train
DDD,2013J,580415,0,test
DDD,2013J,580441,1,calib
DDD,2013J,580468,2,train
DDD,2013J,580516,3,train
DDD,2013J,580534,3,train
DDD,2013J,580595,2,train
DDD,2013J,580642,0,test
DDD,2013J,580706,4,train
DDD,2013J,580714,1,calib
DDD,2013J,580916,4,train
DDD,2013J,581065,0,test
DDD,2013J,581138,0,test
DDD,2013J,581283,4,train
DDD,2013J,581320,0,test
DDD,2013J,581552,0,test
DDD,2013J,581584,3,train
DDD,2013J,581593,4,train
DDD,2013J,581648,2,train
DDD,2013J,581697,2,train
DDD,2013J,581755,4,train
DDD,2013J,581818,1,calib
DDD,2013J,581922,4,train
DDD,2013J,582026,3,train
DDD,2013J,582160,4,train
DDD,2013J,582227,3,train
DDD,2013J,582288,4,train
DDD,2013J,582302,4,train
DDD,2013J,582320,3,train
DDD,2013J,582373,1,calib
DDD,2013J,582416,0,test
DDD,2013J,582452,2,train
DDD,2013J,582464,1,calib
DDD,2013J,582554,3,train
DDD,2013J,582848,4,train
DDD,2013J,582879,1,calib
DDD,2013J,582931,1,calib
DDD,2013J,582954,0,test
DDD,2013J,583037,4,train
DDD,2013J,583147,3,train
DDD,2013J,583198,3,train
DDD,2013J,583215,3,train
DDD,2013J,583221,4,train
DDD,2013J,583247,3,train
DDD,2013J,583293,2,train
DDD,2013J,583335,0,test
DDD,2013J,583438,1,calib
DDD,2013J,583514,1,calib
DDD,2013J,583540,3,train
DDD,2013J,583570,1,calib
DDD,2013J,583580,2,train
DDD,2013J,583606,4,train
DDD,2013J,583775,2,train
DDD,2013J,583871,4,train
DDD,2013J,583946,2,train
DDD,2013J,583955,0,test
DDD,2013J,584077,2,train
DDD,2013J,584082,3,train
DDD,2013J,584132,2,train
DDD,2013J,584183,3,train
DDD,2013J,584305,4,train
DDD,2013J,584315,1,calib
DDD,2013J,584433,0,test
DDD,2013J,584455,3,train
DDD,2013J,584495,2,train
DDD,2013J,584517,2,train
DDD,2013J,584532,3,train
DDD,2013J,584586,3,train
DDD,2013J,584591,3,train
DDD,2013J,584615,0,test
DDD,2013J,584628,1,calib
DDD,2013J,584640,3,train
DDD,2013J,584883,3,train
DDD,2013J,584914,3,train
DDD,2013J,584918,0,test
DDD,2013J,584932,0,test
DDD,2013J,584943,2,train
DDD,2013J,585098,0,test
DDD,2013J,585134,2,train
DDD,2013J,585208,4,train
DDD,2013J,585210,4,train
DDD,2013J,585326,4,train
DDD,2013J,585359,3,train
DDD,2013J,585384,3,train
DDD,2013J,585422,3,train
DDD,2013J,585525,0,test
DDD,2013J,585579,0,test
DDD,2013J,585695,1,calib
DDD,2013J,585929,2,train
DDD,2013J,585998,4,train
DDD,2013J,586022,0,test
DDD,2013J,586113,2,train
DDD,2013J,586128,0,test
DDD,2013J,586243,2,train
DDD,2013J,586257,2,train
DDD,2013J,586317,4,train
DDD,2013J,586470,1,calib
DDD,2013J,586497,2,train
DDD,2013J,586526,2,train
DDD,2013J,586536,2,train
DDD,2013J,586550,2,train
DDD,2013J,586609,0,test
DDD,2013J,586625,3,train
DDD,2013J,586707,3,train
DDD,2013J,586762,4,train
DDD,2013J,586800,3,train
DDD,2013J,586823,1,calib
DDD,2013J,586912,3,train
DDD,2013J,586961,2,train
DDD,2013J,587002,2,train
DDD,2013J,587006,3,train
DDD,2013J,587099,0,test
DDD,2013J,587179,2,train
DDD,2013J,587310,0,test
DDD,2013J,587552,2,train
DDD,2013J,587576,4,train
DDD,2013J,587641,0,test
DDD,2013J,587862,3,train
DDD,2013J,587989,2,train
DDD,2013J,588013,1,calib
DDD,2013J,588033,0,test
DDD,2013J,588086,2,train
DDD,2013J,588132,0,test
DDD,2013J,588146,4,train
DDD,2013J,588178,4,train
DDD,2013J,588197,4,train
DDD,2013J,588208,2,train
DDD,2013J,588219,2,train
DDD,2013J,588242,2,train
DDD,2013J,588293,4,train
DDD,2013J,588352,3,train
DDD,2013J,588430,1,calib
DDD,2013J,588460,1,calib
DDD,2013J,588482,3,train
DDD,2013J,588485,4,train
DDD,2013J,588493,4,train
DDD,2013J,588537,3,train
DDD,2013J,588540,0,test
DDD,2013J,588556,4,train
DDD,2013J,588566,1,calib
DDD,2013J,588658,3,train
DDD,2013J,588707,2,train
DDD,2013J,588815,1,calib
DDD,2013J,588824,2,train
DDD,2013J,588850,0,test
DDD,2013J,588884,4,train
DDD,2013J,589007,0,test
DDD,2013J,589019,4,train
DDD,2013J,589171,1,calib
DDD,2013J,589212,0,test
DDD,2013J,589220,1,calib
DDD,2013J,589445,3,train
DDD,2013J,589458,0,test
DDD,2013J,589503,1,calib
DDD,2013J,589531,1,calib
DDD,2013J,589557,1,calib
DDD,2013J,589569,1,calib
DDD,2013J,589582,4,train
DDD,2013J,589584,1,calib
DDD,2013J,589630,0,test
DDD,2013J,589723,3,train
DDD,2013J,589875,2,train
DDD,2013J,589932,2,train
DDD,2013J,589956,1,calib
DDD,2013J,589963,2,train
DDD,2013J,590177,2,train
DDD,2013J,590184,0,test
DDD,2013J,590235,4,train
DDD,2013J,590370,0,test
DDD,2013J,590380,3,train
DDD,2013J,590392,2,train
DDD,2013J,590397,0,test
DDD,2013J,590402,1,calib
DDD,2013J,590420,0,test
DDD,2013J,590443,2,train
DDD,2013J,590464,3,train
DDD,2013J,590482,3,train
DDD,2013J,590541,3,train
DDD,2013J,590676,1,calib
DDD,2013J,590762,1,calib
DDD,2013J,590789,3,train
DDD,2013J,590811,4,train
DDD,2013J,590828,2,train
DDD,2013J,590881,4,train
DDD,2013J,590886,1,calib
DDD,2013J,590918,1,calib
DDD,2013J,590920,3,train
DDD,2013J,590921,4,train
DDD,2013J,590951,0,test
DDD,2013J,591071,4,train
DDD,2013J,591163,0,test
DDD,2013J,591193,2,train
DDD,2013J,591202,3,train
DDD,2013J,591210,0,test
DDD,2013J,591230,1,calib
DDD,2013J,591593,4,train
DDD,2013J,591648,2,train
DDD,2013J,591650,3,train
DDD,2013J,591694,4,train
DDD,2013J,591845,1,calib
DDD,2013J,591852,0,test
DDD,2013J,591891,3,train
DDD,2013J,591980,1,calib
DDD,2013J,592093,1,calib
DDD,2013J,592173,2,train
DDD,2013J,592189,3,train
DDD,2013J,592252,1,calib
DDD,2013J,592284,1,calib
DDD,2013J,592299,3,train
DDD,2013J,592315,4,train
DDD,2013J,592382,0,test
DDD,2013J,592486,3,train
DDD,2013J,592494,2,train
DDD,2013J,592577,4,train
DDD,2013J,592625,1,calib
DDD,2013J,592658,3,train
DDD,2013J,592709,4,train
DDD,2013J,592749,1,calib
DDD,2013J,592804,1,calib
DDD,2013J,592950,1,calib
DDD,2013J,593075,2,train
DDD,2013J,593103,3,train
DDD,2013J,593303,2,train
DDD,2013J,593338,1,calib
DDD,2013J,593345,2,train
DDD,2013J,593475,3,train
DDD,2013J,593594,1,calib
DDD,2013J,593654,3,train
DDD,2013J,593903,3,train
DDD,2013J,593973,3,train
DDD,2013J,594011,4,train
DDD,2013J,594052,3,train
DDD,2013J,594079,3,train
DDD,2013J,594081,0,test
DDD,2013J,594086,3,train
DDD,2013J,594164,2,train
DDD,2013J,594201,4,train
DDD,2013J,594407,2,train
DDD,2013J,594414,3,train
DDD,2013J,594419,0,test
DDD,2013J,594507,4,train
DDD,2013J,594578,1,calib
DDD,2013J,594599,3,train
DDD,2013J,594869,0,test
DDD,2013J,594880,2,train
DDD,2013J,594925,3,train
DDD,2013J,594963,2,train
DDD,2013J,595008,0,test
DDD,2013J,595079,3,train
DDD,2013J,595319,3,train
DDD,2013J,595396,1,calib
DDD,2013J,595495,0,test
DDD,2013J,595601,2,train
DDD,2013J,595659,0,test
DDD,2013J,595685,3,train
DDD,2013J,595687,4,train
DDD,2013J,595720,4,train
DDD,2013J,595723,0,test
DDD,2013J,595894,3,train
DDD,2013J,595940,1,calib
DDD,2013J,595963,1,calib
DDD,2013J,595986,3,train
DDD,2013J,595988,4,train
DDD,2013J,596093,3,train
DDD,2013J,596104,3,train
DDD,2013J,596204,4,train
DDD,2013J,596270,0,test
DDD,2013J,596292,3,train
DDD,2013J,596306,2,train
DDD,2013J,596441,0,test
DDD,2013J,596473,4,train
DDD,2013J,596542,3,train
DDD,2013J,596570,0,test
DDD,2013J,596589,3,train
DDD,2013J,596620,3,train
DDD,2013J,596629,2,train
DDD,2013J,596731,2,train
DDD,2013J,596845,3,train
DDD,2013J,596846,0,test
DDD,2013J,596978,1,calib
DDD,2013J,597178,0,test
DDD,2013J,597192,4,train
DDD,2013J,597235,0,test
DDD,2013J,597243,4,train
DDD,2013J,597308,3,train
DDD,2013J,597365,4,train
DDD,2013J,597403,0,test
DDD,2013J,597428,4,train
DDD,2013J,597433,2,train
DDD,2013J,597443,3,train
DDD,2013J,597453,1,calib
DDD,2013J,597504,1,calib
DDD,2013J,597560,1,calib
DDD,2013J,597561,3,train
DDD,2013J,597571,3,train
DDD,2013J,597602,4,train
DDD,2013J,597726,3,train
DDD,2013J,597754,1,calib
DDD,2013J,597755,2,train
DDD,2013J,597770,1,calib
DDD,2013J,597871,1,calib
DDD,2013J,597924,1,calib
DDD,2013J,597938,2,train
DDD,2013J,597968,2,train
DDD,2013J,598052,4,train
DDD,2013J,598064,0,test
DDD,2013J,598089,3,train
DDD,2013J,598123,0,test
DDD,2013J,598246,3,train
DDD,2013J,598323,3,train
DDD,2013J,598430,3,train
DDD,2013J,598501,3,train
DDD,2013J,598516,1,calib
DDD,2013J,598536,3,train
DDD,2013J,598637,1,calib
DDD,2013J,598650,1,calib
DDD,2013J,598664,2,train
DDD,2013J,598665,4,train
DDD,2013J,598701,3,train
DDD,2013J,598842,4,train
DDD,2013J,598860,1,calib
DDD,2013J,598949,1,calib
DDD,2013J,598989,3,train
DDD,2013J,599049,3,train
DDD,2013J,599068,0,test
DDD,2013J,599101,0,test
DDD,2013J,599109,4,train
DDD,2013J,599146,3,train
DDD,2013J,599169,0,test
DDD,2013J,599177,1,calib
DDD,2013J,599206,4,train
DDD,2013J,599262,4,train
DDD,2013J,599314,1,calib
DDD,2013J,599406,4,train
DDD,2013J,599425,0,test
DDD,2013J,599577,4,train
DDD,2013J,599585,0,test
DDD,2013J,599615,0,test
DDD,2013J,599649,2,train
DDD,2013J,599655,4,train
DDD,2013J,599658,0,test
DDD,2013J,599711,4,train
DDD,2013J,599725,3,train
DDD,2013J,599737,0,test
DDD,2013J,599741,1,calib
DDD,2013J,599742,2,train
DDD,2013J,599837,3,train
DDD,2013J,599854,2,train
DDD,2013J,599876,4,train
DDD,2013J,599947,4,train
DDD,2013J,600067,1,calib
DDD,2013J,600094,2,train
DDD,2013J,600242,0,test
DDD,2013J,600289,0,test
DDD,2013J,600365,2,train
DDD,2013J,600478,3,train
DDD,2013J,600525,1,calib
DDD,2013J,600635,3,train
DDD,2013J,600648,1,calib
DDD,2013J,600671,2,train
DDD,2013J,600686,1,calib
DDD,2013J,600753,1,calib
DDD,2013J,600796,3,train
DDD,2013J,600817,1,calib
DDD,2013J,600842,4,train
DDD,2013J,600859,3,train
DDD,2013J,600963,1,calib
DDD,2013J,601048,4,train
DDD,2013J,601088,4,train
DDD,2013J,601092,4,train
DDD,2013J,601133,0,test
DDD,2013J,601204,4,train
DDD,2013J,601230,4,train
DDD,2013J,601234,0,test
DDD,2013J,601263,0,test
DDD,2013J,601270,0,test
DDD,2013J,601286,4,train
DDD,2013J,601289,2,train
DDD,2013J,601293,0,test
DDD,2013J,601310,1,calib
DDD,2013J,601380,2,train
DDD,2013J,601392,2,train
DDD,2013J,601467,1,calib
DDD,2013J,601488,3,train
DDD,2013J,601566,1,calib
DDD,2013J,601579,3,train
DDD,2013J,601731,1,calib
DDD,2013J,601857,4,train
DDD,2013J,602302,4,train
DDD,2013J,602312,0,test
DDD,2013J,602356,3,train
DDD,2013J,602404,2,train
DDD,2013J,602413,0,test
DDD,2013J,602452,3,train
DDD,2013J,602453,4,train
DDD,2013J,602595,1,calib
DDD,2013J,602692,4,train
DDD,2013J,602706,1,calib
DDD,2013J,602725,3,train
DDD,2013J,602729,0,test
DDD,2013J,602783,4,train
DDD,2013J,602856,3,train
DDD,2013J,602902,2,train
DDD,2013J,602986,2,train
DDD,2013J,603034,1,calib
DDD,2013J,603049,1,calib
DDD,2013J,603201,1,calib
DDD,2013J,603302,3,train
DDD,2013J,603325,0,test
DDD,2013J,603410,2,train
DDD,2013J,603431,1,calib
DDD,2013J,603469,4,train
DDD,2013J,603498,1,calib
DDD,2013J,603513,4,train
DDD,2013J,603669,1,calib
DDD,2013J,603684,4,train
DDD,2013J,603730,2,train
DDD,2013J,603749,3,train
DDD,2013J,603803,2,train
DDD,2013J,603850,1,calib
DDD,2013J,603931,3,train
DDD,2013J,603953,0,test
DDD,2013J,604055,1,calib
DDD,2013J,604072,3,train
DDD,2013J,604156,2,train
DDD,2013J,604281,2,train
DDD,2013J,604317,1,calib
DDD,2013J,604392,2,train
DDD,2013J,604398,0,test
DDD,2013J,604462,2,train
DDD,2013J,604546,0,test
DDD,2013J,604559,3,train
DDD,2013J,604574,1,calib
DDD,2013J,604627,3,train
DDD,2013J,604641,0,test
DDD,2013J,604655,2,train
DDD,2013J,604692,2,train
DDD,2013J,604723,4,train
DDD,2013J,604729,0,test
DDD,2013J,604854,3,train
DDD,2013J,604912,1,calib
DDD,2013J,604952,4,train
DDD,2013J,605005,0,test
DDD,2013J,605070,4,train
DDD,2013J,605105,3,train
DDD,2013J,605118,0,test
DDD,2013J,605144,3,train
DDD,2013J,605191,1,calib
DDD,2013J,605245,4,train
DDD,2013J,605266,4,train
DDD,2013J,605313,1,calib
DDD,2013J,605476,4,train
DDD,2013J,605540,4,train
DDD,2013J,605561,0,test
DDD,2013J,605652,1,calib
DDD,2013J,605703,4,train
DDD,2013J,605859,2,train
DDD,2013J,605885,1,calib
DDD,2013J,605941,2,train
DDD,2013J,606082,0,test
DDD,2013J,606270,2,train
DDD,2013J,606319,3,train
DDD,2013J,606322,3,train
DDD,2013J,606344,0,test
DDD,2013J,606492,1,calib
DDD,2013J,606513,0,test
DDD,2013J,606593,0,test
DDD,2013J,606665,2,train
DDD,2013J,606719,1,calib
DDD,2013J,606788,4,train
DDD,2013J,606908,4,train
DDD,2013J,607061,1,calib
DDD,2013J,607073,3,train
DDD,2013J,607110,0,test
DDD,2013J,607151,0,test
DDD,2013J,607196,0,test
DDD,2013J,607231,2,train
DDD,2013J,607316,0,test
DDD,2013J,607427,0,test
DDD,2013J,607485,2,train
DDD,2013J,607498,3,train
DDD,2013J,607515,1,calib
DDD,2013J,607555,0,test
DDD,2013J,607622,0,test
DDD,2013J,607670,0,test
DDD,2013J,607800,4,train
DDD,2013J,607854,0,test
DDD,2013J,607900,4,train
DDD,2013J,607927,1,calib
DDD,2013J,607928,2,train
DDD,2013J,607966,4,train
DDD,2013J,608062,1,calib
DDD,2013J,608170,1,calib
DDD,2013J,608178,3,train
DDD,2013J,608206,0,test
DDD,2013J,608217,3,train
DDD,2013J,608238,0,test
DDD,2013J,608267,4,train
DDD,2013J,608284,0,test
DDD,2013J,608417,3,train
DDD,2013J,608449,2,train
DDD,2013J,608630,2,train
DDD,2013J,608638,0,test
DDD,2013J,608643,1,calib
DDD,2013J,608733,4,train
DDD,2013J,608745,3,train
DDD,2013J,608815,0,test
DDD,2013J,608848,4,train
DDD,2013J,608923,1,calib
DDD,2013J,608943,2,train
DDD,2013J,608983,0,test
DDD,2013J,609031,3,train
DDD,2013J,609044,1,calib
DDD,2013J,609089,1,calib
DDD,2013J,609242,2,train
DDD,2013J,609381,1,calib
DDD,2013J,609480,1,calib
DDD,2013J,609488,3,train
DDD,2013J,609593,3,train
DDD,2013J,609797,1,calib
DDD,2013J,609932,3,train
DDD,2013J,609969,1,calib
DDD,2013J,610019,0,test
DDD,2013J,610106,4,train
DDD,2013J,610170,3,train
DDD,2013J,610220,1,calib
DDD,2013J,610257,0,test
DDD,2013J,610279,1,calib
DDD,2013J,610393,2,train
DDD,2013J,610402,0,test
DDD,2013J,610469,4,train
DDD,2013J,610537,1,calib
DDD,2013J,610595,0,test
DDD,2013J,610603,3,train
DDD,2013J,610606,3,train
DDD,2013J,610701,4,train
DDD,2013J,610817,1,calib
DDD,2013J,610830,4,train
DDD,2013J,610834,1,calib
DDD,2013J,610838,2,train
DDD,2013J,610870,3,train
DDD,2013J,610913,2,train
DDD,2013J,611162,3,train
DDD,2013J,611244,1,calib
DDD,2013J,611259,0,test
DDD,2013J,611271,3,train
DDD,2013J,611284,3,train
DDD,2013J,611408,4,train
DDD,2013J,611418,2,train
DDD,2013J,611464,0,test
DDD,2013J,611478,1,calib
DDD,2013J,611593,1,calib
DDD,2013J,835603,2,train
DDD,2013J,925553,1,calib
DDD,2013J,983970,1,calib
DDD,2013J,997948,1,calib
DDD,2013J,1080206,0,test
DDD,2013J,1103608,0,test
DDD,2013J,1187586,0,test
DDD,2013J,1282596,3,train
DDD,2013J,1345808,3,train
DDD,2013J,1346966,0,test
DDD,2013J,1355699,2,train
DDD,2013J,1375851,2,train
DDD,2013J,1440467,0,test
DDD,2013J,1442991,4,train
DDD,2013J,1449692,4,train
DDD,2013J,1464932,4,train
DDD,2013J,1485105,0,test
DDD,2013J,1497480,3,train
DDD,2013J,1507503,1,calib
DDD,2013J,1509881,1,calib
DDD,2013J,1517755,4,train
DDD,2013J,1522631,1,calib
DDD,2013J,1530521,0,test
DDD,2013J,1563203,0,test
DDD,2013J,1564630,3,train
DDD,2013J,1569426,0,test
DDD,2013J,1580084,0,test
DDD,2013J,1581243,3,train
DDD,2013J,1592048,3,train
DDD,2013J,1610188,1,calib
DDD,2013J,1644266,3,train
DDD,2013J,1644568,2,train
DDD,2013J,1678800,1,calib
DDD,2013J,1679727,4,train
DDD,2013J,1679862,1,calib
DDD,2013J,1684787,3,train
DDD,2013J,1687996,3,train
DDD,2013J,1689069,2,train
DDD,2013J,1713615,0,test
DDD,2013J,1716492,0,test
DDD,2013J,1721891,1,calib
DDD,2013J,1723019,4,train
DDD,2013J,1753235,2,train
DDD,2013J,1756165,0,test
DDD,2013J,1766513,3,train
DDD,2013J,1777511,2,train
DDD,2013J,1782581,3,train
DDD,2013J,1796059,2,train
DDD,2013J,1818677,4,train
DDD,2013J,1819994,1,calib
DDD,2013J,1830562,3,train
DDD,2013J,1833308,4,train
DDD,2013J,1835411,0,test
DDD,2013J,1840610,4,train
DDD,2013J,1847481,3,train
DDD,2013J,1868389,0,test
DDD,2013J,1874363,3,train
DDD,2013J,1877732,0,test
DDD,2013J,1887928,2,train
DDD,2013J,1894634,0,test
DDD,2013J,1901764,2,train
DDD,2013J,1903131,3,train
DDD,2013J,1903477,2,train
DDD,2013J,1913872,3,train
DDD,2013J,1935774,4,train
DDD,2013J,1957728,0,test
DDD,2013J,1963677,2,train
DDD,2013J,1982833,3,train
DDD,2013J,2014252,0,test
DDD,2013J,2032057,1,calib
DDD,2013J,2032882,2,train
DDD,2013J,2034802,1,calib
DDD,2013J,2039190,2,train
DDD,2013J,2039810,0,test
DDD,2013J,2043916,3,train
DDD,2013J,2045139,3,train
DDD,2013J,2046628,2,train
DDD,2013J,2068627,3,train
DDD,2013J,2082180,0,test
DDD,2013J,2089582,3,train
DDD,2013J,2094546,3,train
DDD,2013J,2098405,1,calib
DDD,2013J,2112088,1,calib
DDD,2013J,2134578,3,train
DDD,2013J,2149701,4,train
DDD,2013J,2157412,2,train
DDD,2013J,2175266,1,calib
DDD,2013J,2194777,3,train
DDD,2013J,2195479,2,train
DDD,2013J,2198952,1,calib
DDD,2013J,2198970,2,train
DDD,2013J,2202076,0,test
DDD,2013J,2204293,2,train
DDD,2013J,2215898,4,train
DDD,2013J,2221869,1,calib
DDD,2013J,2232218,2,train
DDD,2013J,2239650,3,train
DDD,2013J,2252750,1,calib
DDD,2013J,2253576,0,test
DDD,2013J,2256318,0,test
DDD,2013J,2281870,1,calib
DDD,2013J,2282040,1,calib
DDD,2013J,2284294,4,train
DDD,2013J,2288599,0,test
DDD,2013J,2289847,1,calib
DDD,2013J,2292724,0,test
DDD,2013J,2296163,4,train
DDD,2013J,2305957,0,test
DDD,2013J,2314761,0,test
DDD,2013J,2321492,1,calib
DDD,2013J,2325606,4,train
DDD,2013J,2327045,3,train
DDD,2013J,2327472,2,train
DDD,2013J,2336922,3,train
DDD,2013J,2337441,1,calib
DDD,2013J,2339150,3,train
DDD,2013J,2340230,3,train
DDD,2013J,2340786,4,train
DDD,2013J,2342399,1,calib
DDD,2013J,2352039,2,train
DDD,2013J,2355555,2,train
DDD,2013J,2356801,4,train
DDD,2013J,2358707,4,train
DDD,2013J,2359191,3,train
DDD,2013J,2365438,3,train
DDD,2013J,2366024,4,train
DDD,2013J,2366701,4,train
DDD,2013J,2367887,4,train
DDD,2013J,2375123,4,train
DDD,2013J,2375627,3,train
DDD,2013J,2377769,2,train
DDD,2013J,2382048,2,train
DDD,2013J,2383036,4,train
DDD,2013J,2388030,0,test
DDD,2013J,2404530,1,calib
DDD,2013J,2409396,4,train
DDD,2013J,2410364,2,train
DDD,2013J,2411981,0,test
DDD,2013J,2416024,4,train
DDD,2013J,2421961,1,calib
DDD,2013J,2430070,4,train
DDD,2013J,2430405,0,test
DDD,2013J,2434369,3,train
DDD,2013J,2437065,4,train
DDD,2013J,2445016,0,test
DDD,2013J,2446109,1,calib
DDD,2013J,2452902,1,calib
DDD,2013J,2457907,0,test
DDD,2013J,2461936,0,test
DDD,2013J,2462628,1,calib
DDD,2013J,2472145,0,test
DDD,2013J,2473456,4,train
DDD,2013J,2474436,2,train
DDD,2013J,2477052,0,test
DDD,2013J,2477792,2,train
DDD,2013J,2479086,3,train
DDD,2013J,2485582,4,train
DDD,2013J,2485856,3,train
DDD,2013J,2486769,3,train
DDD,2013J,2494999,4,train
DDD,2013J,2495352,1,calib
DDD,2013J,2501578,2,train
DDD,2013J,2505389,2,train
DDD,2013J,2505413,1,calib
DDD,2013J,2505859,2,train
DDD,2013J,2520868,2,train
DDD,2013J,2522932,1,calib
DDD,2013J,2539092,3,train
DDD,2013J,2540195,3,train
DDD,2013J,2542803,3,train
DDD,2013J,2546792,1,calib
DDD,2013J,2546976,2,train
DDD,2013J,2547032,3,train
DDD,2013J,2550054,3,train
DDD,2013J,2552672,4,train
DDD,2013J,2554973,0,test
DDD,2013J,2555596,3,train
DDD,2013J,2556345,3,train
DDD,2013J,2560868,3,train
DDD,2013J,2561282,4,train
DDD,2013J,2561811,0,test
DDD,2013J,2569051,4,train
DDD,2013J,2569416,3,train
DDD,2013J,2569653,1,calib
DDD,2013J,2570253,0,test
DDD,2013J,2574281,3,train
DDD,2013J,2576298,1,calib
DDD,2013J,2577480,0,test
DDD,2013J,2579683,2,train
DDD,2013J,2581779,1,calib
DDD,2013J,2581822,0,test
DDD,2013J,2585270,1,calib
DDD,2013J,2585395,2,train
DDD,2013J,2588379,3,train
DDD,2013J,2588655,2,train
DDD,2013J,2589096,4,train
DDD,2013J,2595968,3,train
DDD,2013J,2597673,3,train
DDD,2013J,2598861,2,train
DDD,2013J,2602235,4,train
DDD,2013J,2606871,2,train
DDD,2013J,2608420,0,test
DDD,2013J,2612561,0,test
DDD,2013J,2613296,1,calib
DDD,2013J,2615169,2,train
DDD,2013J,2615761,3,train
DDD,2013J,2618352,2,train
DDD,2013J,2624040,2,train
DDD,2013J,2627449,0,test
DDD,2013J,2630796,3,train
DDD,2013J,2631225,1,calib
DDD,2013J,2635163,4,train
DDD,2013J,2636885,2,train
DDD,2013J,2639310,4,train
DDD,2013J,2642498,2,train
DDD,2013J,2643555,3,train
DDD,2013J,2646291,4,train
DDD,2013J,2648271,2,train
DDD,2013J,2648317,0,test
DDD,2013J,2649310,4,train
DDD,2013J,2650741,4,train
DDD,2013J,2654602,2,train
DDD,2013J,2658898,3,train
DDD,2013J,2662178,4,train
DDD,2013J,2662451,0,test
DDD,2013J,2663010,0,test
DDD,2013J,2668945,1,calib
DDD,2013J,2671469,3,train
DDD,2013J,2677097,4,train
DDD,2013J,2678587,0,test
DDD,2013J,2681198,3,train
DDD,2013J,2681471,1,calib
DDD,2013J,2683696,0,test
DDD,2013J,2685827,1,calib
DDD,2013J,2686578,4,train
DDD,2013J,2688422,3,train
DDD,2013J,2691780,0,test
DDD,2013J,2692186,1,calib
DDD,2013J,2695608,1,calib
DDD,2013J,2697921,1,calib
DDD,2014B,24213,3,train
DDD,2014B,28149,1,calib
DDD,2014B,31269,3,train
DDD,2014B,35502,3,train
DDD,2014B,39660,0,test
DDD,2014B,46753,0,test
DDD,2014B,49119,0,test
DDD,2014B,50309,4,train
DDD,2014B,50476,1,calib
DDD,2014B,50619,3,train
DDD,2014B,51030,0,test
DDD,2014B,53632,2,train
DDD,2014B,54810,4,train
DDD,2014B,58617,3,train
DDD,2014B,61911,4,train
DDD,2014B,64450,3,train
DDD,2014B,64767,4,train
DDD,2014B,67781,0,test
DDD,2014B,69489,0,test
DDD,2014B,71723,3,train
DDD,2014B,75309,4,train
DDD,2014B,75469,4,train
DDD,2014B,76081,0,test
DDD,2014B,84576,4,train
DDD,2014B,84605,0,test
DDD,2014B,85216,4,train
DDD,2014B,85304,1,calib
DDD,2014B,88490,4,train
DDD,2014B,88910,2,train
DDD,2014B,89904,3,train
DDD,2014B,90537,3,train
DDD,2014B,95356,3,train
DDD,2014B,97939,2,train
DDD,2014B,99151,0,test
DDD,2014B,103891,4,train
DDD,2014B,111959,2,train
DDD,2014B,116763,2,train
DDD,2014B,117281,2,train
DDD,2014B,117435,4,train
DDD,2014B,118479,0,test
DDD,2014B,118578,4,train
DDD,2014B,124134,1,calib
DDD,2014B,124847,1,calib
DDD,2014B,127580,3,train
DDD,2014B,128348,2,train
DDD,2014B,131695,4,train
DDD,2014B,134721,0,test
DDD,2014B,137150,4,train
DDD,2014B,138204,4,train
DDD,2014B,138416,3,train
DDD,2014B,138704,0,test
DDD,2014B,139455,2,train
DDD,2014B,141182,4,train
DDD,2014B,141301,4,train
DDD,2014B,141497,3,train
DDD,2014B,144908,4,train
DDD,2014B,145114,1,calib
DDD,2014B,145640,1,calib
DDD,2014B,145770,0,test
DDD,2014B,152320,0,test
DDD,2014B,154697,2,train
DDD,2014B,157310,4,train
DDD,2014B,161286,3,train
DDD,2014B,161878,0,test
DDD,2014B,162901,2,train
DDD,2014B,165178,4,train
DDD,2014B,172965,0,test
DDD,2014B,178258,1,calib
DDD,2014B,183331,4,train
DDD,2014B,187663,3,train
DDD,2014B,189178,3,train
DDD,2014B,189442,0,test
DDD,2014B,192186,1,calib
DDD,2014B,196264,3,train
DDD,2014B,201151,3,train
DDD,2014B,226895,0,test
DDD,2014B,227826,4,train
DDD,2014B,228272,4,train
DDD,2014B,228373,2,train
DDD,2014B,228775,0,test
DDD,2014B,229499,3,train
DDD,2014B,231973,1,calib
DDD,2014B,232827,2,train
DDD,2014B,233868,1,calib
DDD,2014B,236015,3,train
DDD,2014B,237925,1,calib
DDD,2014B,237969,2,train
DDD,2014B,239459,0,test
DDD,2014B,240389,1,calib
DDD,2014B,240486,2,train
DDD,2014B,240755,4,train
DDD,2014B,242633,3,train
DDD,2014B,244438,2,train
DDD,2014B,247342,1,calib
DDD,2014B,250058,1,calib
DDD,2014B,255622,0,test
DDD,2014B,260367,2,train
DDD,2014B,260565,4,train
DDD,2014B,263022,2,train
DDD,2014B,264723,4,train
DDD,2014B,266922,0,test
DDD,2014B,267118,1,calib
DDD,2014B,268883,3,train
DDD,2014B,268915,1,calib
DDD,2014B,271974,3,train
DDD,2014B,277166,1,calib
DDD,2014B,284540,4,train
DDD,2014B,285412,3,train
DDD,2014B,286449,4,train
DDD,2014B,287499,2,train
DDD,2014B,288407,1,calib
DDD,2014B,291005,0,test
DDD,2014B,299949,0,test
DDD,2014B,300592,2,train
DDD,2014B,306944,1,calib
DDD,2014B,309258,4,train
DDD,2014B,309756,0,test
DDD,2014B,312761,2,train
DDD,2014B,315517,0,test
DDD,2014B,315633,3,train
DDD,2014B,315723,0,test
DDD,2014B,317801,0,test
DDD,2014B,320593,1,calib
DDD,2014B,321810,0,test
DDD,2014B,323659,1,calib
DDD,2014B,325044,0,test
DDD,2014B,325566,1,calib
DDD,2014B,327449,1,calib
DDD,2014B,328123,3,train
DDD,2014B,333308,4,train
DDD,2014B,334504,0,test
DDD,2014B,335471,4,train
DDD,2014B,336936,2,train
DDD,2014B,339513,2,train
DDD,2014B,347365,0,test
DDD,2014B,348439,4,train
DDD,2014B,352308,0,test
DDD,2014B,352600,3,train
DDD,2014B,352679,0,test
DDD,2014B,354050,2,train
DDD,2014B,354953,1,calib
DDD,2014B,355309,3,train
DDD,2014B,355780,2,train
DDD,2014B,355935,2,train
DDD,2014B,356166,2,train
DDD,2014B,356297,4,train
DDD,2014B,356705,3,train
DDD,2014B,360759,0,test
DDD,2014B,361842,1,calib
DDD,2014B,362115,0,test
DDD,2014B,363122,1,calib
DDD,2014B,365397,4,train
DDD,2014B,365764,0,test
DDD,2014B,367045,3,train
DDD,2014B,367127,0,test
DDD,2014B,367646,0,test
DDD,2014B,370089,3,train
DDD,2014B,370865,2,train
DDD,2014B,373790,3,train
DDD,2014B,373795,4,train
DDD,2014B,374645,1,calib
DDD,2014B,375856,1,calib
DDD,2014B,376280,0,test
DDD,2014B,378728,2,train
DDD,2014B,379330,0,test
DDD,2014B,380681,2,train
DDD,2014B,382051,2,train
DDD,2014B,384372,1,calib
DDD,2014B,385927,0,test
DDD,2014B,385947,2,train
DDD,2014B,386140,0,test
DDD,2014B,386671,0,test
DDD,2014B,386849,1,calib
DDD,2014B,387289,2,train
DDD,2014B,387656,0,test
DDD,2014B,387963,4,train
DDD,2014B,390026,3,train
DDD,2014B,391611,1,calib
DDD,2014B,391924,0,test
DDD,2014B,392802,4,train
DDD,2014B,393094,3,train
DDD,2014B,394020,1,calib
DDD,2014B,395164,1,calib
DDD,2014B,395288,4,train
DDD,2014B,397429,2,train
DDD,2014B,398529,1,calib
DDD,2014B,399203,0,test
DDD,2014B,400461,0,test
DDD,2014B,400599,3,train
DDD,2014B,402314,3,train
DDD,2014B,402575,1,calib
DDD,2014B,406753,1,calib
DDD,2014B,407115,0,test
DDD,2014B,407303,1,calib
DDD,2014B,409284,2,train
DDD,2014B,410816,2,train
DDD,2014B,411060,0,test
DDD,2014B,412600,3,train
DDD,2014B,412663,1,calib
DDD,2014B,413629,2,train
DDD,2014B,415151,1,calib
DDD,2014B,415695,3,train
DDD,2014B,416008,0,test
DDD,2014B,418453,0,test
DDD,2014B,418781,2,train
DDD,2014B,421242,2,train
DDD,2014B,421754,2,train
DDD,2014B,421877,3,train
DDD,2014B,424880,2,train
DDD,2014B,426137,2,train
DDD,2014B,426297,3,train
DDD,2014B,428769,1,calib
DDD,2014B,430282,0,test
DDD,2014B,430678,4,train
DDD,2014B,431136,2,train
DDD,2014B,431406,2,train
DDD,2014B,434002,0,test
DDD,2014B,434841,3,train
DDD,2014B,440103,2,train
DDD,2014B,440331,2,train
DDD,2014B,440798,4,train
DDD,2014B,441213,1,calib
DDD,2014B,441393,4,train
DDD,2014B,442393,2,train
DDD,2014B,442873,3,train
DDD,2014B,443861,1,calib
DDD,2014B,444474,2,train
DDD,2014B,445145,4,train
DDD,2014B,445857,4,train
DDD,2014B,447162,4,train
DDD,2014B,464592,3,train
DDD,2014B,464685,4,train
DDD,2014B,464748,0,test
DDD,2014B,464887,0,test
DDD,2014B,465413,3,train
DDD,2014B,466158,3,train
DDD,2014B,466714,0,test
DDD,2014B,467230,4,train
DDD,2014B,468386,0,test
DDD,2014B,469425,0,test
DDD,2014B,469614,0,test
DDD,2014B,470555,0,test
DDD,2014B,470733,3,train
DDD,2014B,471189,3,train
DDD,2014B,471476,3,train
DDD,2014B,471669,4,train
DDD,2014B,472257,4,train
DDD,2014B,472284,1,calib
DDD,2014B,472651,2,train
DDD,2014B,473265,3,train
DDD,2014B,473406,2,train
DDD,2014B,474153,1,calib
DDD,2014B,474451,3,train
DDD,2014B,477063,2,train
DDD,2014B,477180,1,calib
DDD,2014B,479649,1,calib
DDD,2014B,479921,4,train
DDD,2014B,480956,1,calib
DDD,2014B,481863,2,train
DDD,2014B,484130,4,train
DDD,2014B,484213,0,test
DDD,2014B,484305,3,train
DDD,2014B,484762,4,train
DDD,2014B,485219,3,train
DDD,2014B,485306,2,train
DDD,2014B,486022,3,train
DDD,2014B,488550,1,calib
DDD,2014B,489507,2,train
DDD,2014B,490164,0,test
DDD,2014B,491036,3,train
DDD,2014B,491792,4,train
DDD,2014B,491912,0,test
DDD,2014B,492095,3,train
DDD,2014B,492537,3,train
DDD,2014B,493055,0,test
DDD,2014B,493296,1,calib
DDD,2014B,493434,2,train
DDD,2014B,493793,1,calib
DDD,2014B,493879,4,train
DDD,2014B,493984,3,train
DDD,2014B,494329,1,calib
DDD,2014B,496085,1,calib
DDD,2014B,497206,1,calib
DDD,2014B,497405,4,train
DDD,2014B,498363,1,calib
DDD,2014B,498438,4,train
DDD,2014B,498582,3,train
DDD,2014B,498793,4,train
DDD,2014B,498905,4,train
DDD,2014B,498980,2,train
DDD,2014B,501123,1,calib
DDD,2014B,501487,3,train
DDD,2014B,501723,3,train
DDD,2014B,501890,0,test
DDD,2014B,502004,1,calib
DDD,2014B,502057,2,train
DDD,2014B,502161,2,train
DDD,2014B,502207,2,train
DDD,2014B,504089,3,train
DDD,2014B,505561,4,train
DDD,2014B,505815,3,train
DDD,2014B,505854,0,test
DDD,2014B,507812,2,train
DDD,2014B,508446,3,train
DDD,2014B,508594,3,train
DDD,2014B,508872,3,train
DDD,2014B,509100,2,train
DDD,2014B,509417,4,train
DDD,2014B,511869,0,test
DDD,2014B,511890,1,calib
DDD,2014B,513415,0,test
DDD,2014B,513687,3,train
DDD,2014B,513957,4,train
DDD,2014B,514277,3,train
DDD,2014B,515161,1,calib
DDD,2014B,515331,2,train
DDD,2014B,516318,1,calib
DDD,2014B,517864,1,calib
DDD,2014B,518265,1,calib
DDD,2014B,518330,3,train
DDD,2014B,520349,4,train
DDD,2014B,520962,0,test
DDD,2014B,521249,2,train
DDD,2014B,522129,3,train
DDD,2014B,522205,0,test
DDD,2014B,522363,0,test
DDD,2014B,522690,4,train
DDD,2014B,522840,1,calib
DDD,2014B,523583,1,calib
DDD,2014B,523857,3,train
DDD,2014B,523978,1,calib
DDD,2014B,524109,2,train
DDD,2014B,524137,1,calib
DDD,2014B,525412,1,calib
DDD,2014B,525635,3,train
DDD,2014B,526098,0,test
DDD,2014B,526175,2,train
DDD,2014B,527242,4,train
DDD,2014B,527323,1,calib
DDD,2014B,528330,4,train
DDD,2014B,528699,1,calib
DDD,2014B,528822,1,calib
DDD,2014B,529190,3,train
DDD,2014B,531069,1,calib
DDD,2014B,531234,4,train
DDD,2014B,531243,0,test
DDD,2014B,531340,2,train
DDD,2014B,532194,1,calib
DDD,2014B,532988,1,calib
DDD,2014B,533012,3,train
DDD,2014B,534201,1,calib
DDD,2014B,536794,1,calib
DDD,2014B,536941,1,calib
DDD,2014B,536999,4,train
DDD,2014B,537238,3,train
DDD,2014B,537756,2,train
DDD,2014B,539060,2,train
DDD,2014B,539186,4,train
DDD,2014B,539451,0,test
DDD,2014B,539588,4,train
DDD,2014B,539872,0,test
DDD,2014B,540758,0,test
DDD,2014B,541000,3,train
DDD,2014B,541765,4,train
DDD,2014B,543356,2,train
DDD,2014B,543361,2,train
DDD,2014B,543789,3,train
DDD,2014B,543976,4,train
DDD,2014B,544499,4,train
DDD,2014B,544587,4,train
DDD,2014B,545387,2,train
DDD,2014B,546025,4,train
DDD,2014B,546040,2,train
DDD,2014B,546299,0,test
DDD,2014B,546403,0,test
DDD,2014B,546584,4,train
DDD,2014B,546654,4,train
DDD,2014B,547629,2,train
DDD,2014B,547786,1,calib
DDD,2014B,547816,3,train
DDD,2014B,547860,4,train
DDD,2014B,548292,4,train
DDD,2014B,548371,4,train
DDD,2014B,548500,2,train
DDD,2014B,549160,0,test
DDD,2014B,549785,1,calib
DDD,2014B,550046,0,test
DDD,2014B,550638,2,train
DDD,2014B,550893,2,train
DDD,2014B,551109,0,test
DDD,2014B,551171,2,train
DDD,2014B,551340,1,calib
DDD,2014B,551427,4,train
DDD,2014B,551814,4,train
DDD,2014B,552003,3,train
DDD,2014B,552255,0,test
DDD,2014B,552908,3,train
DDD,2014B,554065,1,calib
DDD,2014B,554444,0,test
DDD,2014B,554585,1,calib
DDD,2014B,554588,0,test
DDD,2014B,554712,2,train
DDD,2014B,555132,0,test
DDD,2014B,555137,1,calib
DDD,2014B,555408,1,calib
DDD,2014B,555446,2,train
DDD,2014B,556007,3,train
DDD,2014B,556057,2,train
DDD,2014B,556170,0,test
DDD,2014B,556171,1,calib
DDD,2014B,556370,3,train
DDD,2014B,556374,2,train
DDD,2014B,556416,3,train
DDD,2014B,556836,0,test
DDD,2014B,557404,3,train
DDD,2014B,557751,1,calib
DDD,2014B,558029,1,calib
DDD,2014B,558292,2,train
DDD,2014B,558629,3,train
DDD,2014B,558705,2,train
DDD,2014B,559328,3,train
DDD,2014B,559872,4,train
DDD,2014B,560944,1,calib
DDD,2014B,561503,2,train
DDD,2014B,561906,4,train
DDD,2014B,561913,1,calib
DDD,2014B,562112,4,train
DDD,2014B,562248,1,calib
DDD,2014B,562632,0,test
DDD,2014B,562708,2,train
DDD,2014B,562929,1,calib
DDD,2014B,563081,2,train
DDD,2014B,563631,0,test
DDD,2014B,563763,0,test
DDD,2014B,564081,1,calib
DDD,2014B,564643,4,train
DDD,2014B,564712,3,train
DDD,2014B,564944,1,calib
DDD,2014B,564970,4,train
DDD,2014B,565158,1,calib
DDD,2014B,565840,0,test
DDD,2014B,565851,4,train
DDD,2014B,566240,3,train
DDD,2014B,566652,4,train
DDD,2014B,566694,2,train
DDD,2014B,566788,1,calib
DDD,2014B,567595,3,train
DDD,2014B,567808,4,train
DDD,2014B,567896,0,test
DDD,2014B,568631,4,train
DDD,2014B,568686,1,calib
DDD,2014B,569084,3,train
DDD,2014B,569706,3,train
DDD,2014B,569944,0,test
DDD,2014B,570049,2,train
DDD,2014B,570215,1,calib
DDD,2014B,571000,4,train
DDD,2014B,571008,0,test
DDD,2014B,571292,1,calib
DDD,2014B,571397,3,train
DDD,2014B,572043,3,train
DDD,2014B,572235,1,calib
DDD,2014B,572414,4,train
DDD,2014B,572924,4,train
DDD,2014B,573126,4,train
DDD,2014B,573235,1,calib
DDD,2014B,574190,1,calib
DDD,2014B,574590,2,train
DDD,2014B,574909,4,train
DDD,2014B,575603,0,test
DDD,2014B,575773,1,calib
DDD,2014B,575792,2,train
DDD,2014B,576041,3,train
DDD,2014B,576350,3,train
DDD,2014B,576584,4,train
DDD,2014B,576827,4,train
DDD,2014B,576869,2,train
DDD,2014B,577954,4,train
DDD,2014B,577977,3,train
DDD,2014B,578031,0,test
DDD,2014B,578595,4,train
DDD,2014B,578815,4,train
DDD,2014B,579134,4,train
DDD,2014B,579178,4,train
DDD,2014B,579711,0,test
DDD,2014B,580912,3,train
DDD,2014B,581409,4,train
DDD,2014B,581648,2,train
DDD,2014B,581909,2,train
DDD,2014B,582366,4,train
DDD,2014B,582479,0,test
DDD,2014B,582920,2,train
DDD,2014B,583053,3,train
DDD,2014B,583348,1,calib
DDD,2014B,583713,3,train
DDD,2014B,583775,2,train
DDD,2014B,584077,2,train
DDD,2014B,584082,3,train
DDD,2014B,584089,4,train
DDD,2014B,584660,4,train
DDD,2014B,584952,3,train
DDD,2014B,585372,4,train
DDD,2014B,585384,3,train
DDD,2014B,585485,2,train
DDD,2014B,585830,3,train
DDD,2014B,586347,0,test
DDD,2014B,586369,2,train
DDD,2014B,586537,0,test
DDD,2014B,586876,4,train
DDD,2014B,586946,0,test
DDD,2014B,587310,0,test
DDD,2014B,587403,4,train
DDD,2014B,587576,4,train
DDD,2014B,587633,3,train
DDD,2014B,588059,1,calib
DDD,2014B,588182,0,test
DDD,2014B,588198,2,train
DDD,2014B,588397,2,train
DDD,2014B,588560,0,test
DDD,2014B,588749,2,train
DDD,2014B,588752,3,train
DDD,2014B,589445,3,train
DDD,2014B,589569,1,calib
DDD,2014B,589963,2,train
DDD,2014B,590410,4,train
DDD,2014B,590504,0,test
DDD,2014B,590541,3,train
DDD,2014B,590680,2,train
DDD,2014B,591100,0,test
DDD,2014B,591448,0,test
DDD,2014B,591648,2,train
DDD,2014B,591654,4,train
DDD,2014B,591742,2,train
DDD,2014B,591852,0,test
DDD,2014B,592220,4,train
DDD,2014B,592465,3,train
DDD,2014B,593099,0,test
DDD,2014B,593607,2,train
DDD,2014B,593657,2,train
DDD,2014B,594078,2,train
DDD,2014B,594407,2,train
DDD,2014B,595193,3,train
DDD,2014B,595342,3,train
DDD,2014B,595373,4,train
DDD,2014B,596439,4,train
DDD,2014B,596465,2,train
DDD,2014B,596906,4,train
DDD,2014B,597242,2,train
DDD,2014B,597356,2,train
DDD,2014B,597379,3,train
DDD,2014B,597839,3,train
DDD,2014B,598102,4,train
DDD,2014B,598179,3,train
DDD,2014B,598750,1,calib
DDD,2014B,599134,2,train
DDD,2014B,599649,2,train
DDD,2014B,599789,0,test
DDD,2014B,600130,2,train
DDD,2014B,600670,3,train
DDD,2014B,600767,0,test
DDD,2014B,600814,3,train
DDD,2014B,600891,2,train
DDD,2014B,601082,1,calib
DDD,2014B,601093,2,train
DDD,2014B,601270,0,test
DDD,2014B,601329,3,train
DDD,2014B,601652,4,train
DDD,2014B,601731,1,calib
DDD,2014B,601956,2,train
DDD,2014B,602228,1,calib
DDD,2014B,602365,2,train
DDD,2014B,602454,0,test
DDD,2014B,602533,0,test
DDD,2014B,603241,0,test
DDD,2014B,603302,3,train
DDD,2014B,603559,3,train
DDD,2014B,603690,2,train
DDD,2014B,604027,4,train
DDD,2014B,604398,0,test
DDD,2014B,604480,2,train
DDD,2014B,604704,0,test
DDD,2014B,604905,0,test
DDD,2014B,605131,4,train
DDD,2014B,605596,4,train
DDD,2014B,605652,1,calib
DDD,2014B,605695,2,train
DDD,2014B,605759,1,calib
DDD,2014B,605781,0,test
DDD,2014B,605890,2,train
DDD,2014B,606802,0,test
DDD,2014B,606884,3,train
DDD,2014B,606905,1,calib
DDD,2014B,607063,3,train
DDD,2014B,607130,1,calib
DDD,2014B,607214,3,train
DDD,2014B,607462,0,test
DDD,2014B,607572,2,train
DDD,2014B,607705,1,calib
DDD,2014B,607939,3,train
DDD,2014B,607946,1,calib
DDD,2014B,608322,0,test
DDD,2014B,608487,0,test
DDD,2014B,608724,3,train
DDD,2014B,608772,1,calib
DDD,2014B,609019,2,train
DDD,2014B,609089,1,calib
DDD,2014B,609194,2,train
DDD,2014B,609265,1,calib
DDD,2014B,609267,2,train
DDD,2014B,609354,4,train
DDD,2014B,609570,0,test
DDD,2014B,609573,1,calib
DDD,2014B,609681,0,test
DDD,2014B,609708,0,test
DDD,2014B,609852,4,train
DDD,2014B,609946,0,test
DDD,2014B,610129,2,train
DDD,2014B,610170,3,train
DDD,2014B,610228,0,test
DDD,2014B,610261,0,test
DDD,2014B,610285,3,train
DDD,2014B,610326,2,train
DDD,2014B,610515,1,calib
DDD,2014B,610609,2,train
DDD,2014B,610931,1,calib
DDD,2014B,611377,4,train
DDD,2014B,611493,2,train
DDD,2014B,611520,0,test
DDD,2014B,611735,3,train
DDD,2014B,611800,0,test
DDD,2014B,611845,3,train
DDD,2014B,611865,0,test
DDD,2014B,611879,2,train
DDD,2014B,611910,0,test
DDD,2014B,611983,2,train
DDD,2014B,611988,3,train
DDD,2014B,612000,1,calib
DDD,2014B,612026,3,train
DDD,2014B,612111,0,test
DDD,2014B,612136,4,train
DDD,2014B,612283,3,train
DDD,2014B,612326,4,train
DDD,2014B,612439,1,calib
DDD,2014B,612443,2,train
DDD,2014B,612563,3,train
DDD,2014B,612625,2,train
DDD,2014B,612669,2,train
DDD,2014B,612805,2,train
DDD,2014B,612822,3,train
DDD,2014B,612935,2,train
DDD,2014B,613063,3,train
DDD,2014B,613105,4,train
DDD,2014B,613107,1,calib
DDD,2014B,613313,4,train
DDD,2014B,613370,2,train
DDD,2014B,613466,4,train
DDD,2014B,613617,1,calib
DDD,2014B,613667,0,test
DDD,2014B,613834,4,train
DDD,2014B,613876,0,test
DDD,2014B,614025,0,test
DDD,2014B,614074,0,test
DDD,2014B,614176,3,train
DDD,2014B,614217,4,train
DDD,2014B,614241,2,train
DDD,2014B,614265,2,train
DDD,2014B,614406,2,train
DDD,2014B,614471,2,train
DDD,2014B,614633,3,train
DDD,2014B,614649,0,test
DDD,2014B,614650,3,train
DDD,2014B,614804,2,train
DDD,2014B,614808,3,train
DDD,2014B,614879,4,train
DDD,2014B,614930,2,train
DDD,2014B,614949,4,train
DDD,2014B,615075,2,train
DDD,2014B,615184,2,train
DDD,2014B,615438,2,train
DDD,2014B,616166,2,train
DDD,2014B,616334,3,train
DDD,2014B,616388,3,train
DDD,2014B,616542,0,test
DDD,2014B,616658,3,train
DDD,2014B,616684,2,train
DDD,2014B,616862,4,train
DDD,2014B,616870,0,test
DDD,2014B,616874,4,train
DDD,2014B,616952,4,train
DDD,2014B,617265,3,train
DDD,2014B,617327,3,train
DDD,2014B,617350,2,train
DDD,2014B,617401,2,train
DDD,2014B,617442,2,train
DDD,2014B,617619,0,test
DDD,2014B,617699,2,train
DDD,2014B,617771,0,test
DDD,2014B,617781,2,train
DDD,2014B,617801,1,calib
DDD,2014B,617880,2,train
DDD,2014B,617897,1,calib
DDD,2014B,618131,2,train
DDD,2014B,618171,2,train
DDD,2014B,618295,1,calib
DDD,2014B,618300,3,train
DDD,2014B,618377,4,train
DDD,2014B,618583,1,calib
DDD,2014B,618649,3,train
DDD,2014B,618675,4,train
DDD,2014B,618682,0,test
DDD,2014B,618683,2,train
DDD,2014B,618696,4,train
DDD,2014B,618845,0,test
DDD,2014B,618913,2,train
DDD,2014B,618937,1,calib
DDD,2014B,618940,3,train
DDD,2014B,618963,1,calib
DDD,2014B,618968,4,train
DDD,2014B,618998,0,test
DDD,2014B,619015,4,train
DDD,2014B,619297,3,train
DDD,2014B,619359,4,train
DDD,2014B,619382,2,train
DDD,2014B,619403,4,train
DDD,2014B,619851,1,calib
DDD,2014B,619908,1,calib
DDD,2014B,619939,4,train
DDD,2014B,619964,3,train
DDD,2014B,620060,1,calib
DDD,2014B,620102,2,train
DDD,2014B,620106,3,train
DDD,2014B,620159,1,calib
DDD,2014B,620231,3,train
DDD,2014B,620243,0,test
DDD,2014B,620337,4,train
DDD,2014B,620393,3,train
DDD,2014B,620437,3,train
DDD,2014B,620508,3,train
DDD,2014B,620608,2,train
DDD,2014B,620630,4,train
DDD,2014B,620658,3,train
DDD,2014B,620734,4,train
DDD,2014B,620793,4,train
DDD,2014B,620820,3,train
DDD,2014B,620892,1,calib
DDD,2014B,620925,1,calib
DDD,2014B,620951,3,train
DDD,2014B,620974,1,calib
DDD,2014B,621004,0,test
DDD,2014B,621010,1,calib
DDD,2014B,621300,3,train
DDD,2014B,621352,0,test
DDD,2014B,621384,3,train
DDD,2014B,621442,0,test
DDD,2014B,621457,1,calib
DDD,2014B,621615,0,test
DDD,2014B,621659,0,test
DDD,2014B,621675,1,calib
DDD,2014B,621699,2,train
DDD,2014B,621883,2,train
DDD,2014B,621908,4,train
DDD,2014B,622086,2,train
DDD,2014B,622175,1,calib
DDD,2014B,622192,1,calib
DDD,2014B,622199,2,train
DDD,2014B,622207,3,train
DDD,2014B,622215,2,train
DDD,2014B,622225,1,calib
DDD,2014B,622256,4,train
DDD,2014B,622281,2,train
DDD,2014B,622333,4,train
DDD,2014B,622413,2,train
DDD,2014B,622435,1,calib
DDD,2014B,622499,4,train
DDD,2014B,622541,4,train
DDD,2014B,622571,4,train
DDD,2014B,622614,1,calib
DDD,2014B,622626,3,train
DDD,2014B,622630,2,train
DDD,2014B,622657,2,train
DDD,2014B,622672,3,train
DDD,2014B,622724,2,train
DDD,2014B,622764,2,train
DDD,2014B,622790,2,train
DDD,2014B,622792,3,train
DDD,2014B,622844,1,calib
DDD,2014B,622851,3,train
DDD,2014B,622873,1,calib
DDD,2014B,622900,4,train
DDD,2014B,622968,4,train
DDD,2014B,623008,1,calib
DDD,2014B,623015,3,train
DDD,2014B,623052,0,test
DDD,2014B,623073,4,train
DDD,2014B,623099,1,calib
DDD,2014B,623164,1,calib
DDD,2014B,623210,2,train
DDD,2014B,623257,2,train
DDD,2014B,623332,2,train
DDD,2014B,623347,1,calib
DDD,2014B,623514,0,test
DDD,2014B,623541,1,calib
DDD,2014B,623585,3,train
DDD,2014B,623601,1,calib
DDD,2014B,623740,4,train
DDD,2014B,623815,0,test
DDD,2014B,623826,3,train
DDD,2014B,623829,2,train
DDD,2014B,623834,3,train
DDD,2014B,623917,3,train
DDD,2014B,623931,0,test
DDD,2014B,623932,1,calib
DDD,2014B,623997,0,test
DDD,2014B,624007,3,train
DDD,2014B,624052,3,train
DDD,2014B,624068,0,test
DDD,2014B,624077,2,train
DDD,2014B,624078,4,train
DDD,2014B,624093,3,train
DDD,2014B,624105,2,train
DDD,2014B,624156,2,train
DDD,2014B,624358,4,train
DDD,2014B,624407,1,calib
DDD,2014B,624476,4,train
DDD,2014B,624492,0,test
DDD,2014B,624493,4,train
DDD,2014B,624570,2,train
DDD,2014B,624585,4,train
DDD,2014B,624610,3,train
DDD,2014B,624651,4,train
DDD,2014B,624730,1,calib
DDD,2014B,624789,4,train
DDD,2014B,624804,1,calib
DDD,2014B,624829,0,test
DDD,2014B,624839,1,calib
DDD,2014B,624881,3,train
DDD,2014B,624921,0,test
DDD,2014B,624927,0,test
DDD,2014B,624944,1,calib
DDD,2014B,625035,1,calib
DDD,2014B,625080,0,test
DDD,2014B,625098,3,train
DDD,2014B,625218,1,calib
DDD,2014B,625263,1,calib
DDD,2014B,625427,0,test
DDD,2014B,625568,3,train
DDD,2014B,625613,1,calib
DDD,2014B,625615,1,calib
DDD,2014B,625714,1,calib
DDD,2014B,625748,0,test
DDD,2014B,625864,4,train
DDD,2014B,625874,2,train
DDD,2014B,625902,0,test
DDD,2014B,625913,3,train
DDD,2014B,625983,1,calib
DDD,2014B,626018,4,train
DDD,2014B,626040,4,train
DDD,2014B,626049,3,train
DDD,2014B,626061,0,test
DDD,2014B,626114,0,test
DDD,2014B,626146,1,calib
DDD,2014B,626172,2,train
DDD,2014B,626192,0,test
DDD,2014B,626217,0,test
DDD,2014B,626238,3,train
DDD,2014B,626321,4,train
DDD,2014B,626348,0,test
DDD,2014B,626405,3,train
DDD,2014B,626417,0,test
DDD,2014B,626450,1,calib
DDD,2014B,626546,1,calib
DDD,2014B,626551,0,test
DDD,2014B,626556,3,train
DDD,2014B,626607,2,train
DDD,2014B,626679,2,train
DDD,2014B,626723,4,train
DDD,2014B,626798,4,train
DDD,2014B,626852,2,train
DDD,2014B,626885,2,train
DDD,2014B,626889,3,train
DDD,2014B,626930,2,train
DDD,2014B,626979,3,train
DDD,2014B,627021,0,test
DDD,2014B,627071,4,train
DDD,2014B,627100,4,train
DDD,2014B,627173,3,train
DDD,2014B,627184,0,test
DDD,2014B,627276,0,test
DDD,2014B,627322,2,train
DDD,2014B,627333,1,calib
DDD,2014B,627367,4,train
DDD,2014B,627370,0,test
DDD,2014B,627397,1,calib
DDD,2014B,627416,4,train
DDD,2014B,627536,0,test
DDD,2014B,627581,2,train
DDD,2014B,627616,4,train
DDD,2014B,627638,2,train
DDD,2014B,627655,1,calib
DDD,2014B,627690,2,train
DDD,2014B,627772,0,test
DDD,2014B,627879,3,train
DDD,2014B,627882,4,train
DDD,2014B,627891,3,train
DDD,2014B,627924,1,calib
DDD,2014B,628008,2,train
DDD,2014B,628099,4,train
DDD,2014B,628150,1,calib
DDD,2014B,628216,4,train
DDD,2014B,628246,1,calib
DDD,2014B,628262,4,train
DDD,2014B,628333,3,train
DDD,2014B,628347,4,train
DDD,2014B,628376,4,train
DDD,2014B,628386,4,train
DDD,2014B,628437,3,train
DDD,2014B,628502,0,test
DDD,2014B,628575,3,train
DDD,2014B,628642,2,train
DDD,2014B,628806,3,train
DDD,2014B,628835,0,test
DDD,2014B,628841,3,train
DDD,2014B,628858,2,train
DDD,2014B,628875,1,calib
DDD,2014B,628915,0,test
DDD,2014B,628947,2,train
DDD,2014B,628956,4,train
DDD,2014B,629000,3,train
DDD,2014B,629039,2,train
DDD,2014B,629055,1,calib
DDD,2014B,629316,1,calib
DDD,2014B,629405,0,test
DDD,2014B,629442,4,train
DDD,2014B,629452,0,test
DDD,2014B,629454,1,calib
DDD,2014B,629632,3,train
DDD,2014B,629673,2,train
DDD,2014B,629696,3,train
DDD,2014B,629699,1,calib
DDD,2014B,629702,0,test
DDD,2014B,629706,3,train
DDD,2014B,629707,1,calib
DDD,2014B,629710,4,train
DDD,2014B,629713,0,test
DDD,2014B,629725,1,calib
DDD,2014B,629773,1,calib
DDD,2014B,629822,2,train
DDD,2014B,629876,0,test
DDD,2014B,629877,3,train
DDD,2014B,629898,0,test
DDD,2014B,629921,2,train
DDD,2014B,629955,1,calib
DDD,2014B,630009,4,train
DDD,2014B,630073,3,train
DDD,2014B,630137,4,train
DDD,2014B,630152,2,train
DDD,2014B,630178,3,train
DDD,2014B,630195,1,calib
DDD,2014B,630200,2,train
DDD,2014B,630301,2,train
DDD,2014B,630359,1,calib
DDD,2014B,630401,4,train
DDD,2014B,630432,1,calib
DDD,2014B,630531,1,calib
DDD,2014B,630556,4,train
DDD,2014B,630596,4,train
DDD,2014B,630613,1,calib
DDD,2014B,630774,3,train
DDD,2014B,630818,3,train
DDD,2014B,630935,0,test
DDD,2014B,630939,1,calib
DDD,2014B,630948,0,test
DDD,2014B,631029,1,calib
DDD,2014B,631131,0,test
DDD,2014B,631207,0,test
DDD,2014B,631240,0,test
DDD,2014B,631257,4,train
DDD,2014B,631299,2,train
DDD,2014B,631322,0,test
DDD,2014B,631355,0,test
DDD,2014B,631388,0,test
DDD,2014B,631439,2,train
DDD,2014B,631513,4,train
DDD,2014B,631514,0,test
DDD,2014B,631527,3,train
DDD,2014B,631560,4,train
DDD,2014B,631569,0,test
DDD,2014B,631600,3,train
DDD,2014B,631623,3,train
DDD,2014B,631630,0,test
DDD,2014B,631639,1,calib
DDD,2014B,631670,1,calib
DDD,2014B,631749,3,train
DDD,2014B,631771,4,train
DDD,2014B,631813,0,test
DDD,2014B,631846,1,calib
DDD,2014B,631851,0,test
DDD,2014B,631945,2,train
DDD,2014B,632115,4,train
DDD,2014B,632125,0,test
DDD,2014B,632195,3,train
DDD,2014B,632205,4,train
DDD,2014B,632215,4,train
DDD,2014B,632260,2,train
DDD,2014B,632305,3,train
DDD,2014B,632314,3,train
DDD,2014B,632463,2,train
DDD,2014B,632469,0,test
DDD,2014B,632473,3,train
DDD,2014B,632482,0,test
DDD,2014B,632486,4,train
DDD,2014B,632504,0,test
DDD,2014B,632551,3,train
DDD,2014B,632680,3,train
DDD,2014B,632725,4,train
DDD,2014B,632741,0,test
DDD,2014B,632790,0,test
DDD,2014B,632793,1,calib
DDD,2014B,632814,4,train
DDD,2014B,632845,0,test
DDD,2014B,632856,4,train
DDD,2014B,632879,3,train
DDD,2014B,632898,3,train
DDD,2014B,632975,3,train
DDD,2014B,633008,2,train
DDD,2014B,633214,3,train
DDD,2014B,633273,4,train
DDD,2014B,633325,0,test
DDD,2014B,633331,3,train
DDD,2014B,633341,0,test
DDD,2014B,633355,0,test
DDD,2014B,633368,1,calib
DDD,2014B,633384,4,train
DDD,2014B,633467,2,train
DDD,2014B,633477,2,train
DDD,2014B,633510,3,train
DDD,2014B,633591,2,train
DDD,2014B,633618,4,train
DDD,2014B,633763,4,train
DDD,2014B,633764,1,calib
DDD,2014B,633771,3,train
DDD,2014B,633864,3,train
DDD,2014B,633921,4,train
DDD,2014B,633960,3,train
DDD,2014B,634094,2,train
DDD,2014B,634106,1,calib
DDD,2014B,634107,4,train
DDD,2014B,634108,1,calib
DDD,2014B,634178,4,train
DDD,2014B,634246,3,train
DDD,2014B,634278,0,test
DDD,2014B,634295,4,train
DDD,2014B,634313,0,test
DDD,2014B,634351,0,test
DDD,2014B,634360,4,train
DDD,2014B,634383,0,test
DDD,2014B,634397,2,train
DDD,2014B,634420,0,test
DDD,2014B,634508,4,train
DDD,2014B,634596,1,calib
DDD,2014B,634648,0,test
DDD,2014B,634681,4,train
DDD,2014B,634816,0,test
DDD,2014B,634824,4,train
DDD,2014B,634905,4,train
DDD,2014B,634909,0,test
DDD,2014B,635058,4,train
DDD,2014B,635100,0,test
DDD,2014B,635141,2,train
DDD,2014B,669530,1,calib
DDD,2014B,835603,2,train
DDD,2014B,879295,1,calib
DDD,2014B,909056,0,test
DDD,2014B,963176,0,test
DDD,2014B,997948,1,calib
DDD,2014B,1031884,0,test
DDD,2014B,1033968,2,train
DDD,2014B,1049036,3,train
DDD,2014B,1175060,2,train
DDD,2014B,1332356,0,test
DDD,2014B,1531649,3,train
DDD,2014B,1549107,0,test
DDD,2014B,1552044,3,train
DDD,2014B,1554143,0,test
DDD,2014B,1591864,4,train
DDD,2014B,1592048,3,train
DDD,2014B,1612600,2,train
DDD,2014B,1614808,0,test
DDD,2014B,1624025,2,train
DDD,2014B,1668372,3,train
DDD,2014B,1671208,2,train
DDD,2014B,1671761,4,train
DDD,2014B,1671811,4,train
DDD,2014B,1735651,0,test
DDD,2014B,1735653,4,train
DDD,2014B,1763186,2,train
DDD,2014B,1767786,4,train
DDD,2014B,1777223,1,calib
DDD,2014B,1804143,2,train
DDD,2014B,1826729,3,train
DDD,2014B,1843355,4,train
DDD,2014B,1845093,2,train
DDD,2014B,1874160,1,calib
DDD,2014B,1903131,3,train
DDD,2014B,1916140,3,train
DDD,2014B,1939179,2,train
DDD,2014B,1945434,4,train
DDD,2014B,1951727,3,train
DDD,2014B,1962854,3,train
DDD,2014B,1981053,2,train
DDD,2014B,1986370,2,train
DDD,2014B,1994454,2,train
DDD,2014B,2001102,3,train
DDD,2014B,2002727,1,calib
DDD,2014B,2043916,3,train
DDD,2014B,2046628,2,train
DDD,2014B,2077023,0,test
DDD,2014B,2080340,3,train
DDD,2014B,2087698,0,test
DDD,2014B,2091387,3,train
DDD,2014B,2109013,1,calib
DDD,2014B,2110039,3,train
DDD,2014B,2151748,1,calib
DDD,2014B,2162388,4,train
DDD,2014B,2172136,2,train
DDD,2014B,2173688,4,train
DDD,2014B,2188469,2,train
DDD,2014B,2210989,2,train
DDD,2014B,2228206,1,calib
DDD,2014B,2231018,1,calib
DDD,2014B,2261142,0,test
DDD,2014B,2265935,1,calib
DDD,2014B,2266889,0,test
DDD,2014B,2301511,4,train
DDD,2014B,2305237,4,train
DDD,2014B,2305957,0,test
DDD,2014B,2306519,3,train
DDD,2014B,2312809,1,calib
DDD,2014B,2333244,3,train
DDD,2014B,2336922,3,train
DDD,2014B,2343809,2,train
DDD,2014B,2348961,2,train
DDD,2014B,2352039,2,train
DDD,2014B,2356318,3,train
DDD,2014B,2357168,0,test
DDD,2014B,2365009,0,test
DDD,2014B,2366701,4,train
DDD,2014B,2371311,3,train
DDD,2014B,2394090,4,train
DDD,2014B,2399951,1,calib
DDD,2014B,2411981,0,test
DDD,2014B,2414973,1,calib
DDD,2014B,2415480,3,train
DDD,2014B,2416424,2,train
DDD,2014B,2416501,3,train
DDD,2014B,2436400,2,train
DDD,2014B,2444109,4,train
DDD,2014B,2446778,1,calib
DDD,2014B,2450600,3,train
DDD,2014B,2450650,1,calib
DDD,2014B,2451003,4,train
DDD,2014B,2452902,1,calib
DDD,2014B,2460775,0,test
DDD,2014B,2465186,1,calib
DDD,2014B,2473025,3,train
DDD,2014B,2485856,3,train
DDD,2014B,2495139,0,test
DDD,2014B,2499850,4,train
DDD,2014B,2502516,3,train
DDD,2014B,2502707,4,train
DDD,2014B,2503273,1,calib
DDD,2014B,2516497,0,test
DDD,2014B,2519622,2,train
DDD,2014B,2521837,1,calib
DDD,2014B,2523146,3,train
DDD,2014B,2527077,3,train
DDD,2014B,2533297,0,test
DDD,2014B,2533590,1,calib
DDD,2014B,2544678,4,train
DDD,2014B,2545413,1,calib
DDD,2014B,2550946,1,calib
DDD,2014B,2558463,4,train
DDD,2014B,2558536,1,calib
DDD,2014B,2577480,0,test
DDD,2014B,2588215,0,test
DDD,2014B,2588296,2,train
DDD,2014B,2588543,0,test
DDD,2014B,2595457,2,train
DDD,2014B,2595730,1,calib
DDD,2014B,2599201,0,test
DDD,2014B,2608626,1,calib
DDD,2014B,2609908,3,train
DDD,2014B,2610581,0,test
DDD,2014B,2611371,2,train
DDD,2014B,2619496,1,calib
DDD,2014B,2621984,2,train
DDD,2014B,2623532,3,train
DDD,2014B,2631092,4,train
DDD,2014B,2635116,0,test
DDD,2014B,2636552,1,calib
DDD,2014B,2637219,3,train
DDD,2014B,2638464,3,train
DDD,2014B,2639021,2,train
DDD,2014B,2640853,4,train
DDD,2014B,2643028,1,calib
DDD,2014B,2646737,0,test
DDD,2014B,2648035,0,test
DDD,2014B,2659530,2,train
DDD,2014B,2660408,0,test
DDD,2014B,2661162,2,train
DDD,2014B,2668106,2,train
DDD,2014B,2669736,4,train
DDD,2014B,2669995,3,train
DDD,2014B,2675343,1,calib
DDD,2014B,2683696,0,test
DDD,2014B,2684847,1,calib
DDD,2014B,2685827,1,calib
DDD,2014B,2686365,1,calib
DDD,2014B,2686865,2,train
DDD,2014B,2688692,3,train
DDD,2014B,2689501,1,calib
DDD,2014B,2692101,3,train
DDD,2014B,2692577,3,train
DDD,2014B,2692948,0,test
DDD,2014B,2694886,2,train
DDD,2014B,2696376,2,train
DDD,2014B,2698251,2,train
DDD,2014B,2710343,4,train
DDD,2014J,8462,0,test
DDD,2014J,25572,2,train
DDD,2014J,27417,4,train
DDD,2014J,33387,2,train
DDD,2014J,33681,0,test
DDD,2014J,33796,1,calib
DDD,2014J,33897,2,train
DDD,2014J,34087,0,test
DDD,2014J,36385,2,train
DDD,2014J,39208,4,train
DDD,2014J,46016,0,test
DDD,2014J,46812,2,train
DDD,2014J,51033,2,train
DDD,2014J,51153,4,train
DDD,2014J,51253,0,test
DDD,2014J,51955,3,train
DDD,2014J,53632,2,train
DDD,2014J,54810,4,train
DDD,2014J,58731,1,calib
DDD,2014J,63015,4,train
DDD,2014J,63827,0,test
DDD,2014J,68417,3,train
DDD,2014J,69239,1,calib
DDD,2014J,71676,1,calib
DDD,2014J,73019,4,train
DDD,2014J,73664,4,train
DDD,2014J,75309,4,train
DDD,2014J,75427,1,calib
DDD,2014J,76081,0,test
DDD,2014J,80329,4,train
DDD,2014J,80775,0,test
DDD,2014J,83553,0,test
DDD,2014J,88439,3,train
DDD,2014J,91470,3,train
DDD,2014J,96874,1,calib
DDD,2014J,99075,2,train
DDD,2014J,99609,1,calib
DDD,2014J,100561,4,train
DDD,2014J,101187,1,calib
DDD,2014J,101279,3,train
DDD,2014J,102221,3,train
DDD,2014J,103891,4,train
DDD,2014J,104215,2,train
DDD,2014J,104772,4,train
DDD,2014J,106553,0,test
DDD,2014J,110524,1,calib
DDD,2014J,110640,4,train
DDD,2014J,111415,0,test
DDD,2014J,111926,2,train
DDD,2014J,118578,4,train
DDD,2014J,123053,0,test
DDD,2014J,123183,2,train
DDD,2014J,123957,1,calib
DDD,2014J,124210,2,train
DDD,2014J,124728,3,train
DDD,2014J,125830,4,train
DDD,2014J,129989,1,calib
DDD,2014J,131152,1,calib
DDD,2014J,131612,0,test
DDD,2014J,132157,3,train
DDD,2014J,132511,4,train
DDD,2014J,133365,2,train
DDD,2014J,134243,4,train
DDD,2014J,134920,3,train
DDD,2014J,135999,1,calib
DDD,2014J,136135,3,train
DDD,2014J,136793,1,calib
DDD,2014J,138715,1,calib
DDD,2014J,145188,2,train
DDD,2014J,145578,2,train
DDD,2014J,146943,4,train
DDD,2014J,147328,3,train
DDD,2014J,147715,4,train
DDD,2014J,148414,1,calib
DDD,2014J,151745,1,calib
DDD,2014J,152320,0,test
DDD,2014J,153170,4,train
DDD,2014J,154073,4,train
DDD,2014J,158575,2,train
DDD,2014J,160181,0,test
DDD,2014J,162337,0,test
DDD,2014J,163996,3,train
DDD,2014J,167945,2,train
DDD,2014J,168843,0,test
DDD,2014J,169894,2,train
DDD,2014J,172965,0,test
DDD,2014J,175804,1,calib
DDD,2014J,177781,3,train
DDD,2014J,184409,0,test
DDD,2014J,185024,3,train
DDD,2014J,189143,2,train
DDD,2014J,190279,1,calib
DDD,2014J,191732,1,calib
DDD,2014J,192375,0,test
DDD,2014J,202138,1,calib
DDD,2014J,202489,3,train
DDD,2014J,203149,0,test
DDD,2014J,204410,0,test
DDD,2014J,204609,1,calib
DDD,2014J,226895,0,test
DDD,2014J,231697,0,test
DDD,2014J,233868,1,calib
DDD,2014J,233873,2,train
DDD,2014J,234552,4,train
DDD,2014J,235893,1,calib
DDD,2014J,236017,4,train
DDD,2014J,236150,1,calib
DDD,2014J,240186,0,test
DDD,2014J,240236,0,test
DDD,2014J,241066,3,train
DDD,2014J,241769,0,test
DDD,2014J,243025,1,calib
DDD,2014J,249359,0,test
DDD,2014J,253579,3,train
DDD,2014J,256144,4,train
DDD,2014J,258538,4,train
DDD,2014J,260077,1,calib
DDD,2014J,260639,0,test
DDD,2014J,264601,2,train
DDD,2014J,267118,1,calib
DDD,2014J,268143,0,test
DDD,2014J,269575,2,train
DDD,2014J,269856,2,train
DDD,2014J,270502,1,calib
DDD,2014J,275297,3,train
DDD,2014J,275309,4,train
DDD,2014J,276935,2,train
DDD,2014J,279117,4,train
DDD,2014J,281172,2,train
DDD,2014J,281252,4,train
DDD,2014J,281799,4,train
DDD,2014J,281920,1,calib
DDD,2014J,282498,4,train
DDD,2014J,284741,2,train
DDD,2014J,285481,1,calib
DDD,2014J,287897,3,train
DDD,2014J,287954,1,calib
DDD,2014J,288762,4,train
DDD,2014J,295118,4,train
DDD,2014J,296138,4,train
DDD,2014J,298777,3,train
DDD,2014J,300057,1,calib
DDD,2014J,301036,3,train
DDD,2014J,303141,0,test
DDD,2014J,303341,2,train
DDD,2014J,306754,4,train
DDD,2014J,307116,4,train
DDD,2014J,309258,4,train
DDD,2014J,309350,3,train
DDD,2014J,313561,1,calib
DDD,2014J,318919,2,train
DDD,2014J,319325,3,train
DDD,2014J,321952,4,train
DDD,2014J,322137,1,calib
DDD,2014J,323025,0,test
DDD,2014J,323680,2,train
DDD,2014J,324338,0,test
DDD,2014J,328241,2,train
DDD,2014J,331526,0,test
DDD,2014J,333823,0,test
DDD,2014J,334048,1,calib
DDD,2014J,334581,2,train
DDD,2014J,334973,3,train
DDD,2014J,335018,3,train
DDD,2014J,335922,3,train
DDD,2014J,336213,3,train
DDD,2014J,336218,4,train
DDD,2014J,337048,3,train
DDD,2014J,337359,2,train
DDD,2014J,338704,2,train
DDD,2014J,339853,4,train
DDD,2014J,340627,4,train
DDD,2014J,341855,2,train
DDD,2014J,341921,4,train
DDD,2014J,348602,1,calib
DDD,2014J,349688,3,train
DDD,2014J,349910,2,train
DDD,2014J,350361,0,test
DDD,2014J,351080,4,train
DDD,2014J,351244,3,train
DDD,2014J,352954,4,train
DDD,2014J,353969,4,train
DDD,2014J,355034,3,train
DDD,2014J,356561,3,train
DDD,2014J,359657,1,calib
DDD,2014J,361842,1,calib
DDD,2014J,364307,0,test
DDD,2014J,365375,2,train
DDD,2014J,365893,1,calib
DDD,2014J,367309,2,train
DDD,2014J,368195,3,train
DDD,2014J,370089,3,train
DDD,2014J,370100,4,train
DDD,2014J,370184,0,test
DDD,2014J,370274,4,train
DDD,2014J,370375,4,train
DDD,2014J,371019,1,calib
DDD,2014J,371949,2,train
DDD,2014J,373280,1,calib
DDD,2014J,373795,4,train
DDD,2014J,376758,4,train
DDD,2014J,378388,0,test
DDD,2014J,379336,1,calib
DDD,2014J,380681,2,train
DDD,2014J,381439,1,calib
DDD,2014J,384106,3,train
DDD,2014J,384295,2,train
DDD,2014J,384499,4,train
DDD,2014J,384999,3,train
DDD,2014J,385019,2,train
DDD,2014J,385495,4,train
DDD,2014J,385563,3,train
DDD,2014J,386140,0,test
DDD,2014J,387359,3,train
DDD,2014J,387364,0,test
DDD,2014J,389076,2,train
DDD,2014J,390556,3,train
DDD,2014J,390849,1,calib
DDD,2014J,392250,0,test
DDD,2014J,393094,3,train
DDD,2014J,393727,2,train
DDD,2014J,395535,0,test
DDD,2014J,395980,2,train
DDD,2014J,397894,3,train
DDD,2014J,398816,0,test
DDD,2014J,399628,2,train
DDD,2014J,399772,3,train
DDD,2014J,399794,1,calib
DDD,2014J,400091,3,train
DDD,2014J,402268,2,train
DDD,2014J,402829,4,train
DDD,2014J,402958,2,train
DDD,2014J,403052,2,train
DDD,2014J,406425,1,calib
DDD,2014J,407487,1,calib
DDD,2014J,408344,3,train
DDD,2014J,409120,4,train
DDD,2014J,409205,0,test
DDD,2014J,410767,0,test
DDD,2014J,411549,1,calib
DDD,2014J,412717,0,test
DDD,2014J,413087,0,test
DDD,2014J,414094,2,train
DDD,2014J,414963,1,calib
DDD,2014J,416276,4,train
DDD,2014J,417157,4,train
DDD,2014J,418851,1,calib
DDD,2014J,419913,0,test
DDD,2014J,420141,2,train
DDD,2014J,420344,2,train
DDD,2014J,420560,2,train
DDD,2014J,420745,2,train
DDD,2014J,420762,1,calib
DDD,2014J,421185,3,train
DDD,2014J,421242,2,train
DDD,2014J,422343,3,train
DDD,2014J,423650,2,train
DDD,2014J,424211,0,test
DDD,2014J,425393,4,train
DDD,2014J,425910,2,train
DDD,2014J,428116,2,train
DDD,2014J,428787,0,test
DDD,2014J,429740,1,calib
DDD,2014J,431136,2,train
DDD,2014J,432642,0,test
DDD,2014J,434002,0,test
DDD,2014J,434767,4,train
DDD,2014J,435536,0,test
DDD,2014J,435572,1,calib
DDD,2014J,436898,1,calib
DDD,2014J,438135,2,train
DDD,2014J,441087,1,calib
DDD,2014J,441354,0,test
DDD,2014J,441897,3,train
DDD,2014J,442017,1,calib
DDD,2014J,442191,4,train
DDD,2014J,442549,1,calib
DDD,2014J,443275,2,train
DDD,2014J,443539,3,train
DDD,2014J,444180,0,test
DDD,2014J,444388,2,train
DDD,2014J,444625,4,train
DDD,2014J,444766,0,test
DDD,2014J,444783,3,train
DDD,2014J,445239,1,calib
DDD,2014J,445351,3,train
DDD,2014J,445429,0,test
DDD,2014J,445451,4,train
DDD,2014J,445474,3,train
DDD,2014J,445595,2,train
DDD,2014J,445782,1,calib
DDD,2014J,446097,3,train
DDD,2014J,446730,3,train
DDD,2014J,446761,1,calib
DDD,2014J,447393,4,train
DDD,2014J,447510,4,train
DDD,2014J,447644,1,calib
DDD,2014J,464748,0,test
DDD,2014J,464968,2,train
DDD,2014J,465564,3,train
DDD,2014J,465629,3,train
DDD,2014J,466230,2,train
DDD,2014J,466289,0,test
DDD,2014J,466714,0,test
DDD,2014J,466956,3,train
DDD,2014J,467893,3,train
DDD,2014J,468386,0,test
DDD,2014J,468720,4,train
DDD,2014J,468845,4,train
DDD,2014J,469624,1,calib
DDD,2014J,469633,2,train
DDD,2014J,470555,0,test
DDD,2014J,470914,2,train
DDD,2014J,471781,1,calib
DDD,2014J,471976,1,calib
DDD,2014J,472073,1,calib
DDD,2014J,472616,3,train
DDD,2014J,472649,0,test
DDD,2014J,472949,0,test
DDD,2014J,473129,1,calib
DDD,2014J,474119,0,test
DDD,2014J,474246,4,train
DDD,2014J,475443,0,test
DDD,2014J,475839,0,test
DDD,2014J,475863,2,train
DDD,2014J,475908,0,test
DDD,2014J,477099,4,train
DDD,2014J,477354,1,calib
DDD,2014J,477556,1,calib
DDD,2014J,478326,4,train
DDD,2014J,478517,4,train
DDD,2014J,479553,3,train
DDD,2014J,482173,0,test
DDD,2014J,483136,2,train
DDD,2014J,483149,3,train
DDD,2014J,483200,0,test
DDD,2014J,483343,0,test
DDD,2014J,484130,4,train
DDD,2014J,484171,1,calib
DDD,2014J,485282,0,test
DDD,2014J,485421,4,train
DDD,2014J,485612,1,calib
DDD,2014J,486244,0,test
DDD,2014J,486287,4,train
DDD,2014J,486539,4,train
DDD,2014J,487556,4,train
DDD,2014J,487607,1,calib
DDD,2014J,488575,2,train
DDD,2014J,488941,3,train
DDD,2014J,490629,1,calib
DDD,2014J,491688,2,train
DDD,2014J,492254,1,calib
DDD,2014J,492480,4,train
DDD,2014J,492496,1,calib
DDD,2014J,493207,0,test
DDD,2014J,493434,2,train
DDD,2014J,493650,2,train
DDD,2014J,493826,4,train
DDD,2014J,493876,1,calib
DDD,2014J,495493,1,calib
DDD,2014J,495615,2,train
DDD,2014J,495762,1,calib
DDD,2014J,495881,2,train
DDD,2014J,495903,0,test
DDD,2014J,496154,4,train
DDD,2014J,496494,4,train
DDD,2014J,496916,2,train
DDD,2014J,497989,3,train
DDD,2014J,498326,0,test
DDD,2014J,499865,1,calib
DDD,2014J,500339,2,train
DDD,2014J,500707,2,train
DDD,2014J,502470,2,train
DDD,2014J,502557,2,train
DDD,2014J,504034,1,calib
DDD,2014J,504064,4,train
DDD,2014J,504251,4,train
DDD,2014J,504552,1,calib
DDD,2014J,504589,3,train
DDD,2014J,504749,4,train
DDD,2014J,504841,3,train
DDD,2014J,506824,0,test
DDD,2014J,507478,2,train
DDD,2014J,507576,4,train
DDD,2014J,508615,2,train
DDD,2014J,508829,0,test
DDD,2014J,508859,2,train
DDD,2014J,508872,3,train
DDD,2014J,509933,1,calib
DDD,2014J,509998,4,train
DDD,2014J,510424,1,calib
DDD,2014J,510456,2,train
DDD,2014J,510532,4,train
DDD,2014J,511345,2,train
DDD,2014J,511676,1,calib
DDD,2014J,512046,2,train
DDD,2014J,513283,4,train
DDD,2014J,513356,3,train
DDD,2014J,514277,3,train
DDD,2014J,514324,1,calib
DDD,2014J,515052,3,train
DDD,2014J,515645,2,train
DDD,2014J,516405,2,train
DDD,2014J,516562,2,train
DDD,2014J,518244,2,train
DDD,2014J,519116,1,calib
DDD,2014J,519941,4,train
DDD,2014J,520349,4,train
DDD,2014J,523762,3,train
DDD,2014J,523817,0,test
DDD,2014J,524020,3,train
DDD,2014J,524427,0,test
DDD,2014J,525068,0,test
DDD,2014J,525870,1,calib
DDD,2014J,526352,1,calib
DDD,2014J,526699,2,train
DDD,2014J,526912,0,test
DDD,2014J,528175,1,calib
DDD,2014J,528363,3,train
DDD,2014J,528535,1,calib
DDD,2014J,529789,0,test
DDD,2014J,529885,2,train
DDD,2014J,530807,1,calib
DDD,2014J,531646,0,test
DDD,2014J,532236,3,train
DDD,2014J,534827,0,test
DDD,2014J,535220,1,calib
DDD,2014J,535351,0,test
DDD,2014J,536296,4,train
DDD,2014J,536736,1,calib
DDD,2014J,537463,4,train
DDD,2014J,537577,2,train
DDD,2014J,540821,4,train
DDD,2014J,540885,1,calib
DDD,2014J,543478,2,train
DDD,2014J,543976,4,train
DDD,2014J,544612,3,train
DDD,2014J,544649,1,calib
DDD,2014J,545127,1,calib
DDD,2014J,545752,0,test
DDD,2014J,546299,0,test
DDD,2014J,546773,3,train
DDD,2014J,547464,3,train
DDD,2014J,547786,1,calib
DDD,2014J,548486,0,test
DDD,2014J,548851,3,train
DDD,2014J,549337,2,train
DDD,2014J,549626,2,train
DDD,2014J,550142,3,train
DDD,2014J,550358,4,train
DDD,2014J,550380,3,train
DDD,2014J,551332,0,test
DDD,2014J,551440,1,calib
DDD,2014J,551595,2,train
DDD,2014J,552114,3,train
DDD,2014J,552965,0,test
DDD,2014J,553367,4,train
DDD,2014J,553576,0,test
DDD,2014J,554215,1,calib
DDD,2014J,554407,4,train
DDD,2014J,554746,4,train
DDD,2014J,554863,1,calib
DDD,2014J,554885,3,train
DDD,2014J,555132,0,test
DDD,2014J,555989,1,calib
DDD,2014J,556007,3,train
DDD,2014J,556374,2,train
DDD,2014J,556514,3,train
DDD,2014J,557083,1,calib
DDD,2014J,557237,4,train
DDD,2014J,557389,1,calib
DDD,2014J,557474,3,train
DDD,2014J,559447,0,test
DDD,2014J,559707,2,train
DDD,2014J,559852,3,train
DDD,2014J,559882,3,train
DDD,2014J,560301,1,calib
DDD,2014J,561848,2,train
DDD,2014J,561904,2,train
DDD,2014J,562100,3,train
DDD,2014J,562619,2,train
DDD,2014J,562827,4,train
DDD,2014J,562890,0,test
DDD,2014J,563453,2,train
DDD,2014J,563595,3,train
DDD,2014J,563710,4,train
DDD,2014J,563845,3,train
DDD,2014J,563847,2,train
DDD,2014J,564000,0,test
DDD,2014J,564643,4,train
DDD,2014J,565006,2,train
DDD,2014J,565209,3,train
DDD,2014J,565446,0,test
DDD,2014J,566134,1,calib
DDD,2014J,566300,2,train
DDD,2014J,566482,2,train
DDD,2014J,566553,4,train
DDD,2014J,566560,3,train
DDD,2014J,566712,4,train
DDD,2014J,567176,1,calib
DDD,2014J,567281,0,test
DDD,2014J,567285,4,train
DDD,2014J,567597,1,calib
DDD,2014J,568103,3,train
DDD,2014J,568297,2,train
DDD,2014J,568415,1,calib
DDD,2014J,568446,2,train
DDD,2014J,569633,4,train
DDD,2014J,569737,0,test
DDD,2014J,569749,3,train
DDD,2014J,569840,3,train
DDD,2014J,570119,0,test
DDD,2014J,570411,2,train
DDD,2014J,570863,3,train
DDD,2014J,571292,1,calib
DDD,2014J,571382,2,train
DDD,2014J,571644,1,calib
DDD,2014J,572043,3,train
DDD,2014J,572156,4,train
DDD,2014J,572281,2,train
DDD,2014J,572413,3,train
DDD,2014J,572414,4,train
DDD,2014J,572430,1,calib
DDD,2014J,572434,3,train
DDD,2014J,572722,4,train
DDD,2014J,572880,2,train
DDD,2014J,573328,1,calib
DDD,2014J,573646,0,test
DDD,2014J,573742,3,train
DDD,2014J,573969,0,test
DDD,2014J,574347,0,test
DDD,2014J,574431,3,train
DDD,2014J,574612,3,train
DDD,2014J,574843,4,train
DDD,2014J,574866,1,calib
DDD,2014J,574928,1,calib
DDD,2014J,575009,0,test
DDD,2014J,575200,4,train
DDD,2014J,575272,0,test
DDD,2014J,575337,4,train
DDD,2014J,575380,0,test
DDD,2014J,575398,3,train
DDD,2014J,575566,1,calib
DDD,2014J,575855,0,test
DDD,2014J,575999,3,train
DDD,2014J,576306,4,train
DDD,2014J,576515,2,train
DDD,2014J,576885,3,train
DDD,2014J,577196,3,train
DDD,2014J,577359,3,train
DDD,2014J,577520,2,train
DDD,2014J,577526,3,train
DDD,2014J,577566,3,train
DDD,2014J,577638,0,test
DDD,2014J,577652,4,train
DDD,2014J,577751,2,train
DDD,2014J,577934,2,train
DDD,2014J,577937,0,test
DDD,2014J,577977,3,train
DDD,2014J,578395,4,train
DDD,2014J,578427,4,train
DDD,2014J,578616,0,test
DDD,2014J,578646,2,train
DDD,2014J,578857,1,calib
DDD,2014J,579017,4,train
DDD,2014J,579172,1,calib
DDD,2014J,579386,2,train
DDD,2014J,580450,3,train
DDD,2014J,580458,0,test
DDD,2014J,580534,3,train
DDD,2014J,580838,2,train
DDD,2014J,582009,1,calib
DDD,2014J,582197,4,train
DDD,2014J,582608,4,train
DDD,2014J,583092,0,test
DDD,2014J,583147,3,train
DDD,2014J,583276,1,calib
DDD,2014J,583604,2,train
DDD,2014J,584038,4,train
DDD,2014J,584077,2,train
DDD,2014J,584591,3,train
DDD,2014J,584981,1,calib
DDD,2014J,585153,1,calib
DDD,2014J,585354,0,test
DDD,2014J,585432,0,test
DDD,2014J,585526,1,calib
DDD,2014J,585626,1,calib
DDD,2014J,585773,2,train
DDD,2014J,585832,4,train
DDD,2014J,585998,4,train
DDD,2014J,586121,4,train
DDD,2014J,586315,3,train
DDD,2014J,586444,1,calib
DDD,2014J,586729,4,train
DDD,2014J,586946,0,test
DDD,2014J,586957,2,train
DDD,2014J,587140,4,train
DDD,2014J,587375,1,calib
DDD,2014J,587446,3,train
DDD,2014J,587576,4,train
DDD,2014J,587579,0,test
DDD,2014J,587772,0,test
DDD,2014J,587777,1,calib
DDD,2014J,588058,3,train
DDD,2014J,588179,4,train
DDD,2014J,588203,3,train
DDD,2014J,588240,1,calib
DDD,2014J,588383,3,train
DDD,2014J,588954,0,test
DDD,2014J,589279,2,train
DDD,2014J,589585,2,train
DDD,2014J,590110,2,train
DDD,2014J,590127,0,test
DDD,2014J,590227,0,test
DDD,2014J,590340,0,test
DDD,2014J,590562,0,test
DDD,2014J,590616,1,calib
DDD,2014J,590632,3,train
DDD,2014J,590753,3,train
DDD,2014J,590886,1,calib
DDD,2014J,590920,3,train
DDD,2014J,591540,3,train
DDD,2014J,591852,0,test
DDD,2014J,592214,2,train
DDD,2014J,592221,3,train
DDD,2014J,592344,0,test
DDD,2014J,592661,0,test
DDD,2014J,592899,2,train
DDD,2014J,593099,0,test
DDD,2014J,593373,1,calib
DDD,2014J,593556,3,train
DDD,2014J,593903,3,train
DDD,2014J,593976,4,train
DDD,2014J,594033,1,calib
DDD,2014J,594048,2,train
DDD,2014J,594071,1,calib
DDD,2014J,594161,0,test
DDD,2014J,594164,2,train
DDD,2014J,594329,0,test
DDD,2014J,594950,1,calib
DDD,2014J,595215,0,test
DDD,2014J,595310,1,calib
DDD,2014J,595396,1,calib
DDD,2014J,595741,3,train
DDD,2014J,595787,0,test
DDD,2014J,595876,2,train
DDD,2014J,595883,4,train
DDD,2014J,596322,0,test
DDD,2014J,596359,4,train
DDD,2014J,596420,1,calib
DDD,2014J,596620,3,train
DDD,2014J,596759,3,train
DDD,2014J,597529,3,train
DDD,2014J,597608,1,calib
DDD,2014J,597779,3,train
DDD,2014J,597786,4,train
DDD,2014J,597814,4,train
DDD,2014J,598103,0,test
DDD,2014J,598123,0,test
DDD,2014J,598141,4,train
DDD,2014J,598283,2,train
DDD,2014J,598303,2,train
DDD,2014J,598493,1,calib
DDD,2014J,598536,3,train
DDD,2014J,599083,3,train
DDD,2014J,599270,1,calib
DDD,2014J,599651,3,train
DDD,2014J,599742,2,train
DDD,2014J,599837,3,train
DDD,2014J,599877,2,train
DDD,2014J,600033,4,train
DDD,2014J,600502,1,calib
DDD,2014J,600554,0,test
DDD,2014J,600616,1,calib
DDD,2014J,600680,1,calib
DDD,2014J,601418,0,test
DDD,2014J,601488,3,train
DDD,2014J,602029,0,test
DDD,2014J,602185,1,calib
DDD,2014J,602318,2,train
DDD,2014J,602528,3,train
DDD,2014J,603224,2,train
DDD,2014J,603303,4,train
DDD,2014J,603406,4,train
DDD,2014J,603490,0,test
DDD,2014J,603493,3,train
DDD,2014J,603726,0,test
DDD,2014J,603961,3,train
DDD,2014J,604500,0,test
DDD,2014J,604632,4,train
DDD,2014J,604671,4,train
DDD,2014J,604709,1,calib
DDD,2014J,605070,4,train
DDD,2014J,605118,0,test
DDD,2014J,605313,1,calib
DDD,2014J,605488,0,test
DDD,2014J,605676,0,test
DDD,2014J,605759,1,calib
DDD,2014J,605859,2,train
DDD,2014J,605876,4,train
DDD,2014J,606089,2,train
DDD,2014J,606247,0,test
DDD,2014J,606757,1,calib
DDD,2014J,606837,2,train
DDD,2014J,607110,0,test
DDD,2014J,607483,1,calib
DDD,2014J,607525,2,train
DDD,2014J,607638,3,train
DDD,2014J,607767,4,train
DDD,2014J,607975,2,train
DDD,2014J,608746,0,test
DDD,2014J,608775,3,train
DDD,2014J,608842,3,train
DDD,2014J,608943,2,train
DDD,2014J,609242,2,train
DDD,2014J,609245,4,train
DDD,2014J,609556,2,train
DDD,2014J,609655,3,train
DDD,2014J,609681,0,test
DDD,2014J,610197,0,test
DDD,2014J,610537,1,calib
DDD,2014J,610609,2,train
DDD,2014J,610622,4,train
DDD,2014J,610828,3,train
DDD,2014J,611013,3,train
DDD,2014J,611159,2,train
DDD,2014J,611235,3,train
DDD,2014J,611356,3,train
DDD,2014J,611588,4,train
DDD,2014J,611790,1,calib
DDD,2014J,611800,0,test
DDD,2014J,611865,0,test
DDD,2014J,611982,1,calib
DDD,2014J,612443,2,train
DDD,2014J,612615,0,test
DDD,2014J,612717,2,train
DDD,2014J,612979,0,test
DDD,2014J,613910,2,train
DDD,2014J,614471,2,train
DDD,2014J,614499,0,test
DDD,2014J,614683,4,train
DDD,2014J,614791,3,train
DDD,2014J,614912,1,calib
DDD,2014J,614930,2,train
DDD,2014J,615183,0,test
DDD,2014J,616862,4,train
DDD,2014J,617249,0,test
DDD,2014J,617850,4,train
DDD,2014J,617952,3,train
DDD,2014J,617993,3,train
DDD,2014J,618033,1,calib
DDD,2014J,618531,4,train
DDD,2014J,618737,1,calib
DDD,2014J,618825,4,train
DDD,2014J,618989,4,train
DDD,2014J,619055,4,train
DDD,2014J,619851,1,calib
DDD,2014J,619907,2,train
DDD,2014J,619910,3,train
DDD,2014J,620676,1,calib
DDD,2014J,621001,0,test
DDD,2014J,621659,0,test
DDD,2014J,622246,3,train
DDD,2014J,622384,4,train
DDD,2014J,622555,3,train
DDD,2014J,622597,1,calib
DDD,2014J,622626,3,train
DDD,2014J,623190,4,train
DDD,2014J,623223,4,train
DDD,2014J,623224,0,test
DDD,2014J,623225,1,calib
DDD,2014J,623276,0,test
DDD,2014J,623289,4,train
DDD,2014J,623407,1,calib
DDD,2014J,623586,1,calib
DDD,2014J,623641,1,calib
DDD,2014J,623864,2,train
DDD,2014J,623937,3,train
DDD,2014J,623968,4,train
DDD,2014J,624631,1,calib
DDD,2014J,624891,4,train
DDD,2014J,625012,3,train
DDD,2014J,625013,4,train
DDD,2014J,625283,3,train
DDD,2014J,625467,2,train
DDD,2014J,625502,3,train
DDD,2014J,625555,3,train
DDD,2014J,625765,0,test
DDD,2014J,626132,1,calib
DDD,2014J,626151,4,train
DDD,2014J,626179,0,test
DDD,2014J,626386,0,test
DDD,2014J,626546,1,calib
DDD,2014J,626552,1,calib
DDD,2014J,626630,2,train
DDD,2014J,626799,0,test
DDD,2014J,627097,0,test
DDD,2014J,627236,3,train
DDD,2014J,627295,1,calib
DDD,2014J,627367,4,train
DDD,2014J,627416,4,train
DDD,2014J,627453,2,train
DDD,2014J,627476,1,calib
DDD,2014J,627618,1,calib
DDD,2014J,627695,1,calib
DDD,2014J,628259,3,train
DDD,2014J,628390,1,calib
DDD,2014J,628437,3,train
DDD,2014J,628519,4,train
DDD,2014J,628593,1,calib
DDD,2014J,628631,0,test
DDD,2014J,628662,0,test
DDD,2014J,628685,0,test
DDD,2014J,628733,0,test
DDD,2014J,629309,0,test
DDD,2014J,629379,3,train
DDD,2014J,629703,2,train
DDD,2014J,629878,4,train
DDD,2014J,630328,1,calib
DDD,2014J,630354,4,train
DDD,2014J,630380,3,train
DDD,2014J,630775,0,test
DDD,2014J,630858,0,test
DDD,2014J,630900,0,test
DDD,2014J,631055,2,train
DDD,2014J,631240,0,test
DDD,2014J,631293,0,test
DDD,2014J,631295,1,calib
DDD,2014J,631336,2,train
DDD,2014J,631486,2,train
DDD,2014J,631513,4,train
DDD,2014J,631603,4,train
DDD,2014J,631835,4,train
DDD,2014J,631960,1,calib
DDD,2014J,631998,3,train
DDD,2014J,632093,4,train
DDD,2014J,632314,3,train
DDD,2014J,632473,3,train
DDD,2014J,632645,2,train
DDD,2014J,632719,2,train
DDD,2014J,632795,2,train
DDD,2014J,632831,3,train
DDD,2014J,632877,0,test
DDD,2014J,633237,4,train
DDD,2014J,633295,2,train
DDD,2014J,633331,3,train
DDD,2014J,633409,3,train
DDD,2014J,633414,0,test
DDD,2014J,633475,1,calib
DDD,2014J,633525,0,test
DDD,2014J,633574,3,train
DDD,2014J,633618,4,train
DDD,2014J,634035,3,train
DDD,2014J,634037,4,train
DDD,2014J,634047,3,train
DDD,2014J,634305,1,calib
DDD,2014J,634489,2,train
DDD,2014J,634508,4,train
DDD,2014J,634646,4,train
DDD,2014J,634693,0,test
DDD,2014J,634966,2,train
DDD,2014J,635071,3,train
DDD,2014J,635170,3,train
DDD,2014J,635255,1,calib
DDD,2014J,635418,1,calib
DDD,2014J,635986,1,calib
DDD,2014J,635992,3,train
DDD,2014J,636243,2,train
DDD,2014J,636364,3,train
DDD,2014J,636420,3,train
DDD,2014J,636451,0,test
DDD,2014J,636484,3,train
DDD,2014J,636503,0,test
DDD,2014J,636590,4,train
DDD,2014J,636594,0,test
DDD,2014J,636697,2,train
DDD,2014J,636712,1,calib
DDD,2014J,636875,4,train
DDD,2014J,637064,3,train
DDD,2014J,637075,4,train
DDD,2014J,637347,2,train
DDD,2014J,637374,4,train
DDD,2014J,637473,0,test
DDD,2014J,637691,3,train
DDD,2014J,638023,0,test
DDD,2014J,638051,4,train
DDD,2014J,638131,0,test
DDD,2014J,638202,3,train
DDD,2014J,638243,2,train
DDD,2014J,638358,4,train
DDD,2014J,638384,0,test
DDD,2014J,638657,3,train
DDD,2014J,639190,1,calib
DDD,2014J,639514,0,test
DDD,2014J,639766,4,train
DDD,2014J,640054,4,train
DDD,2014J,640144,2,train
DDD,2014J,640178,4,train
DDD,2014J,640691,0,test
DDD,2014J,640773,1,calib
DDD,2014J,640836,3,train
DDD,2014J,640942,3,train
DDD,2014J,640975,0,test
DDD,2014J,640982,2,train
DDD,2014J,641192,0,test
DDD,2014J,641253,2,train
DDD,2014J,641305,2,train
DDD,2014J,641315,1,calib
DDD,2014J,641557,1,calib
DDD,2014J,641609,3,train
DDD,2014J,641613,0,test
DDD,2014J,641744,1,calib
DDD,2014J,641845,2,train
DDD,2014J,641896,1,calib
DDD,2014J,642139,3,train
DDD,2014J,642222,1,calib
DDD,2014J,642230,4,train
DDD,2014J,642310,3,train
DDD,2014J,642443,0,test
DDD,2014J,642474,0,test
DDD,2014J,642501,4,train
DDD,2014J,642625,3,train
DDD,2014J,642744,1,calib
DDD,2014J,642764,0,test
DDD,2014J,642785,1,calib
DDD,2014J,642838,2,train
DDD,2014J,643006,4,train
DDD,2014J,643021,3,train
DDD,2014J,643036,0,test
DDD,2014J,643126,3,train
DDD,2014J,643199,1,calib
DDD,2014J,643230,3,train
DDD,2014J,643280,3,train
DDD,2014J,643285,4,train
DDD,2014J,643542,0,test
DDD,2014J,643729,4,train
DDD,2014J,643758,4,train
DDD,2014J,644159,2,train
DDD,2014J,644229,0,test
DDD,2014J,644310,1,calib
DDD,2014J,644409,2,train
DDD,2014J,644457,2,train
DDD,2014J,644474,3,train
DDD,2014J,644516,0,test
DDD,2014J,644525,1,calib
DDD,2014J,644567,2,train
DDD,2014J,644881,1,calib
DDD,2014J,644956,1,calib
DDD,2014J,644964,0,test
DDD,2014J,645019,1,calib
DDD,2014J,645031,4,train
DDD,2014J,645054,4,train
DDD,2014J,645081,0,test
DDD,2014J,645147,1,calib
DDD,2014J,645219,4,train
DDD,2014J,645322,3,train
DDD,2014J,645353,2,train
DDD,2014J,645425,4,train
DDD,2014J,645434,3,train
DDD,2014J,645499,3,train
DDD,2014J,645512,0,test
DDD,2014J,645551,4,train
DDD,2014J,645710,3,train
DDD,2014J,645738,0,test
DDD,2014J,645792,1,calib
DDD,2014J,645818,3,train
DDD,2014J,645850,3,train
DDD,2014J,645864,0,test
DDD,2014J,645866,1,calib
DDD,2014J,645906,2,train
DDD,2014J,645939,4,train
DDD,2014J,645962,2,train
DDD,2014J,646006,3,train
DDD,2014J,646020,4,train
DDD,2014J,646027,1,calib
DDD,2014J,646077,3,train
DDD,2014J,646086,0,test
DDD,2014J,646090,4,train
DDD,2014J,646314,1,calib
DDD,2014J,646322,4,train
DDD,2014J,646344,0,test
DDD,2014J,646359,3,train
DDD,2014J,646391,3,train
DDD,2014J,646489,1,calib
DDD,2014J,646589,2,train
DDD,2014J,646689,3,train
DDD,2014J,646700,2,train
DDD,2014J,646755,2,train
DDD,2014J,646836,4,train
DDD,2014J,646952,2,train
DDD,2014J,646957,0,test
DDD,2014J,647166,2,train
DDD,2014J,647215,3,train
DDD,2014J,647218,0,test
DDD,2014J,647227,2,train
DDD,2014J,647305,0,test
DDD,2014J,647318,3,train
DDD,2014J,647368,4,train
DDD,2014J,647373,0,test
DDD,2014J,647464,3,train
DDD,2014J,647468,3,train
DDD,2014J,647488,4,train
DDD,2014J,647565,2,train
DDD,2014J,647604,2,train
DDD,2014J,647605,1,calib
DDD,2014J,647612,4,train
DDD,2014J,647614,3,train
DDD,2014J,647647,3,train
DDD,2014J,647824,1,calib
DDD,2014J,647879,2,train
DDD,2014J,647920,4,train
DDD,2014J,647937,3,train
DDD,2014J,647947,0,test
DDD,2014J,647953,3,train
DDD,2014J,647968,4,train
DDD,2014J,648172,1,calib
DDD,2014J,648183,1,calib
DDD,2014J,648237,0,test
DDD,2014J,648269,0,test
DDD,2014J,648321,3,train
DDD,2014J,648419,0,test
DDD,2014J,648428,0,test
DDD,2014J,648570,3,train
DDD,2014J,648597,1,calib
DDD,2014J,648695,4,train
DDD,2014J,648766,1,calib
DDD,2014J,648833,1,calib
DDD,2014J,648841,2,train
DDD,2014J,648854,2,train
DDD,2014J,648880,1,calib
DDD,2014J,648888,3,train
DDD,2014J,648898,4,train
DDD,2014J,648920,1,calib
DDD,2014J,648947,0,test
DDD,2014J,648959,2,train
DDD,2014J,648966,4,train
DDD,2014J,649014,3,train
DDD,2014J,649041,4,train
DDD,2014J,649078,1,calib
DDD,2014J,649090,2,train
DDD,2014J,649120,4,train
DDD,2014J,649214,0,test
DDD,2014J,649230,1,calib
DDD,2014J,649261,0,test
DDD,2014J,649321,0,test
DDD,2014J,649383,3,train
DDD,2014J,649394,1,calib
DDD,2014J,649413,4,train
DDD,2014J,649514,4,train
DDD,2014J,649552,2,train
DDD,2014J,649614,3,train
DDD,2014J,649688,3,train
DDD,2014J,649689,0,test
DDD,2014J,649745,1,calib
DDD,2014J,649761,3,train
DDD,2014J,649780,4,train
DDD,2014J,649819,4,train
DDD,2014J,649880,3,train
DDD,2014J,649949,1,calib
DDD,2014J,649963,4,train
DDD,2014J,650010,2,train
DDD,2014J,650074,2,train
DDD,2014J,650091,4,train
DDD,2014J,650232,3,train
DDD,2014J,650243,4,train
DDD,2014J,650271,2,train
DDD,2014J,650279,3,train
DDD,2014J,650376,1,calib
DDD,2014J,650414,2,train
DDD,2014J,650420,3,train
DDD,2014J,650434,0,test
DDD,2014J,650442,1,calib
DDD,2014J,650478,2,train
DDD,2014J,650515,2,train
DDD,2014J,650642,1,calib
DDD,2014J,650684,2,train
DDD,2014J,650711,3,train
DDD,2014J,650829,0,test
DDD,2014J,650850,4,train
DDD,2014J,650946,4,train
DDD,2014J,650947,0,test
DDD,2014J,650957,3,train
DDD,2014J,650993,0,test
DDD,2014J,651048,1,calib
DDD,2014J,651058,3,train
DDD,2014J,651061,3,train
DDD,2014J,651120,1,calib
DDD,2014J,651174,2,train
DDD,2014J,651176,4,train
DDD,2014J,651267,3,train
DDD,2014J,651481,0,test
DDD,2014J,651493,1,calib
DDD,2014J,651495,4,train
DDD,2014J,651507,1,calib
DDD,2014J,651508,2,train
DDD,2014J,651561,1,calib
DDD,2014J,651579,1,calib
DDD,2014J,651619,0,test
DDD,2014J,651627,1,calib
DDD,2014J,651651,2,train
DDD,2014J,651672,2,train
DDD,2014J,651728,1,calib
DDD,2014J,651759,4,train
DDD,2014J,651804,0,test
DDD,2014J,651942,0,test
DDD,2014J,651963,3,train
DDD,2014J,652048,0,test
DDD,2014J,652103,0,test
DDD,2014J,652267,4,train
DDD,2014J,652292,2,train
DDD,2014J,652293,0,test
DDD,2014J,652318,4,train
DDD,2014J,652406,1,calib
DDD,2014J,652428,0,test
DDD,2014J,652531,3,train
DDD,2014J,652617,0,test
DDD,2014J,652619,1,calib
DDD,2014J,652680,0,test
DDD,2014J,652732,4,train
DDD,2014J,652881,3,train
DDD,2014J,652965,2,train
DDD,2014J,653031,2,train
DDD,2014J,653051,3,train
DDD,2014J,653060,3,train
DDD,2014J,653171,1,calib
DDD,2014J,653296,3,train
DDD,2014J,653319,3,train
DDD,2014J,653354,0,test
DDD,2014J,653412,4,train
DDD,2014J,653452,4,train
DDD,2014J,653550,2,train
DDD,2014J,653569,0,test
DDD,2014J,653711,3,train
DDD,2014J,653723,2,train
DDD,2014J,653729,3,train
DDD,2014J,653759,4,train
DDD,2014J,653768,1,calib
DDD,2014J,653770,3,train
DDD,2014J,653771,2,train
DDD,2014J,653793,0,test
DDD,2014J,653914,4,train
DDD,2014J,653942,0,test
DDD,2014J,653977,3,train
DDD,2014J,654091,3,train
DDD,2014J,654110,2,train
DDD,2014J,654282,4,train
DDD,2014J,654341,3,train
DDD,2014J,654401,2,train
DDD,2014J,654414,1,calib
DDD,2014J,654443,0,test
DDD,2014J,654502,3,train
DDD,2014J,654504,4,train
DDD,2014J,654807,1,calib
DDD,2014J,654828,4,train
DDD,2014J,654863,1,calib
DDD,2014J,654880,0,test
DDD,2014J,654882,4,train
DDD,2014J,654938,2,train
DDD,2014J,655039,4,train
DDD,2014J,655128,2,train
DDD,2014J,655136,4,train
DDD,2014J,655254,1,calib
DDD,2014J,655322,1,calib
DDD,2014J,655362,2,train
DDD,2014J,655585,2,train
DDD,2014J,655600,2,train
DDD,2014J,655761,3,train
DDD,2014J,655806,4,train
DDD,2014J,655816,1,calib
DDD,2014J,655834,3,train
DDD,2014J,655910,3,train
DDD,2014J,655930,1,calib
DDD,2014J,655972,0,test
DDD,2014J,656009,2,train
DDD,2014J,656073,1,calib
DDD,2014J,656079,3,train
DDD,2014J,656115,1,calib
DDD,2014J,656164,1,calib
DDD,2014J,656175,4,train
DDD,2014J,656183,3,train
DDD,2014J,656193,4,train
DDD,2014J,656280,4,train
DDD,2014J,656393,2,train
DDD,2014J,656454,4,train
DDD,2014J,656459,2,train
DDD,2014J,656496,1,calib
DDD,2014J,656526,1,calib
DDD,2014J,656682,2,train
DDD,2014J,656766,4,train
DDD,2014J,656826,1,calib
DDD,2014J,656934,1,calib
DDD,2014J,656987,2,train
DDD,2014J,657071,2,train
DDD,2014J,657077,3,train
DDD,2014J,657161,1,calib
DDD,2014J,657245,4,train
DDD,2014J,669530,1,calib
DDD,2014J,674193,4,train
DDD,2014J,674206,4,train
DDD,2014J,674219,1,calib
DDD,2014J,674277,3,train
DDD,2014J,674278,4,train
DDD,2014J,674361,4,train
DDD,2014J,674388,0,test
DDD,2014J,674393,1,calib
DDD,2014J,674419,3,train
DDD,2014J,674437,4,train
DDD,2014J,674440,0,test
DDD,2014J,674469,1,calib
DDD,2014J,674651,1,calib
DDD,2014J,674879,1,calib
DDD,2014J,674989,2,train
DDD,2014J,674997,0,test
DDD,2014J,675050,1,calib
DDD,2014J,675052,2,train
DDD,2014J,675062,4,train
DDD,2014J,675144,4,train
DDD,2014J,675253,4,train
DDD,2014J,675256,1,calib
DDD,2014J,675471,4,train
DDD,2014J,675493,0,test
DDD,2014J,675516,3,train
DDD,2014J,675539,0,test
DDD,2014J,675638,1,calib
DDD,2014J,675656,4,train
DDD,2014J,675699,0,test
DDD,2014J,675919,1,calib
DDD,2014J,675945,2,train
DDD,2014J,675993,1,calib
DDD,2014J,676010,1,calib
DDD,2014J,676087,3,train
DDD,2014J,676138,1,calib
DDD,2014J,676155,3,train
DDD,2014J,676204,3,train
DDD,2014J,676368,4,train
DDD,2014J,676373,4,train
DDD,2014J,676498,3,train
DDD,2014J,676516,3,train
DDD,2014J,676538,3,train
DDD,2014J,676553,1,calib
DDD,2014J,676589,1,calib
DDD,2014J,676596,0,test
DDD,2014J,676642,2,train
DDD,2014J,676766,3,train
DDD,2014J,676787,0,test
DDD,2014J,676807,3,train
DDD,2014J,676809,4,train
DDD,2014J,676852,3,train
DDD,2014J,676865,2,train
DDD,2014J,676903,4,train
DDD,2014J,676963,3,train
DDD,2014J,676964,0,test
DDD,2014J,677012,1,calib
DDD,2014J,677270,0,test
DDD,2014J,677316,2,train
DDD,2014J,677374,2,train
DDD,2014J,677444,3,train
DDD,2014J,677449,0,test
DDD,2014J,677579,3,train
DDD,2014J,677601,2,train
DDD,2014J,677606,4,train
DDD,2014J,677629,0,test
DDD,2014J,677632,1,calib
DDD,2014J,677832,2,train
DDD,2014J,677988,1,calib
DDD,2014J,678041,0,test
DDD,2014J,678058,3,train
DDD,2014J,678065,1,calib
DDD,2014J,678102,4,train
DDD,2014J,678219,0,test
DDD,2014J,678231,1,calib
DDD,2014J,678233,2,train
DDD,2014J,678240,4,train
DDD,2014J,678246,0,test
DDD,2014J,678262,1,calib
DDD,2014J,678382,3,train
DDD,2014J,678490,0,test
DDD,2014J,678605,0,test
DDD,2014J,678737,2,train
DDD,2014J,678790,3,train
DDD,2014J,678844,4,train
DDD,2014J,678941,0,test
DDD,2014J,679000,3,train
DDD,2014J,679179,1,calib
DDD,2014J,679234,4,train
DDD,2014J,679255,2,train
DDD,2014J,679388,4,train
DDD,2014J,679395,4,train
DDD,2014J,679427,3,train
DDD,2014J,679454,4,train
DDD,2014J,679525,4,train
DDD,2014J,679558,3,train
DDD,2014J,679582,4,train
DDD,2014J,679760,1,calib
DDD,2014J,679777,0,test
DDD,2014J,679854,2,train
DDD,2014J,679897,2,train
DDD,2014J,680017,0,test
DDD,2014J,680025,3,train
DDD,2014J,680087,4,train
DDD,2014J,680293,0,test
DDD,2014J,680314,1,calib
DDD,2014J,680331,2,train
DDD,2014J,680373,2,train
DDD,2014J,680414,1,calib
DDD,2014J,680431,4,train
DDD,2014J,680492,4,train
DDD,2014J,680612,1,calib
DDD,2014J,680626,3,train
DDD,2014J,680698,1,calib
DDD,2014J,680728,0,test
DDD,2014J,680733,0,test
DDD,2014J,680764,1,calib
DDD,2014J,680807,0,test
DDD,2014J,680812,3,train
DDD,2014J,680817,4,train
DDD,2014J,680846,1,calib
DDD,2014J,680973,1,calib
DDD,2014J,680981,3,train
DDD,2014J,680996,1,calib
DDD,2014J,681059,2,train
DDD,2014J,681125,1,calib
DDD,2014J,681182,0,test
DDD,2014J,681210,3,train
DDD,2014J,681211,4,train
DDD,2014J,681241,2,train
DDD,2014J,681356,4,train
DDD,2014J,681425,2,train
DDD,2014J,681440,0,test
DDD,2014J,681495,3,train
DDD,2014J,681528,2,train
DDD,2014J,681638,3,train
DDD,2014J,681695,3,train
DDD,2014J,681705,2,train
DDD,2014J,681729,0,test
DDD,2014J,681746,4,train
DDD,2014J,681799,3,train
DDD,2014J,681854,1,calib
DDD,2014J,681872,0,test
DDD,2014J,681923,2,train
DDD,2014J,681960,3,train
DDD,2014J,682018,1,calib
DDD,2014J,682022,3,train
DDD,2014J,682031,1,calib
DDD,2014J,682117,1,calib
DDD,2014J,682242,4,train
DDD,2014J,682294,2,train
DDD,2014J,682299,3,train
DDD,2014J,682306,1,calib
DDD,2014J,682385,3,train
DDD,2014J,682541,2,train
DDD,2014J,682660,3,train
DDD,2014J,682684,0,test
DDD,2014J,682692,2,train
DDD,2014J,682740,4,train
DDD,2014J,682787,1,calib
DDD,2014J,682813,0,test
DDD,2014J,682819,2,train
DDD,2014J,682897,3,train
DDD,2014J,682968,3,train
DDD,2014J,683091,2,train
DDD,2014J,683340,3,train
DDD,2014J,683396,1,calib
DDD,2014J,683486,2,train
DDD,2014J,683487,0,test
DDD,2014J,683648,4,train
DDD,2014J,683653,0,test
DDD,2014J,683713,4,train
DDD,2014J,683718,1,calib
DDD,2014J,684095,4,train
DDD,2014J,684141,3,train
DDD,2014J,684215,3,train
DDD,2014J,684217,2,train
DDD,2014J,684233,0,test
DDD,2014J,684241,0,test
DDD,2014J,684305,2,train
DDD,2014J,684407,1,calib
DDD,2014J,684441,0,test
DDD,2014J,684480,4,train
DDD,2014J,684632,1,calib
DDD,2014J,684663,2,train
DDD,2014J,684712,1,calib
DDD,2014J,684744,0,test
DDD,2014J,684854,4,train
DDD,2014J,684868,0,test
DDD,2014J,684886,2,train
DDD,2014J,684887,3,train
DDD,2014J,684936,2,train
DDD,2014J,685015,1,calib
DDD,2014J,685033,2,train
DDD,2014J,685069,2,train
DDD,2014J,685085,3,train
DDD,2014J,685123,3,train
DDD,2014J,685191,2,train
DDD,2014J,685224,4,train
DDD,2014J,685294,4,train
DDD,2014J,685403,0,test
DDD,2014J,685412,4,train
DDD,2014J,685458,1,calib
DDD,2014J,685474,2,train
DDD,2014J,685546,0,test
DDD,2014J,685611,0,test
DDD,2014J,685615,2,train
DDD,2014J,685623,0,test
DDD,2014J,685639,2,train
DDD,2014J,685661,2,train
DDD,2014J,685697,1,calib
DDD,2014J,685843,2,train
DDD,2014J,685910,2,train
DDD,2014J,685964,4,train
DDD,2014J,686003,4,train
DDD,2014J,686018,0,test
DDD,2014J,686038,2,train
DDD,2014J,686078,3,train
DDD,2014J,686268,3,train
DDD,2014J,686312,1,calib
DDD,2014J,686313,1,calib
DDD,2014J,686370,1,calib
DDD,2014J,686384,0,test
DDD,2014J,686399,1,calib
DDD,2014J,686549,4,train
DDD,2014J,686584,0,test
DDD,2014J,686766,2,train
DDD,2014J,686838,3,train
DDD,2014J,686854,2,train
DDD,2014J,686871,4,train
DDD,2014J,687050,1,calib
DDD,2014J,687244,1,calib
DDD,2014J,687384,2,train
DDD,2014J,687411,2,train
DDD,2014J,687446,2,train
DDD,2014J,687600,2,train
DDD,2014J,687715,2,train
DDD,2014J,687720,0,test
DDD,2014J,687765,0,test
DDD,2014J,687777,0,test
DDD,2014J,687781,2,train
DDD,2014J,687792,1,calib
DDD,2014J,687823,3,train
DDD,2014J,687835,0,test
DDD,2014J,687861,1,calib
DDD,2014J,687975,4,train
DDD,2014J,687981,0,test
DDD,2014J,688128,0,test
DDD,2014J,688171,2,train
DDD,2014J,688175,3,train
DDD,2014J,688213,1,calib
DDD,2014J,688284,0,test
DDD,2014J,688285,1,calib
DDD,2014J,688437,0,test
DDD,2014J,688525,2,train
DDD,2014J,688571,0,test
DDD,2014J,688592,2,train
DDD,2014J,688608,4,train
DDD,2014J,688615,0,test
DDD,2014J,688656,3,train
DDD,2014J,688665,2,train
DDD,2014J,688672,4,train
DDD,2014J,688722,3,train
DDD,2014J,688805,3,train
DDD,2014J,688843,4,train
DDD,2014J,688849,0,test
DDD,2014J,688911,2,train
DDD,2014J,689017,0,test
DDD,2014J,689038,1,calib
DDD,2014J,689050,2,train
DDD,2014J,689135,3,train
DDD,2014J,689143,0,test
DDD,2014J,689190,0,test
DDD,2014J,689198,2,train
DDD,2014J,689231,1,calib
DDD,2014J,689346,1,calib
DDD,2014J,689418,0,test
DDD,2014J,689527,4,train
DDD,2014J,689574,4,train
DDD,2014J,689650,4,train
DDD,2014J,689759,0,test
DDD,2014J,689816,2,train
DDD,2014J,689900,2,train
DDD,2014J,689921,2,train
DDD,2014J,689956,3,train
DDD,2014J,689990,3,train
DDD,2014J,689999,3,train
DDD,2014J,690118,0,test
DDD,2014J,690133,1,calib
DDD,2014J,690168,1,calib
DDD,2014J,690181,0,test
DDD,2014J,690192,2,train
DDD,2014J,690225,1,calib
DDD,2014J,690240,4,train
DDD,2014J,690298,0,test
DDD,2014J,690365,4,train
DDD,2014J,690600,1,calib
DDD,2014J,690669,0,test
DDD,2014J,690711,1,calib
DDD,2014J,690733,0,test
DDD,2014J,690780,3,train
DDD,2014J,690783,0,test
DDD,2014J,690843,4,train
DDD,2014J,690867,4,train
DDD,2014J,690882,1,calib
DDD,2014J,690884,0,test
DDD,2014J,690932,1,calib
DDD,2014J,691008,1,calib
DDD,2014J,691040,3,train
DDD,2014J,691069,0,test
DDD,2014J,691088,1,calib
DDD,2014J,691202,4,train
DDD,2014J,691207,0,test
DDD,2014J,691212,3,train
DDD,2014J,691257,4,train
DDD,2014J,691428,4,train
DDD,2014J,691444,1,calib
DDD,2014J,691640,3,train
DDD,2014J,691748,0,test
DDD,2014J,691761,1,calib
DDD,2014J,691782,3,train
DDD,2014J,691834,1,calib
DDD,2014J,692426,1,calib
DDD,2014J,692477,1,calib
DDD,2014J,692603,3,train
DDD,2014J,692652,2,train
DDD,2014J,692664,4,train
DDD,2014J,692753,3,train
DDD,2014J,692850,4,train
DDD,2014J,693047,3,train
DDD,2014J,693058,2,train
DDD,2014J,693061,2,train
DDD,2014J,693082,2,train
DDD,2014J,693085,1,calib
DDD,2014J,693145,1,calib
DDD,2014J,693161,1,calib
DDD,2014J,693294,4,train
DDD,2014J,693310,3,train
DDD,2014J,693441,1,calib
DDD,2014J,693452,0,test
DDD,2014J,693468,2,train
DDD,2014J,693488,4,train
DDD,2014J,693501,0,test
DDD,2014J,693565,3,train
DDD,2014J,693569,2,train
DDD,2014J,693606,3,train
DDD,2014J,693863,1,calib
DDD,2014J,693902,2,train
DDD,2014J,693926,0,test
DDD,2014J,694006,0,test
DDD,2014J,694010,2,train
DDD,2014J,694019,4,train
DDD,2014J,694147,3,train
DDD,2014J,694225,0,test
DDD,2014J,694384,1,calib
DDD,2014J,694634,3,train
DDD,2014J,694673,0,test
DDD,2014J,694677,2,train
DDD,2014J,694698,4,train
DDD,2014J,694705,1,calib
DDD,2014J,694753,0,test
DDD,2014J,694802,4,train
DDD,2014J,694871,3,train
DDD,2014J,694872,4,train
DDD,2014J,694976,3,train
DDD,2014J,695183,2,train
DDD,2014J,695201,4,train
DDD,2014J,695270,3,train
DDD,2014J,695432,3,train
DDD,2014J,695473,1,calib
DDD,2014J,695503,1,calib
DDD,2014J,695584,3,train
DDD,2014J,695611,1,calib
DDD,2014J,695643,0,test
DDD,2014J,695651,2,train
DDD,2014J,695735,2,train
DDD,2014J,695739,3,train
DDD,2014J,695759,0,test
DDD,2014J,695794,3,train
DDD,2014J,695799,4,train
DDD,2014J,695916,3,train
DDD,2014J,695956,1,calib
DDD,2014J,696072,1,calib
DDD,2014J,696132,2,train
DDD,2014J,696234,3,train
DDD,2014J,696265,4,train
DDD,2014J,696324,0,test
DDD,2014J,696415,2,train
DDD,2014J,696430,4,train
DDD,2014J,696501,4,train
DDD,2014J,696546,4,train
DDD,2014J,696789,1,calib
DDD,2014J,696807,3,train
DDD,2014J,696826,2,train
DDD,2014J,696937,0,test
DDD,2014J,697045,1,calib
DDD,2014J,697101,3,train
DDD,2014J,697283,0,test
DDD,2014J,697352,0,test
DDD,2014J,697390,2,train
DDD,2014J,697433,4,train
DDD,2014J,697474,4,train
DDD,2014J,697674,3,train
DDD,2014J,697705,4,train
DDD,2014J,697730,0,test
DDD,2014J,697841,3,train
DDD,2014J,697948,4,train
DDD,2014J,698007,3,train
DDD,2014J,698016,0,test
DDD,2014J,698252,3,train
DDD,2014J,698347,3,train
DDD,2014J,698351,2,train
DDD,2014J,698399,3,train
DDD,2014J,699417,3,train
DDD,2014J,1033968,2,train
DDD,2014J,1078701,1,calib
DDD,2014J,1082062,2,train
DDD,2014J,1173473,1,calib
DDD,2014J,1197062,3,train
DDD,2014J,1209065,2,train
DDD,2014J,1360878,4,train
DDD,2014J,1373661,1,calib
DDD,2014J,1380308,3,train
DDD,2014J,1382719,1,calib
DDD,2014J,1438584,2,train
DDD,2014J,1442215,1,calib
DDD,2014J,1459010,3,train
DDD,2014J,1482413,2,train
DDD,2014J,1484626,0,test
DDD,2014J,1492408,4,train
DDD,2014J,1526210,0,test
DDD,2014J,1589066,1,calib
DDD,2014J,1591864,4,train
DDD,2014J,1593730,1,calib
DDD,2014J,1601739,4,train
DDD,2014J,1624025,2,train
DDD,2014J,1661490,4,train
DDD,2014J,1667087,0,test
DDD,2014J,1684787,3,train
DDD,2014J,1687996,3,train
DDD,2014J,1723564,1,calib
DDD,2014J,1733160,2,train
DDD,2014J,1747824,2,train
DDD,2014J,1757548,0,test
DDD,2014J,1774297,3,train
DDD,2014J,1777223,1,calib
DDD,2014J,1782581,3,train
DDD,2014J,1794309,1,calib
DDD,2014J,1804143,2,train
DDD,2014J,1808407,1,calib
DDD,2014J,1811098,0,test
DDD,2014J,1812797,2,train
DDD,2014J,1822731,4,train
DDD,2014J,1832492,0,test
DDD,2014J,1855583,4,train
DDD,2014J,1871306,3,train
DDD,2014J,1876461,2,train
DDD,2014J,1879751,3,train
DDD,2014J,1881062,4,train
DDD,2014J,1901764,2,train
DDD,2014J,1917311,1,calib
DDD,2014J,1925789,2,train
DDD,2014J,1935155,1,calib
DDD,2014J,1935774,4,train
DDD,2014J,1986180,3,train
DDD,2014J,1991049,1,calib
DDD,2014J,1991399,0,test
DDD,2014J,2001461,4,train
DDD,2014J,2008795,1,calib
DDD,2014J,2009279,3,train
DDD,2014J,2014252,0,test
DDD,2014J,2024838,4,train
DDD,2014J,2025354,0,test
DDD,2014J,2025589,2,train
DDD,2014J,2030241,2,train
DDD,2014J,2031234,4,train
DDD,2014J,2032882,2,train
DDD,2014J,2038885,1,calib
DDD,2014J,2039810,0,test
DDD,2014J,2043939,4,train
DDD,2014J,2046628,2,train
DDD,2014J,2055671,2,train
DDD,2014J,2057959,4,train
DDD,2014J,2075945,4,train
DDD,2014J,2082180,0,test
DDD,2014J,2098108,0,test
DDD,2014J,2106468,0,test
DDD,2014J,2111313,2,train
DDD,2014J,2134578,3,train
DDD,2014J,2142243,4,train
DDD,2014J,2143922,1,calib
DDD,2014J,2150849,1,calib
DDD,2014J,2172709,3,train
DDD,2014J,2189620,1,calib
DDD,2014J,2196923,2,train
DDD,2014J,2201235,1,calib
DDD,2014J,2204941,4,train
DDD,2014J,2205559,4,train
DDD,2014J,2216442,1,calib
DDD,2014J,2224174,4,train
DDD,2014J,2226202,1,calib
DDD,2014J,2231512,3,train
DDD,2014J,2232340,4,train
DDD,2014J,2235019,1,calib
DDD,2014J,2257853,4,train
DDD,2014J,2260861,4,train
DDD,2014J,2269148,1,calib
DDD,2014J,2278095,0,test
DDD,2014J,2279403,1,calib
DDD,2014J,2285405,1,calib
DDD,2014J,2285527,3,train
DDD,2014J,2288599,0,test
DDD,2014J,2290604,0,test
DDD,2014J,2305237,4,train
DDD,2014J,2307237,4,train
DDD,2014J,2310615,3,train
DDD,2014J,2314761,0,test
DDD,2014J,2317337,0,test
DDD,2014J,2328759,2,train
DDD,2014J,2333244,3,train
DDD,2014J,2337919,0,test
DDD,2014J,2338290,4,train
DDD,2014J,2339789,0,test
DDD,2014J,2341830,2,train
DDD,2014J,2345307,1,calib
DDD,2014J,2348143,3,train
DDD,2014J,2355701,3,train
DDD,2014J,2357019,1,calib
DDD,2014J,2369962,0,test
DDD,2014J,2391689,4,train
DDD,2014J,2396471,2,train
DDD,2014J,2396643,3,train
DDD,2014J,2398169,0,test
DDD,2014J,2400764,0,test
DDD,2014J,2418277,1,calib
DDD,2014J,2423655,2,train
DDD,2014J,2432655,1,calib
DDD,2014J,2433216,4,train
DDD,2014J,2452111,1,calib
DDD,2014J,2459418,0,test
DDD,2014J,2464683,2,train
DDD,2014J,2471673,0,test
DDD,2014J,2471812,1,calib
DDD,2014J,2476409,4,train
DDD,2014J,2481629,0,test
DDD,2014J,2482085,0,test
DDD,2014J,2484726,3,train
DDD,2014J,2488965,1,calib
DDD,2014J,2494306,2,train
DDD,2014J,2499525,2,train
DDD,2014J,2507993,3,train
DDD,2014J,2509321,4,train
DDD,2014J,2516939,4,train
DDD,2014J,2517387,2,train
DDD,2014J,2524969,4,train
DDD,2014J,2525964,1,calib
DDD,2014J,2527066,0,test
DDD,2014J,2533609,3,train
DDD,2014J,2542116,3,train
DDD,2014J,2542803,3,train
DDD,2014J,2544678,4,train
DDD,2014J,2546595,4,train
DDD,2014J,2556345,3,train
DDD,2014J,2558893,4,train
DDD,2014J,2560520,1,calib
DDD,2014J,2561811,0,test
DDD,2014J,2570274,1,calib
DDD,2014J,2572145,3,train
DDD,2014J,2574453,1,calib
DDD,2014J,2588215,0,test
DDD,2014J,2588655,2,train
DDD,2014J,2590864,4,train
DDD,2014J,2595457,2,train
DDD,2014J,2595526,3,train
DDD,2014J,2595730,1,calib
DDD,2014J,2599883,4,train
DDD,2014J,2600000,2,train
DDD,2014J,2605337,0,test
DDD,2014J,2612069,2,train
DDD,2014J,2612342,3,train
DDD,2014J,2615169,2,train
DDD,2014J,2615956,4,train
DDD,2014J,2622441,0,test
DDD,2014J,2635658,3,train
DDD,2014J,2636552,1,calib
DDD,2014J,2639205,3,train
DDD,2014J,2639339,0,test
DDD,2014J,2641935,4,train
DDD,2014J,2643240,1,calib
DDD,2014J,2646737,0,test
DDD,2014J,2648271,2,train
DDD,2014J,2650337,4,train
DDD,2014J,2653689,3,train
DDD,2014J,2654602,2,train
DDD,2014J,2662152,3,train
DDD,2014J,2668945,1,calib
DDD,2014J,2672908,4,train
DDD,2014J,2675393,3,train
DDD,2014J,2677210,2,train
DDD,2014J,2678380,2,train
DDD,2014J,2680988,1,calib
DDD,2014J,2681782,3,train
DDD,2014J,2684043,4,train
DDD,2014J,2685863,4,train
DDD,2014J,2689863,4,train
DDD,2014J,2698109,2,train
DDD,2014J,2716795,0,test
EEE,2013J,26915,4,train
EEE,2013J,32553,0,test
EEE,2013J,35355,1,calib
EEE,2013J,40508,4,train
EEE,2013J,42638,2,train
EEE,2013J,43564,1,calib
EEE,2013J,54062,3,train
EEE,2013J,63112,3,train
EEE,2013J,66713,0,test
EEE,2013J,70214,0,test
EEE,2013J,76579,2,train
EEE,2013J,88568,0,test
EEE,2013J,96873,0,test
EEE,2013J,100758,3,train
EEE,2013J,101414,0,test
EEE,2013J,105168,1,calib
EEE,2013J,107339,4,train
EEE,2013J,110461,0,test
EEE,2013J,111383,4,train
EEE,2013J,113698,4,train
EEE,2013J,113824,1,calib
EEE,2013J,117197,0,test
EEE,2013J,125619,4,train
EEE,2013J,126337,1,calib
EEE,2013J,128929,4,train
EEE,2013J,132123,2,train
EEE,2013J,134982,1,calib
EEE,2013J,140060,1,calib
EEE,2013J,140518,2,train
EEE,2013J,141301,4,train
EEE,2013J,143711,2,train
EEE,2013J,144448,4,train
EEE,2013J,146125,2,train
EEE,2013J,146974,0,test
EEE,2013J,153788,4,train
EEE,2013J,160536,4,train
EEE,2013J,164968,0,test
EEE,2013J,165509,3,train
EEE,2013J,171107,2,train
EEE,2013J,173710,3,train
EEE,2013J,173834,3,train
EEE,2013J,174010,4,train
EEE,2013J,176086,0,test
EEE,2013J,188273,3,train
EEE,2013J,189629,1,calib
EEE,2013J,191000,3,train
EEE,2013J,195234,3,train
EEE,2013J,197486,3,train
EEE,2013J,197730,2,train
EEE,2013J,200095,2,train
EEE,2013J,202677,4,train
EEE,2013J,205425,2,train
EEE,2013J,227192,4,train
EEE,2013J,227811,3,train
EEE,2013J,231673,4,train
EEE,2013J,233311,0,test
EEE,2013J,233771,4,train
EEE,2013J,234311,1,calib
EEE,2013J,238249,4,train
EEE,2013J,242778,0,test
EEE,2013J,242858,2,train
EEE,2013J,245316,1,calib
EEE,2013J,245494,2,train
EEE,2013J,245605,3,train
EEE,2013J,246060,4,train
EEE,2013J,248734,3,train
EEE,2013J,250047,0,test
EEE,2013J,255449,3,train
EEE,2013J,259662,2,train
EEE,2013J,265769,3,train
EEE,2013J,266915,2,train
EEE,2013J,269764,1,calib
EEE,2013J,270638,3,train
EEE,2013J,275162,3,train
EEE,2013J,278786,3,train
EEE,2013J,280017,1,calib
EEE,2013J,281656,3,train
EEE,2013J,282585,0,test
EEE,2013J,283133,3,train
EEE,2013J,283811,0,test
EEE,2013J,286262,1,calib
EEE,2013J,286527,0,test
EEE,2013J,288282,4,train
EEE,2013J,288769,4,train
EEE,2013J,290382,3,train
EEE,2013J,297853,2,train
EEE,2013J,300592,2,train
EEE,2013J,305036,4,train
EEE,2013J,305783,2,train
EEE,2013J,306150,2,train
EEE,2013J,311845,0,test
EEE,2013J,313501,0,test
EEE,2013J,324332,3,train
EEE,2013J,328844,3,train
EEE,2013J,328942,2,train
EEE,2013J,329673,1,calib
EEE,2013J,330354,1,calib
EEE,2013J,330530,2,train
EEE,2013J,330937,3,train
EEE,2013J,333493,1,calib
EEE,2013J,333976,4,train
EEE,2013J,334154,3,train
EEE,2013J,336277,2,train
EEE,2013J,336402,2,train
EEE,2013J,338894,1,calib
EEE,2013J,339353,2,train
EEE,2013J,339640,0,test
EEE,2013J,339785,2,train
EEE,2013J,342962,4,train
EEE,2013J,343543,2,train
EEE,2013J,344676,0,test
EEE,2013J,347518,4,train
EEE,2013J,348351,4,train
EEE,2013J,348655,1,calib
EEE,2013J,348708,0,test
EEE,2013J,355205,1,calib
EEE,2013J,356568,2,train
EEE,2013J,357493,2,train
EEE,2013J,359590,2,train
EEE,2013J,363939,3,train
EEE,2013J,365222,3,train
EEE,2013J,365405,0,test
EEE,2013J,365762,2,train
EEE,2013J,368483,0,test
EEE,2013J,369119,1,calib
EEE,2013J,374192,1,calib
EEE,2013J,374739,0,test
EEE,2013J,378920,3,train
EEE,2013J,379528,2,train
EEE,2013J,384797,3,train
EEE,2013J,387537,1,calib
EEE,2013J,387648,4,train
EEE,2013J,388252,1,calib
EEE,2013J,388912,0,test
EEE,2013J,388923,3,train
EEE,2013J,390029,4,train
EEE,2013J,391466,0,test
EEE,2013J,392250,0,test
EEE,2013J,392994,2,train
EEE,2013J,394060,0,test
EEE,2013J,396631,0,test
EEE,2013J,397149,4,train
EEE,2013J,397557,1,calib
EEE,2013J,397797,4,train
EEE,2013J,398877,1,calib
EEE,2013J,400208,1,calib
EEE,2013J,401011,4,train
EEE,2013J,401296,0,test
EEE,2013J,402808,4,train
EEE,2013J,404050,2,train
EEE,2013J,404449,3,train
EEE,2013J,406121,2,train
EEE,2013J,406549,3,train
EEE,2013J,407453,0,test
EEE,2013J,407876,3,train
EEE,2013J,411381,1,calib
EEE,2013J,412911,2,train
EEE,2013J,413190,2,train
EEE,2013J,413702,4,train
EEE,2013J,416420,2,train
EEE,2013J,417724,0,test
EEE,2013J,418900,3,train
EEE,2013J,419223,4,train
EEE,2013J,420173,0,test
EEE,2013J,425274,3,train
EEE,2013J,425714,2,train
EEE,2013J,427413,0,test
EEE,2013J,431014,3,train
EEE,2013J,434562,1,calib
EEE,2013J,434573,2,train
EEE,2013J,434759,4,train
EEE,2013J,435277,0,test
EEE,2013J,438283,3,train
EEE,2013J,440610,3,train
EEE,2013J,441540,1,calib
EEE,2013J,441858,3,train
EEE,2013J,442807,4,train
EEE,2013J,442937,3,train
EEE,2013J,443181,0,test
EEE,2013J,444403,0,test
EEE,2013J,444925,1,calib
EEE,2013J,445972,4,train
EEE,2013J,446324,0,test
EEE,2013J,446397,2,train
EEE,2013J,465392,0,test
EEE,2013J,465564,3,train
EEE,2013J,465619,4,train
EEE,2013J,465777,2,train
EEE,2013J,465845,1,calib
EEE,2013J,466430,2,train
EEE,2013J,466961,3,train
EEE,2013J,467302,0,test
EEE,2013J,467363,1,calib
EEE,2013J,468902,0,test
EEE,2013J,469113,3,train
EEE,2013J,469281,4,train
EEE,2013J,469959,0,test
EEE,2013J,470002,2,train
EEE,2013J,470534,1,calib
EEE,2013J,470674,1,calib
EEE,2013J,471580,0,test
EEE,2013J,472087,2,train
EEE,2013J,472290,2,train
EEE,2013J,472336,0,test
EEE,2013J,472857,4,train
EEE,2013J,473706,3,train
EEE,2013J,473739,1,calib
EEE,2013J,473943,4,train
EEE,2013J,475370,4,train
EEE,2013J,475893,3,train
EEE,2013J,478212,2,train
EEE,2013J,478435,4,train
EEE,2013J,478562,3,train
EEE,2013J,479753,0,test
EEE,2013J,480115,1,calib
EEE,2013J,481934,0,test
EEE,2013J,482012,1,calib
EEE,2013J,482406,2,train
EEE,2013J,482726,3,train
EEE,2013J,483108,0,test
EEE,2013J,483706,3,train
EEE,2013J,484361,2,train
EEE,2013J,485374,0,test
EEE,2013J,485582,3,train
EEE,2013J,485898,0,test
EEE,2013J,485909,3,train
EEE,2013J,486545,0,test
EEE,2013J,486964,3,train
EEE,2013J,487588,3,train
EEE,2013J,487621,2,train
EEE,2013J,490081,3,train
EEE,2013J,490327,1,calib
EEE,2013J,490768,3,train
EEE,2013J,491578,1,calib
EEE,2013J,491771,0,test
EEE,2013J,493743,3,train
EEE,2013J,493876,1,calib
EEE,2013J,493988,0,test
EEE,2013J,494211,4,train
EEE,2013J,494383,4,train
EEE,2013J,495887,4,train
EEE,2013J,499400,3,train
EEE,2013J,499881,2,train
EEE,2013J,500189,0,test
EEE,2013J,500779,2,train
EEE,2013J,501918,1,calib
EEE,2013J,501921,2,train
EEE,2013J,502303,4,train
EEE,2013J,502393,4,train
EEE,2013J,502479,0,test
EEE,2013J,502833,2,train
EEE,2013J,503015,4,train
EEE,2013J,504404,2,train
EEE,2013J,504492,4,train
EEE,2013J,505700,2,train
EEE,2013J,505722,3,train
EEE,2013J,505727,4,train
EEE,2013J,506504,4,train
EEE,2013J,506618,2,train
EEE,2013J,507300,4,train
EEE,2013J,507375,0,test
EEE,2013J,507844,3,train
EEE,2013J,508244,3,train
EEE,2013J,508829,0,test
EEE,2013J,509156,1,calib
EEE,2013J,509402,3,train
EEE,2013J,510169,1,calib
EEE,2013J,510401,3,train
EEE,2013J,510460,0,test
EEE,2013J,510694,4,train
EEE,2013J,512693,0,test
EEE,2013J,514040,4,train
EEE,2013J,515774,3,train
EEE,2013J,515821,2,train
EEE,2013J,516047,1,calib
EEE,2013J,518805,2,train
EEE,2013J,518906,0,test
EEE,2013J,519258,3,train
EEE,2013J,519684,4,train
EEE,2013J,520337,0,test
EEE,2013J,521542,0,test
EEE,2013J,522484,3,train
EEE,2013J,522994,1,calib
EEE,2013J,523169,2,train
EEE,2013J,524631,1,calib
EEE,2013J,525246,3,train
EEE,2013J,525703,2,train
EEE,2013J,526051,1,calib
EEE,2013J,526073,4,train
EEE,2013J,528021,3,train
EEE,2013J,528083,4,train
EEE,2013J,528961,2,train
EEE,2013J,529503,2,train
EEE,2013J,529509,3,train
EEE,2013J,529512,4,train
EEE,2013J,530172,0,test
EEE,2013J,530360,4,train
EEE,2013J,530765,4,train
EEE,2013J,531097,2,train
EEE,2013J,532491,2,train
EEE,2013J,533012,3,train
EEE,2013J,533311,0,test
EEE,2013J,534371,2,train
EEE,2013J,535259,1,calib
EEE,2013J,537929,2,train
EEE,2013J,538040,1,calib
EEE,2013J,538887,0,test
EEE,2013J,539063,2,train
EEE,2013J,539695,1,calib
EEE,2013J,539775,4,train
EEE,2013J,539990,3,train
EEE,2013J,541040,4,train
EEE,2013J,541174,3,train
EEE,2013J,543417,4,train
EEE,2013J,543474,0,test
EEE,2013J,543576,1,calib
EEE,2013J,544383,1,calib
EEE,2013J,544791,1,calib
EEE,2013J,545740,2,train
EEE,2013J,545758,1,calib
EEE,2013J,546604,2,train
EEE,2013J,547173,4,train
EEE,2013J,547424,2,train
EEE,2013J,548861,0,test
EEE,2013J,548992,1,calib
EEE,2013J,548994,3,train
EEE,2013J,549139,0,test
EEE,2013J,549262,3,train
EEE,2013J,549681,1,calib
EEE,2013J,549960,3,train
EEE,2013J,550025,3,train
EEE,2013J,550059,0,test
EEE,2013J,550393,4,train
EEE,2013J,551017,3,train
EEE,2013J,551182,4,train
EEE,2013J,551430,3,train
EEE,2013J,552485,4,train
EEE,2013J,552795,2,train
EEE,2013J,553568,2,train
EEE,2013J,553943,3,train
EEE,2013J,554052,0,test
EEE,2013J,554132,4,train
EEE,2013J,554235,1,calib
EEE,2013J,554459,3,train
EEE,2013J,554583,4,train
EEE,2013J,554999,2,train
EEE,2013J,555020,3,train
EEE,2013J,555228,4,train
EEE,2013J,555447,3,train
EEE,2013J,555925,2,train
EEE,2013J,556109,3,train
EEE,2013J,556177,1,calib
EEE,2013J,556211,2,train
EEE,2013J,556231,4,train
EEE,2013J,556450,4,train
EEE,2013J,556521,4,train
EEE,2013J,556645,2,train
EEE,2013J,556709,3,train
EEE,2013J,556742,0,test
EEE,2013J,556836,0,test
EEE,2013J,557147,0,test
EEE,2013J,557415,0,test
EEE,2013J,557490,1,calib
EEE,2013J,558054,0,test
EEE,2013J,558444,2,train
EEE,2013J,558463,3,train
EEE,2013J,559519,4,train
EEE,2013J,559551,3,train
EEE,2013J,559617,3,train
EEE,2013J,559645,0,test
EEE,2013J,559758,3,train
EEE,2013J,559912,1,calib
EEE,2013J,560326,4,train
EEE,2013J,560502,0,test
EEE,2013J,560723,0,test
EEE,2013J,560734,3,train
EEE,2013J,560784,2,train
EEE,2013J,560876,1,calib
EEE,2013J,560924,0,test
EEE,2013J,560928,4,train
EEE,2013J,561054,1,calib
EEE,2013J,561192,4,train
EEE,2013J,561208,3,train
EEE,2013J,561519,4,train
EEE,2013J,561740,3,train
EEE,2013J,561787,4,train
EEE,2013J,561826,4,train
EEE,2013J,562315,1,calib
EEE,2013J,562675,3,train
EEE,2013J,563418,0,test
EEE,2013J,563666,0,test
EEE,2013J,563967,2,train
EEE,2013J,563990,3,train
EEE,2013J,564444,3,train
EEE,2013J,564700,1,calib
EEE,2013J,564714,1,calib
EEE,2013J,564894,4,train
EEE,2013J,565275,1,calib
EEE,2013J,565561,2,train
EEE,2013J,565883,1,calib
EEE,2013J,566071,0,test
EEE,2013J,566201,4,train
EEE,2013J,566306,4,train
EEE,2013J,566310,0,test
EEE,2013J,566664,2,train
EEE,2013J,566970,0,test
EEE,2013J,567752,1,calib
EEE,2013J,567779,3,train
EEE,2013J,567892,3,train
EEE,2013J,567950,2,train
EEE,2013J,568751,0,test
EEE,2013J,568813,3,train
EEE,2013J,569342,1,calib
EEE,2013J,569358,2,train
EEE,2013J,569560,4,train
EEE,2013J,569694,2,train
EEE,2013J,569706,3,train
EEE,2013J,570377,4,train
EEE,2013J,570414,3,train
EEE,2013J,570448,0,test
EEE,2013J,570453,1,calib
EEE,2013J,570488,4,train
EEE,2013J,570626,4,train
EEE,2013J,571186,0,test
EEE,2013J,571443,1,calib
EEE,2013J,571448,2,train
EEE,2013J,571595,4,train
EEE,2013J,571610,1,calib
EEE,2013J,571617,0,test
EEE,2013J,571620,3,train
EEE,2013J,571686,3,train
EEE,2013J,571710,2,train
EEE,2013J,571711,3,train
EEE,2013J,571754,3,train
EEE,2013J,571818,1,calib
EEE,2013J,571963,2,train
EEE,2013J,571992,3,train
EEE,2013J,572021,4,train
EEE,2013J,572024,3,train
EEE,2013J,572080,3,train
EEE,2013J,572146,1,calib
EEE,2013J,572154,3,train
EEE,2013J,572168,4,train
EEE,2013J,572186,4,train
EEE,2013J,572279,3,train
EEE,2013J,572303,3,train
EEE,2013J,572396,3,train
EEE,2013J,572403,0,test
EEE,2013J,572515,2,train
EEE,2013J,572570,0,test
EEE,2013J,572602,4,train
EEE,2013J,572658,0,test
EEE,2013J,572659,1,calib
EEE,2013J,572891,1,calib
EEE,2013J,572944,1,calib
EEE,2013J,573110,1,calib
EEE,2013J,573153,4,train
EEE,2013J,573200,4,train
EEE,2013J,573214,0,test
EEE,2013J,573242,2,train
EEE,2013J,573244,3,train
EEE,2013J,573292,0,test
EEE,2013J,573336,0,test
EEE,2013J,573377,3,train
EEE,2013J,573440,2,train
EEE,2013J,573462,2,train
EEE,2013J,573547,1,calib
EEE,2013J,573550,3,train
EEE,2013J,573593,1,calib
EEE,2013J,573662,3,train
EEE,2013J,573701,2,train
EEE,2013J,573742,3,train
EEE,2013J,573920,3,train
EEE,2013J,573944,3,train
EEE,2013J,574038,2,train
EEE,2013J,574101,1,calib
EEE,2013J,574259,1,calib
EEE,2013J,574399,3,train
EEE,2013J,574507,2,train
EEE,2013J,574586,4,train
EEE,2013J,574608,2,train
EEE,2013J,574670,1,calib
EEE,2013J,574830,1,calib
EEE,2013J,574888,2,train
EEE,2013J,574983,0,test
EEE,2013J,575047,3,train
EEE,2013J,575166,3,train
EEE,2013J,575208,1,calib
EEE,2013J,575241,0,test
EEE,2013J,575318,0,test
EEE,2013J,575336,2,train
EEE,2013J,575343,0,test
EEE,2013J,575401,4,train
EEE,2013J,575419,2,train
EEE,2013J,575469,3,train
EEE,2013J,575545,2,train
EEE,2013J,575553,3,train
EEE,2013J,575601,2,train
EEE,2013J,575703,3,train
EEE,2013J,575733,1,calib
EEE,2013J,575745,2,train
EEE,2013J,575762,0,test
EEE,2013J,575763,3,train
EEE,2013J,575764,4,train
EEE,2013J,576036,0,test
EEE,2013J,576191,2,train
EEE,2013J,576202,4,train
EEE,2013J,576292,1,calib
EEE,2013J,576298,2,train
EEE,2013J,576301,4,train
EEE,2013J,576405,3,train
EEE,2013J,576409,4,train
EEE,2013J,576439,1,calib
EEE,2013J,576481,1,calib
EEE,2013J,576516,3,train
EEE,2013J,576606,1,calib
EEE,2013J,576631,1,calib
EEE,2013J,576750,3,train
EEE,2013J,576834,1,calib
EEE,2013J,576909,3,train
EEE,2013J,576962,3,train
EEE,2013J,577148,0,test
EEE,2013J,577235,2,train
EEE,2013J,577352,3,train
EEE,2013J,577427,4,train
EEE,2013J,577551,4,train
EEE,2013J,577560,1,calib
EEE,2013J,577603,1,calib
EEE,2013J,577686,4,train
EEE,2013J,577735,2,train
EEE,2013J,577784,2,train
EEE,2013J,577887,3,train
EEE,2013J,577995,0,test
EEE,2013J,578000,2,train
EEE,2013J,578034,4,train
EEE,2013J,578056,1,calib
EEE,2013J,578438,0,test
EEE,2013J,578450,3,train
EEE,2013J,578472,3,train
EEE,2013J,578623,3,train
EEE,2013J,578654,3,train
EEE,2013J,578722,1,calib
EEE,2013J,578725,2,train
EEE,2013J,578736,3,train
EEE,2013J,578820,0,test
EEE,2013J,579011,3,train
EEE,2013J,579027,4,train
EEE,2013J,579098,4,train
EEE,2013J,579130,2,train
EEE,2013J,579199,3,train
EEE,2013J,579206,1,calib
EEE,2013J,579321,3,train
EEE,2013J,579340,2,train
EEE,2013J,579343,4,train
EEE,2013J,579499,1,calib
EEE,2013J,579604,2,train
EEE,2013J,579723,3,train
EEE,2013J,580372,4,train
EEE,2013J,580689,2,train
EEE,2013J,580719,3,train
EEE,2013J,580774,3,train
EEE,2013J,580970,2,train
EEE,2013J,581011,4,train
EEE,2013J,581047,3,train
EEE,2013J,581123,3,train
EEE,2013J,581179,4,train
EEE,2013J,581234,3,train
EEE,2013J,581340,3,train
EEE,2013J,581438,1,calib
EEE,2013J,581439,2,train
EEE,2013J,581453,3,train
EEE,2013J,581533,4,train
EEE,2013J,581708,4,train
EEE,2013J,581716,0,test
EEE,2013J,581744,3,train
EEE,2013J,581914,2,train
EEE,2013J,582087,0,test
EEE,2013J,582170,2,train
EEE,2013J,582514,0,test
EEE,2013J,582723,3,train
EEE,2013J,582768,1,calib
EEE,2013J,582827,4,train
EEE,2013J,582913,0,test
EEE,2013J,582983,0,test
EEE,2013J,583032,0,test
EEE,2013J,583052,0,test
EEE,2013J,583186,0,test
EEE,2013J,583192,1,calib
EEE,2013J,583238,3,train
EEE,2013J,583427,4,train
EEE,2013J,583714,4,train
EEE,2013J,583833,4,train
EEE,2013J,583839,3,train
EEE,2013J,583844,1,calib
EEE,2013J,583855,2,train
EEE,2013J,583933,1,calib
EEE,2013J,584115,1,calib
EEE,2013J,584191,1,calib
EEE,2013J,584386,0,test
EEE,2013J,584414,4,train
EEE,2013J,584443,2,train
EEE,2013J,584444,3,train
EEE,2013J,584514,1,calib
EEE,2013J,584553,3,train
EEE,2013J,584567,0,test
EEE,2013J,584913,2,train
EEE,2013J,584923,4,train
EEE,2013J,585011,2,train
EEE,2013J,585056,1,calib
EEE,2013J,585279,3,train
EEE,2013J,585433,2,train
EEE,2013J,585455,1,calib
EEE,2013J,585464,4,train
EEE,2013J,585471,1,calib
EEE,2013J,585681,4,train
EEE,2013J,585758,2,train
EEE,2013J,585769,1,calib
EEE,2013J,585837,0,test
EEE,2013J,586046,1,calib
EEE,2013J,586047,0,test
EEE,2013J,586060,3,train
EEE,2013J,586132,2,train
EEE,2013J,586137,4,train
EEE,2013J,586236,1,calib
EEE,2013J,586261,0,test
EEE,2013J,586314,1,calib
EEE,2013J,586473,2,train
EEE,2013J,586476,3,train
EEE,2013J,586587,2,train
EEE,2013J,586621,1,calib
EEE,2013J,586668,4,train
EEE,2013J,586716,0,test
EEE,2013J,586750,0,test
EEE,2013J,586838,2,train
EEE,2013J,586921,1,calib
EEE,2013J,586962,1,calib
EEE,2013J,586979,4,train
EEE,2013J,587014,0,test
EEE,2013J,587122,3,train
EEE,2013J,587226,4,train
EEE,2013J,587319,1,calib
EEE,2013J,587346,0,test
EEE,2013J,587382,2,train
EEE,2013J,587547,1,calib
EEE,2013J,587616,4,train
EEE,2013J,587621,1,calib
EEE,2013J,587677,3,train
EEE,2013J,587682,0,test
EEE,2013J,587714,1,calib
EEE,2013J,587884,0,test
EEE,2013J,587906,1,calib
EEE,2013J,587911,4,train
EEE,2013J,588125,2,train
EEE,2013J,588231,3,train
EEE,2013J,588280,0,test
EEE,2013J,588383,3,train
EEE,2013J,588402,4,train
EEE,2013J,588442,3,train
EEE,2013J,588502,1,calib
EEE,2013J,588524,0,test
EEE,2013J,588583,2,train
EEE,2013J,588628,2,train
EEE,2013J,588676,1,calib
EEE,2013J,588694,1,calib
EEE,2013J,588706,0,test
EEE,2013J,588710,3,train
EEE,2013J,588835,3,train
EEE,2013J,588852,2,train
EEE,2013J,588942,3,train
EEE,2013J,588974,1,calib
EEE,2013J,589018,3,train
EEE,2013J,589023,0,test
EEE,2013J,589055,0,test
EEE,2013J,589211,0,test
EEE,2013J,589327,2,train
EEE,2013J,589380,1,calib
EEE,2013J,589472,0,test
EEE,2013J,589484,2,train
EEE,2013J,589506,0,test
EEE,2013J,589517,4,train
EEE,2013J,589555,0,test
EEE,2013J,589799,0,test
EEE,2013J,589856,4,train
EEE,2013J,589894,3,train
EEE,2013J,589902,4,train
EEE,2013J,590017,4,train
EEE,2013J,590072,2,train
EEE,2013J,590436,1,calib
EEE,2013J,590626,4,train
EEE,2013J,590744,4,train
EEE,2013J,590877,3,train
EEE,2013J,590882,0,test
EEE,2013J,590942,4,train
EEE,2013J,590961,2,train
EEE,2013J,591021,1,calib
EEE,2013J,591165,2,train
EEE,2013J,591178,3,train
EEE,2013J,591375,1,calib
EEE,2013J,591388,2,train
EEE,2013J,591398,3,train
EEE,2013J,591424,3,train
EEE,2013J,591566,4,train
EEE,2013J,591719,3,train
EEE,2013J,591869,2,train
EEE,2013J,591942,0,test
EEE,2013J,591944,1,calib
EEE,2013J,591958,3,train
EEE,2013J,591995,2,train
EEE,2013J,592003,3,train
EEE,2013J,592051,2,train
EEE,2013J,592172,2,train
EEE,2013J,592250,0,test
EEE,2013J,592581,0,test
EEE,2013J,592609,4,train
EEE,2013J,592787,2,train
EEE,2013J,592791,0,test
EEE,2013J,592842,0,test
EEE,2013J,592895,1,calib
EEE,2013J,592961,1,calib
EEE,2013J,592997,1,calib
EEE,2013J,593348,4,train
EEE,2013J,593362,0,test
EEE,2013J,593400,3,train
EEE,2013J,593487,0,test
EEE,2013J,593534,0,test
EEE,2013J,593587,3,train
EEE,2013J,593787,3,train
EEE,2013J,593845,1,calib
EEE,2013J,593924,2,train
EEE,2013J,594111,4,train
EEE,2013J,594157,4,train
EEE,2013J,594199,3,train
EEE,2013J,594233,4,train
EEE,2013J,594246,4,train
EEE,2013J,594399,4,train
EEE,2013J,594431,4,train
EEE,2013J,594452,2,train
EEE,2013J,594458,2,train
EEE,2013J,594517,2,train
EEE,2013J,594602,4,train
EEE,2013J,594755,1,calib
EEE,2013J,594851,3,train
EEE,2013J,594864,4,train
EEE,2013J,594976,4,train
EEE,2013J,595077,1,calib
EEE,2013J,595100,0,test
EEE,2013J,595182,0,test
EEE,2013J,595189,2,train
EEE,2013J,595244,0,test
EEE,2013J,595362,2,train
EEE,2013J,595453,4,train
EEE,2013J,595492,4,train
EEE,2013J,595515,0,test
EEE,2013J,595553,1,calib
EEE,2013J,595781,3,train
EEE,2013J,595938,3,train
EEE,2013J,595990,0,test
EEE,2013J,596002,3,train
EEE,2013J,596137,0,test
EEE,2013J,596319,2,train
EEE,2013J,596321,3,train
EEE,2013J,596361,3,train
EEE,2013J,596404,3,train
EEE,2013J,596432,3,train
EEE,2013J,596526,0,test
EEE,2013J,596614,1,calib
EEE,2013J,596676,4,train
EEE,2013J,596789,0,test
EEE,2013J,596812,3,train
EEE,2013J,596931,0,test
EEE,2013J,597181,2,train
EEE,2013J,597206,4,train
EEE,2013J,597319,0,test
EEE,2013J,597335,3,train
EEE,2013J,597363,2,train
EEE,2013J,597376,0,test
EEE,2013J,597459,2,train
EEE,2013J,597573,4,train
EEE,2013J,597948,4,train
EEE,2013J,598028,1,calib
EEE,2013J,598074,4,train
EEE,2013J,598321,1,calib
EEE,2013J,598547,1,calib
EEE,2013J,598662,0,test
EEE,2013J,598809,1,calib
EEE,2013J,598819,2,train
EEE,2013J,598821,3,train
EEE,2013J,598924,0,test
EEE,2013J,598963,2,train
EEE,2013J,598973,0,test
EEE,2013J,599176,3,train
EEE,2013J,599263,4,train
EEE,2013J,599284,0,test
EEE,2013J,599452,0,test
EEE,2013J,599478,2,train
EEE,2013J,599479,3,train
EEE,2013J,599520,1,calib
EEE,2013J,599542,0,test
EEE,2013J,599547,1,calib
EEE,2013J,599588,3,train
EEE,2013J,599768,0,test
EEE,2013J,599893,1,calib
EEE,2013J,599902,1,calib
EEE,2013J,599942,3,train
EEE,2013J,599958,2,train
EEE,2013J,599982,0,test
EEE,2013J,600071,3,train
EEE,2013J,600077,0,test
EEE,2013J,600127,4,train
EEE,2013J,600142,3,train
EEE,2013J,600187,4,train
EEE,2013J,600198,0,test
EEE,2013J,600335,0,test
EEE,2013J,600350,1,calib
EEE,2013J,600509,2,train
EEE,2013J,600547,4,train
EEE,2013J,600623,2,train
EEE,2013J,600816,0,test
EEE,2013J,600869,0,test
EEE,2013J,600916,1,calib
EEE,2013J,600938,2,train
EEE,2013J,600945,4,train
EEE,2013J,600978,0,test
EEE,2013J,601054,0,test
EEE,2013J,601157,4,train
EEE,2013J,601175,1,calib
EEE,2013J,601182,3,train
EEE,2013J,601223,2,train
EEE,2013J,601224,3,train
EEE,2013J,601248,4,train
EEE,2013J,601370,1,calib
EEE,2013J,601407,2,train
EEE,2013J,601433,0,test
EEE,2013J,601653,1,calib
EEE,2013J,601757,4,train
EEE,2013J,601827,2,train
EEE,2013J,601873,2,train
EEE,2013J,602007,3,train
EEE,2013J,602037,4,train
EEE,2013J,602133,1,calib
EEE,2013J,602233,4,train
EEE,2013J,602244,0,test
EEE,2013J,602268,2,train
EEE,2013J,602269,3,train
EEE,2013J,602275,4,train
EEE,2013J,602288,1,calib
EEE,2013J,602389,4,train
EEE,2013J,602398,3,train
EEE,2013J,602424,1,calib
EEE,2013J,602659,4,train
EEE,2013J,602663,0,test
EEE,2013J,602703,3,train
EEE,2013J,602718,0,test
EEE,2013J,602816,4,train
EEE,2013J,602827,4,train
EEE,2013J,602944,3,train
EEE,2013J,603053,4,train
EEE,2013J,603222,1,calib
EEE,2013J,603309,1,calib
EEE,2013J,603357,0,test
EEE,2013J,603455,2,train
EEE,2013J,603477,1,calib
EEE,2013J,603503,2,train
EEE,2013J,603565,4,train
EEE,2013J,603639,1,calib
EEE,2013J,604050,4,train
EEE,2013J,604378,3,train
EEE,2013J,604393,3,train
EEE,2013J,604517,3,train
EEE,2013J,604685,1,calib
EEE,2013J,604875,1,calib
EEE,2013J,604906,0,test
EEE,2013J,605111,1,calib
EEE,2013J,605180,3,train
EEE,2013J,605262,3,train
EEE,2013J,605264,2,train
EEE,2013J,605361,3,train
EEE,2013J,605480,4,train
EEE,2013J,605545,3,train
EEE,2013J,605587,1,calib
EEE,2013J,605908,0,test
EEE,2013J,605926,4,train
EEE,2013J,606047,2,train
EEE,2013J,606190,2,train
EEE,2013J,606206,2,train
EEE,2013J,606303,4,train
EEE,2013J,606373,3,train
EEE,2013J,606606,1,calib
EEE,2013J,606724,3,train
EEE,2013J,606743,1,calib
EEE,2013J,606918,1,calib
EEE,2013J,607060,0,test
EEE,2013J,607085,1,calib
EEE,2013J,607143,2,train
EEE,2013J,607178,4,train
EEE,2013J,607442,2,train
EEE,2013J,607600,0,test
EEE,2013J,607609,3,train
EEE,2013J,607636,2,train
EEE,2013J,607814,3,train
EEE,2013J,607835,4,train
EEE,2013J,607883,2,train
EEE,2013J,607947,4,train
EEE,2013J,608024,2,train
EEE,2013J,608130,0,test
EEE,2013J,608243,2,train
EEE,2013J,608459,1,calib
EEE,2013J,608472,4,train
EEE,2013J,608504,2,train
EEE,2013J,608591,0,test
EEE,2013J,608669,3,train
EEE,2013J,608744,2,train
EEE,2013J,608884,3,train
EEE,2013J,608967,1,calib
EEE,2013J,609025,3,train
EEE,2013J,609192,0,test
EEE,2013J,609490,0,test
EEE,2013J,609527,4,train
EEE,2013J,609583,2,train
EEE,2013J,609682,2,train
EEE,2013J,609748,3,train
EEE,2013J,610025,2,train
EEE,2013J,610143,0,test
EEE,2013J,610158,1,calib
EEE,2013J,610188,3,train
EEE,2013J,610453,1,calib
EEE,2013J,610503,0,test
EEE,2013J,610549,4,train
EEE,2013J,610575,1,calib
EEE,2013J,610695,3,train
EEE,2013J,610855,0,test
EEE,2013J,610873,1,calib
EEE,2013J,610888,4,train
EEE,2013J,610979,3,train
EEE,2013J,611033,3,train
EEE,2013J,611049,2,train
EEE,2013J,611062,2,train
EEE,2013J,611202,0,test
EEE,2013J,611206,1,calib
EEE,2013J,611255,3,train
EEE,2013J,611344,2,train
EEE,2013J,611402,2,train
EEE,2013J,611405,4,train
EEE,2013J,611561,1,calib
EEE,2013J,611564,0,test
EEE,2013J,611565,3,train
EEE,2013J,611639,4,train
EEE,2013J,612048,0,test
EEE,2013J,612177,3,train
EEE,2013J,612183,4,train
EEE,2013J,612187,1,calib
EEE,2013J,612191,4,train
EEE,2013J,612199,2,train
EEE,2013J,943374,3,train
EEE,2013J,965763,3,train
EEE,2013J,991843,4,train
EEE,2013J,1053702,1,calib
EEE,2013J,1073766,3,train
EEE,2013J,1400592,3,train
EEE,2013J,1487084,3,train
EEE,2013J,1529371,2,train
EEE,2013J,1541906,4,train
EEE,2013J,1561750,2,train
EEE,2013J,1567505,1,calib
EEE,2013J,1622944,0,test
EEE,2013J,1638548,3,train
EEE,2013J,1667346,1,calib
EEE,2013J,1725109,0,test
EEE,2013J,1762336,3,train
EEE,2013J,1781834,3,train
EEE,2013J,1837015,3,train
EEE,2013J,1850818,1,calib
EEE,2013J,1861793,4,train
EEE,2013J,1896088,3,train
EEE,2013J,1902240,3,train
EEE,2013J,1915408,0,test
EEE,2013J,1924641,3,train
EEE,2013J,1930644,3,train
EEE,2013J,1951925,2,train
EEE,2013J,1954230,1,calib
EEE,2013J,1976350,4,train
EEE,2013J,1991903,1,calib
EEE,2013J,1993955,2,train
EEE,2013J,1994610,3,train
EEE,2013J,1995239,1,calib
EEE,2013J,1995532,2,train
EEE,2013J,2028474,4,train
EEE,2013J,2033951,3,train
EEE,2013J,2046324,1,calib
EEE,2013J,2056643,4,train
EEE,2013J,2080916,1,calib
EEE,2013J,2094849,1,calib
EEE,2013J,2109119,2,train
EEE,2013J,2115680,3,train
EEE,2013J,2128283,3,train
EEE,2013J,2134237,2,train
EEE,2013J,2134304,3,train
EEE,2013J,2137413,0,test
EEE,2013J,2138146,3,train
EEE,2013J,2171834,1,calib
EEE,2013J,2187588,0,test
EEE,2013J,2198356,0,test
EEE,2013J,2199455,3,train
EEE,2013J,2252437,0,test
EEE,2013J,2255516,2,train
EEE,2013J,2274938,1,calib
EEE,2013J,2326597,2,train
EEE,2013J,2331750,1,calib
EEE,2013J,2384615,2,train
EEE,2013J,2389754,3,train
EEE,2013J,2408307,2,train
EEE,2013J,2418732,3,train
EEE,2013J,2435050,1,calib
EEE,2013J,2435726,4,train
EEE,2013J,2451726,3,train
EEE,2013J,2474006,1,calib
EEE,2013J,2474995,3,train
EEE,2013J,2485655,0,test
EEE,2013J,2487990,0,test
EEE,2013J,2505299,3,train
EEE,2013J,2513333,1,calib
EEE,2013J,2518880,0,test
EEE,2013J,2537898,4,train
EEE,2013J,2541992,2,train
EEE,2013J,2542645,0,test
EEE,2013J,2562704,3,train
EEE,2013J,2564333,3,train
EEE,2013J,2569834,2,train
EEE,2013J,2574909,1,calib
EEE,2013J,2588201,1,calib
EEE,2013J,2590189,2,train
EEE,2013J,2598509,0,test
EEE,2013J,2598961,1,calib
EEE,2013J,2604856,1,calib
EEE,2013J,2607824,3,train
EEE,2013J,2608828,0,test
EEE,2013J,2610857,4,train
EEE,2013J,2614546,4,train
EEE,2013J,2615849,1,calib
EEE,2013J,2616950,0,test
EEE,2013J,2617635,0,test
EEE,2013J,2619025,1,calib
EEE,2013J,2623263,0,test
EEE,2013J,2623960,1,calib
EEE,2013J,2625693,3,train
EEE,2013J,2634238,0,test
EEE,2013J,2641254,0,test
EEE,2013J,2641364,4,train
EEE,2013J,2657915,3,train
EEE,2013J,2670012,0,test
EEE,2013J,2681277,0,test
EEE,2013J,2698535,3,train
EEE,2014B,25150,1,calib
EEE,2014B,27780,1,calib
EEE,2014B,29639,1,calib
EEE,2014B,29820,1,calib
EEE,2014B,35340,0,test
EEE,2014B,35508,2,train
EEE,2014B,64296,1,calib
EEE,2014B,69239,1,calib
EEE,2014B,70537,4,train
EEE,2014B,83219,4,train
EEE,2014B,97486,4,train
EEE,2014B,121574,1,calib
EEE,2014B,128971,1,calib
EEE,2014B,135330,1,calib
EEE,2014B,144745,0,test
EEE,2014B,148282,4,train
EEE,2014B,156594,0,test
EEE,2014B,158831,2,train
EEE,2014B,165376,1,calib
EEE,2014B,167791,4,train
EEE,2014B,170936,0,test
EEE,2014B,171334,4,train
EEE,2014B,174512,3,train
EEE,2014B,182400,2,train
EEE,2014B,185057,2,train
EEE,2014B,186476,2,train
EEE,2014B,188260,2,train
EEE,2014B,188662,0,test
EEE,2014B,193163,3,train
EEE,2014B,197730,2,train
EEE,2014B,198902,4,train
EEE,2014B,231019,4,train
EEE,2014B,231339,1,calib
EEE,2014B,234559,1,calib
EEE,2014B,237934,3,train
EEE,2014B,244166,4,train
EEE,2014B,244977,3,train
EEE,2014B,247819,0,test
EEE,2014B,248818,1,calib
EEE,2014B,250092,0,test
EEE,2014B,256867,4,train
EEE,2014B,261042,4,train
EEE,2014B,266040,2,train
EEE,2014B,267961,3,train
EEE,2014B,272103,0,test
EEE,2014B,274218,4,train
EEE,2014B,278786,3,train
EEE,2014B,285170,0,test
EEE,2014B,289397,0,test
EEE,2014B,291674,0,test
EEE,2014B,293670,2,train
EEE,2014B,293686,1,calib
EEE,2014B,294578,1,calib
EEE,2014B,303774,3,train
EEE,2014B,308391,4,train
EEE,2014B,321112,1,calib
EEE,2014B,324257,3,train
EEE,2014B,329455,3,train
EEE,2014B,335355,1,calib
EEE,2014B,338854,4,train
EEE,2014B,339353,2,train
EEE,2014B,342957,3,train
EEE,2014B,349069,0,test
EEE,2014B,350690,3,train
EEE,2014B,353368,4,train
EEE,2014B,353953,3,train
EEE,2014B,359460,3,train
EEE,2014B,359728,1,calib
EEE,2014B,366424,0,test
EEE,2014B,368306,1,calib
EEE,2014B,371113,3,train
EEE,2014B,372812,4,train
EEE,2014B,380921,3,train
EEE,2014B,382432,1,calib
EEE,2014B,382910,4,train
EEE,2014B,383239,0,test
EEE,2014B,389267,1,calib
EEE,2014B,393488,2,train
EEE,2014B,404239,2,train
EEE,2014B,407428,3,train
EEE,2014B,410810,1,calib
EEE,2014B,411381,1,calib
EEE,2014B,413891,2,train
EEE,2014B,416689,2,train
EEE,2014B,417547,4,train
EEE,2014B,420333,1,calib
EEE,2014B,421111,2,train
EEE,2014B,422341,2,train
EEE,2014B,424978,3,train
EEE,2014B,426316,3,train
EEE,2014B,426616,2,train
EEE,2014B,431386,3,train
EEE,2014B,437971,2,train
EEE,2014B,441852,2,train
EEE,2014B,443948,4,train
EEE,2014B,444197,1,calib
EEE,2014B,444349,3,train
EEE,2014B,446077,2,train
EEE,2014B,446295,3,train
EEE,2014B,447235,2,train
EEE,2014B,464724,1,calib
EEE,2014B,467144,0,test
EEE,2014B,469761,3,train
EEE,2014B,469861,0,test
EEE,2014B,471018,0,test
EEE,2014B,474628,0,test
EEE,2014B,474674,2,train
EEE,2014B,475497,2,train
EEE,2014B,478550,1,calib
EEE,2014B,478791,0,test
EEE,2014B,479607,0,test
EEE,2014B,480928,2,train
EEE,2014B,481618,1,calib
EEE,2014B,485920,0,test
EEE,2014B,486836,0,test
EEE,2014B,487239,1,calib
EEE,2014B,487494,1,calib
EEE,2014B,488828,4,train
EEE,2014B,490587,2,train
EEE,2014B,490662,3,train
EEE,2014B,491570,2,train
EEE,2014B,492403,2,train
EEE,2014B,494427,3,train
EEE,2014B,494872,1,calib
EEE,2014B,496108,3,train
EEE,2014B,497047,4,train
EEE,2014B,497361,3,train
EEE,2014B,497580,2,train
EEE,2014B,498261,1,calib
EEE,2014B,502640,1,calib
EEE,2014B,502929,1,calib
EEE,2014B,503872,2,train
EEE,2014B,504062,3,train
EEE,2014B,504652,2,train
EEE,2014B,504728,1,calib
EEE,2014B,505333,4,train
EEE,2014B,505767,0,test
EEE,2014B,505855,1,calib
EEE,2014B,510266,1,calib
EEE,2014B,510545,3,train
EEE,2014B,511199,4,train
EEE,2014B,511657,0,test
EEE,2014B,513211,3,train
EEE,2014B,513672,1,calib
EEE,2014B,515125,0,test
EEE,2014B,516238,3,train
EEE,2014B,516728,2,train
EEE,2014B,518116,1,calib
EEE,2014B,519258,3,train
EEE,2014B,519589,2,train
EEE,2014B,520824,0,test
EEE,2014B,522525,1,calib
EEE,2014B,523061,3,train
EEE,2014B,524276,3,train
EEE,2014B,524386,1,calib
EEE,2014B,525332,4,train
EEE,2014B,526051,1,calib
EEE,2014B,527771,2,train
EEE,2014B,529304,0,test
EEE,2014B,531845,3,train
EEE,2014B,532531,4,train
EEE,2014B,532570,2,train
EEE,2014B,536996,3,train
EEE,2014B,538102,1,calib
EEE,2014B,540509,3,train
EEE,2014B,541003,4,train
EEE,2014B,541999,1,calib
EEE,2014B,542050,0,test
EEE,2014B,542524,4,train
EEE,2014B,543475,1,calib
EEE,2014B,543924,2,train
EEE,2014B,543948,0,test
EEE,2014B,544052,2,train
EEE,2014B,544295,3,train
EEE,2014B,546400,1,calib
EEE,2014B,547100,2,train
EEE,2014B,547685,2,train
EEE,2014B,548261,0,test
EEE,2014B,548992,1,calib
EEE,2014B,549401,4,train
EEE,2014B,550197,1,calib
EEE,2014B,550357,3,train
EEE,2014B,550812,4,train
EEE,2014B,551528,0,test
EEE,2014B,551856,2,train
EEE,2014B,552067,1,calib
EEE,2014B,553914,4,train
EEE,2014B,554988,2,train
EEE,2014B,555022,4,train
EEE,2014B,555756,0,test
EEE,2014B,557700,4,train
EEE,2014B,558122,3,train
EEE,2014B,558342,1,calib
EEE,2014B,558492,2,train
EEE,2014B,559518,2,train
EEE,2014B,559977,3,train
EEE,2014B,560951,4,train
EEE,2014B,561271,1,calib
EEE,2014B,561363,2,train
EEE,2014B,561559,3,train
EEE,2014B,561774,2,train
EEE,2014B,562825,2,train
EEE,2014B,563230,1,calib
EEE,2014B,563902,0,test
EEE,2014B,565275,1,calib
EEE,2014B,565838,3,train
EEE,2014B,566337,3,train
EEE,2014B,566422,4,train
EEE,2014B,566871,1,calib
EEE,2014B,569342,1,calib
EEE,2014B,569620,2,train
EEE,2014B,571025,4,train
EEE,2014B,571128,2,train
EEE,2014B,571233,4,train
EEE,2014B,571389,1,calib
EEE,2014B,571789,1,calib
EEE,2014B,571946,1,calib
EEE,2014B,571963,2,train
EEE,2014B,572249,1,calib
EEE,2014B,573072,3,train
EEE,2014B,573558,1,calib
EEE,2014B,573665,2,train
EEE,2014B,574508,4,train
EEE,2014B,574523,3,train
EEE,2014B,574580,0,test
EEE,2014B,574637,1,calib
EEE,2014B,575162,2,train
EEE,2014B,575473,4,train
EEE,2014B,575777,0,test
EEE,2014B,576876,4,train
EEE,2014B,577245,0,test
EEE,2014B,577352,3,train
EEE,2014B,577460,4,train
EEE,2014B,577562,2,train
EEE,2014B,577603,1,calib
EEE,2014B,578541,2,train
EEE,2014B,578634,1,calib
EEE,2014B,578958,2,train
EEE,2014B,581257,3,train
EEE,2014B,581269,0,test
EEE,2014B,581676,0,test
EEE,2014B,582094,1,calib
EEE,2014B,583968,4,train
EEE,2014B,584698,1,calib
EEE,2014B,585393,2,train
EEE,2014B,585397,4,train
EEE,2014B,585662,3,train
EEE,2014B,587323,3,train
EEE,2014B,588274,1,calib
EEE,2014B,588765,0,test
EEE,2014B,589001,3,train
EEE,2014B,589033,2,train
EEE,2014B,589083,3,train
EEE,2014B,589223,2,train
EEE,2014B,589260,1,calib
EEE,2014B,589722,2,train
EEE,2014B,589828,2,train
EEE,2014B,590699,4,train
EEE,2014B,591398,3,train
EEE,2014B,592080,3,train
EEE,2014B,592372,4,train
EEE,2014B,592593,1,calib
EEE,2014B,592666,3,train
EEE,2014B,593123,4,train
EEE,2014B,593733,3,train
EEE,2014B,593941,1,calib
EEE,2014B,594131,1,calib
EEE,2014B,594193,0,test
EEE,2014B,594684,3,train
EEE,2014B,595100,0,test
EEE,2014B,595356,0,test
EEE,2014B,595808,1,calib
EEE,2014B,595992,1,calib
EEE,2014B,596347,3,train
EEE,2014B,596947,2,train
EEE,2014B,597909,1,calib
EEE,2014B,599056,1,calib
EEE,2014B,599263,4,train
EEE,2014B,599341,4,train
EEE,2014B,599554,3,train
EEE,2014B,599937,2,train
EEE,2014B,600181,1,calib
EEE,2014B,600623,2,train
EEE,2014B,600801,4,train
EEE,2014B,600814,3,train
EEE,2014B,600879,1,calib
EEE,2014B,600987,1,calib
EEE,2014B,601043,3,train
EEE,2014B,601054,0,test
EEE,2014B,601211,0,test
EEE,2014B,601248,4,train
EEE,2014B,601386,3,train
EEE,2014B,602107,0,test
EEE,2014B,602150,3,train
EEE,2014B,602721,2,train
EEE,2014B,603531,0,test
EEE,2014B,603791,0,test
EEE,2014B,603832,3,train
EEE,2014B,604078,0,test
EEE,2014B,604172,1,calib
EEE,2014B,604270,1,calib
EEE,2014B,604337,4,train
EEE,2014B,604490,3,train
EEE,2014B,604502,1,calib
EEE,2014B,604571,0,test
EEE,2014B,604665,3,train
EEE,2014B,604789,2,train
EEE,2014B,605130,0,test
EEE,2014B,605136,0,test
EEE,2014B,605367,4,train
EEE,2014B,605688,3,train
EEE,2014B,606025,4,train
EEE,2014B,606127,0,test
EEE,2014B,606182,0,test
EEE,2014B,606290,1,calib
EEE,2014B,606350,0,test
EEE,2014B,607413,1,calib
EEE,2014B,607570,1,calib
EEE,2014B,607703,1,calib
EEE,2014B,608152,3,train
EEE,2014B,608694,1,calib
EEE,2014B,609241,1,calib
EEE,2014B,609383,4,train
EEE,2014B,609450,2,train
EEE,2014B,609605,2,train
EEE,2014B,609645,4,train
EEE,2014B,610234,4,train
EEE,2014B,610287,4,train
EEE,2014B,610684,0,test
EEE,2014B,610718,1,calib
EEE,2014B,610927,3,train
EEE,2014B,611024,2,train
EEE,2014B,611407,3,train
EEE,2014B,611502,3,train
EEE,2014B,611971,4,train
EEE,2014B,611999,0,test
EEE,2014B,612023,2,train
EEE,2014B,612124,2,train
EEE,2014B,612127,4,train
EEE,2014B,612287,0,test
EEE,2014B,612327,1,calib
EEE,2014B,612397,2,train
EEE,2014B,612449,4,train
EEE,2014B,612644,4,train
EEE,2014B,612673,4,train
EEE,2014B,612882,1,calib
EEE,2014B,613091,1,calib
EEE,2014B,613116,0,test
EEE,2014B,613120,3,train
EEE,2014B,613122,1,calib
EEE,2014B,613133,0,test
EEE,2014B,613213,3,train
EEE,2014B,613387,4,train
EEE,2014B,613501,1,calib
EEE,2014B,613790,4,train
EEE,2014B,614234,1,calib
EEE,2014B,614245,3,train
EEE,2014B,614754,2,train
EEE,2014B,614952,2,train
EEE,2014B,615112,1,calib
EEE,2014B,615229,1,calib
EEE,2014B,615242,2,train
EEE,2014B,616386,3,train
EEE,2014B,616407,0,test
EEE,2014B,616439,0,test
EEE,2014B,616700,3,train
EEE,2014B,616708,1,calib
EEE,2014B,616831,3,train
EEE,2014B,616927,3,train
EEE,2014B,616976,0,test
EEE,2014B,617186,1,calib
EEE,2014B,617309,3,train
EEE,2014B,617331,4,train
EEE,2014B,617355,3,train
EEE,2014B,617365,0,test
EEE,2014B,617418,0,test
EEE,2014B,617455,3,train
EEE,2014B,617531,4,train
EEE,2014B,617898,2,train
EEE,2014B,618078,3,train
EEE,2014B,618514,1,calib
EEE,2014B,618571,1,calib
EEE,2014B,618583,1,calib
EEE,2014B,618606,4,train
EEE,2014B,618619,3,train
EEE,2014B,618701,0,test
EEE,2014B,618768,4,train
EEE,2014B,618777,0,test
EEE,2014B,618824,1,calib
EEE,2014B,618982,2,train
EEE,2014B,619006,1,calib
EEE,2014B,619014,3,train
EEE,2014B,619292,2,train
EEE,2014B,619369,0,test
EEE,2014B,619380,3,train
EEE,2014B,619503,4,train
EEE,2014B,619887,2,train
EEE,2014B,619927,2,train
EEE,2014B,619928,1,calib
EEE,2014B,620215,4,train
EEE,2014B,620260,1,calib
EEE,2014B,620369,0,test
EEE,2014B,620376,1,calib
EEE,2014B,620414,2,train
EEE,2014B,620434,2,train
EEE,2014B,620646,0,test
EEE,2014B,620713,2,train
EEE,2014B,620716,0,test
EEE,2014B,620876,2,train
EEE,2014B,620916,3,train
EEE,2014B,620918,0,test
EEE,2014B,620977,4,train
EEE,2014B,621401,1,calib
EEE,2014B,621414,2,train
EEE,2014B,621619,2,train
EEE,2014B,621655,3,train
EEE,2014B,621853,0,test
EEE,2014B,621906,1,calib
EEE,2014B,622015,0,test
EEE,2014B,622037,3,train
EEE,2014B,622280,1,calib
EEE,2014B,622315,1,calib
EEE,2014B,622368,2,train
EEE,2014B,622398,1,calib
EEE,2014B,622425,0,test
EEE,2014B,622609,2,train
EEE,2014B,622812,4,train
EEE,2014B,622948,3,train
EEE,2014B,623079,2,train
EEE,2014B,623100,4,train
EEE,2014B,623105,0,test
EEE,2014B,623111,3,train
EEE,2014B,623115,1,calib
EEE,2014B,623184,3,train
EEE,2014B,623250,1,calib
EEE,2014B,623421,0,test
EEE,2014B,623562,2,train
EEE,2014B,623609,2,train
EEE,2014B,623667,0,test
EEE,2014B,623738,2,train
EEE,2014B,623780,4,train
EEE,2014B,623797,0,test
EEE,2014B,623864,2,train
EEE,2014B,623940,3,train
EEE,2014B,624034,0,test
EEE,2014B,624050,2,train
EEE,2014B,624092,0,test
EEE,2014B,624126,4,train
EEE,2014B,624153,2,train
EEE,2014B,624266,3,train
EEE,2014B,624384,2,train
EEE,2014B,624441,0,test
EEE,2014B,624469,2,train
EEE,2014B,624782,2,train
EEE,2014B,625067,4,train
EEE,2014B,625121,3,train
EEE,2014B,625126,3,train
EEE,2014B,625174,1,calib
EEE,2014B,625207,3,train
EEE,2014B,625213,4,train
EEE,2014B,625476,2,train
EEE,2014B,625527,2,train
EEE,2014B,625541,2,train
EEE,2014B,625740,4,train
EEE,2014B,625774,3,train
EEE,2014B,625785,1,calib
EEE,2014B,625790,2,train
EEE,2014B,625841,2,train
EEE,2014B,625861,3,train
EEE,2014B,625884,1,calib
EEE,2014B,625901,4,train
EEE,2014B,625950,0,test
EEE,2014B,625953,3,train
EEE,2014B,625975,4,train
EEE,2014B,626022,0,test
EEE,2014B,626055,1,calib
EEE,2014B,626183,4,train
EEE,2014B,626296,3,train
EEE,2014B,626407,4,train
EEE,2014B,626444,3,train
EEE,2014B,626494,1,calib
EEE,2014B,626516,3,train
EEE,2014B,626519,2,train
EEE,2014B,626625,1,calib
EEE,2014B,626714,4,train
EEE,2014B,626749,1,calib
EEE,2014B,626753,0,test
EEE,2014B,626768,4,train
EEE,2014B,626772,2,train
EEE,2014B,626789,3,train
EEE,2014B,626877,0,test
EEE,2014B,626906,2,train
EEE,2014B,626998,1,calib
EEE,2014B,627160,2,train
EEE,2014B,627168,4,train
EEE,2014B,627290,1,calib
EEE,2014B,627387,0,test
EEE,2014B,627390,2,train
EEE,2014B,627399,0,test
EEE,2014B,627401,2,train
EEE,2014B,627450,1,calib
EEE,2014B,627461,2,train
EEE,2014B,627471,0,test
EEE,2014B,627500,4,train
EEE,2014B,627516,0,test
EEE,2014B,627636,3,train
EEE,2014B,627711,2,train
EEE,2014B,627750,2,train
EEE,2014B,627907,4,train
EEE,2014B,627961,2,train
EEE,2014B,628054,3,train
EEE,2014B,628214,0,test
EEE,2014B,628300,2,train
EEE,2014B,628366,4,train
EEE,2014B,628527,3,train
EEE,2014B,628677,2,train
EEE,2014B,628686,3,train
EEE,2014B,628718,4,train
EEE,2014B,628777,1,calib
EEE,2014B,628910,2,train
EEE,2014B,628914,3,train
EEE,2014B,628938,0,test
EEE,2014B,628959,0,test
EEE,2014B,628993,1,calib
EEE,2014B,629081,4,train
EEE,2014B,629089,1,calib
EEE,2014B,629202,1,calib
EEE,2014B,629234,0,test
EEE,2014B,629283,2,train
EEE,2014B,629342,2,train
EEE,2014B,629421,1,calib
EEE,2014B,629500,1,calib
EEE,2014B,629506,4,train
EEE,2014B,629601,1,calib
EEE,2014B,629623,1,calib
EEE,2014B,629627,2,train
EEE,2014B,629628,4,train
EEE,2014B,629654,0,test
EEE,2014B,629753,0,test
EEE,2014B,629765,1,calib
EEE,2014B,629887,1,calib
EEE,2014B,629893,4,train
EEE,2014B,629906,1,calib
EEE,2014B,630047,0,test
EEE,2014B,630086,0,test
EEE,2014B,630120,3,train
EEE,2014B,630165,4,train
EEE,2014B,630416,2,train
EEE,2014B,630449,1,calib
EEE,2014B,630514,4,train
EEE,2014B,630540,3,train
EEE,2014B,630573,2,train
EEE,2014B,630585,3,train
EEE,2014B,630606,0,test
EEE,2014B,630635,0,test
EEE,2014B,630657,2,train
EEE,2014B,630696,4,train
EEE,2014B,630722,4,train
EEE,2014B,630825,4,train
EEE,2014B,630888,2,train
EEE,2014B,630900,0,test
EEE,2014B,630980,1,calib
EEE,2014B,631016,2,train
EEE,2014B,631051,2,train
EEE,2014B,631073,3,train
EEE,2014B,631117,4,train
EEE,2014B,631334,1,calib
EEE,2014B,631356,1,calib
EEE,2014B,631453,1,calib
EEE,2014B,631509,2,train
EEE,2014B,631655,4,train
EEE,2014B,631657,3,train
EEE,2014B,631807,0,test
EEE,2014B,632004,4,train
EEE,2014B,632074,0,test
EEE,2014B,632083,2,train
EEE,2014B,632111,1,calib
EEE,2014B,632133,1,calib
EEE,2014B,632135,3,train
EEE,2014B,632312,0,test
EEE,2014B,632329,0,test
EEE,2014B,632376,2,train
EEE,2014B,632389,3,train
EEE,2014B,632459,2,train
EEE,2014B,632641,4,train
EEE,2014B,632700,4,train
EEE,2014B,632780,3,train
EEE,2014B,632800,4,train
EEE,2014B,632883,3,train
EEE,2014B,632889,2,train
EEE,2014B,632904,4,train
EEE,2014B,632977,4,train
EEE,2014B,633107,1,calib
EEE,2014B,633259,1,calib
EEE,2014B,633270,2,train
EEE,2014B,633304,2,train
EEE,2014B,633310,1,calib
EEE,2014B,633330,2,train
EEE,2014B,633334,4,train
EEE,2014B,633395,3,train
EEE,2014B,633432,4,train
EEE,2014B,633455,1,calib
EEE,2014B,633511,0,test
EEE,2014B,633530,2,train
EEE,2014B,633544,3,train
EEE,2014B,633605,0,test
EEE,2014B,633634,0,test
EEE,2014B,633637,2,train
EEE,2014B,633695,0,test
EEE,2014B,633716,1,calib
EEE,2014B,633746,1,calib
EEE,2014B,633859,1,calib
EEE,2014B,633998,3,train
EEE,2014B,634040,0,test
EEE,2014B,634083,2,train
EEE,2014B,634193,2,train
EEE,2014B,634216,1,calib
EEE,2014B,634241,0,test
EEE,2014B,634309,4,train
EEE,2014B,634318,1,calib
EEE,2014B,634433,2,train
EEE,2014B,634570,2,train
EEE,2014B,634578,3,train
EEE,2014B,634600,1,calib
EEE,2014B,634737,1,calib
EEE,2014B,634744,3,train
EEE,2014B,634817,1,calib
EEE,2014B,634862,4,train
EEE,2014B,634869,1,calib
EEE,2014B,635041,4,train
EEE,2014B,635043,0,test
EEE,2014B,635109,3,train
EEE,2014B,635515,3,train
EEE,2014B,996047,2,train
EEE,2014B,1268772,1,calib
EEE,2014B,1410398,4,train
EEE,2014B,1457691,2,train
EEE,2014B,1500950,3,train
EEE,2014B,1573624,1,calib
EEE,2014B,1618172,4,train
EEE,2014B,1644328,4,train
EEE,2014B,1661805,0,test
EEE,2014B,1663815,1,calib
EEE,2014B,1664171,3,train
EEE,2014B,1664810,2,train
EEE,2014B,1683692,1,calib
EEE,2014B,1700371,2,train
EEE,2014B,1763786,3,train
EEE,2014B,1780737,1,calib
EEE,2014B,1789319,0,test
EEE,2014B,1810414,1,calib
EEE,2014B,1828112,3,train
EEE,2014B,1839181,4,train
EEE,2014B,1861830,0,test
EEE,2014B,1863564,3,train
EEE,2014B,1878160,1,calib
EEE,2014B,1894419,3,train
EEE,2014B,1908526,0,test
EEE,2014B,2002664,3,train
EEE,2014B,2026585,1,calib
EEE,2014B,2064873,2,train
EEE,2014B,2139273,4,train
EEE,2014B,2187588,0,test
EEE,2014B,2188680,2,train
EEE,2014B,2198914,4,train
EEE,2014B,2249143,3,train
EEE,2014B,2295254,1,calib
EEE,2014B,2329539,3,train
EEE,2014B,2359504,1,calib
EEE,2014B,2364637,4,train
EEE,2014B,2376512,1,calib
EEE,2014B,2384615,2,train
EEE,2014B,2388492,1,calib
EEE,2014B,2391004,1,calib
EEE,2014B,2434339,2,train
EEE,2014B,2455893,1,calib
EEE,2014B,2472178,1,calib
EEE,2014B,2478799,4,train
EEE,2014B,2492827,4,train
EEE,2014B,2520067,4,train
EEE,2014B,2554047,2,train
EEE,2014B,2567038,3,train
EEE,2014B,2569912,3,train
EEE,2014B,2577893,3,train
EEE,2014B,2595665,0,test
EEE,2014B,2600862,1,calib
EEE,2014B,2603195,1,calib
EEE,2014B,2613219,2,train
EEE,2014B,2619011,0,test
EEE,2014B,2620661,3,train
EEE,2014B,2632165,4,train
EEE,2014B,2642697,3,train
EEE,2014B,2647314,3,train
EEE,2014B,2662742,3,train
EEE,2014J,28770,4,train
EEE,2014J,46048,2,train
EEE,2014J,47061,0,test
EEE,2014J,60809,2,train
EEE,2014J,62034,0,test
EEE,2014J,67539,1,calib
EEE,2014J,67685,2,train
EEE,2014J,70827,3,train
EEE,2014J,76579,2,train
EEE,2014J,80358,0,test
EEE,2014J,89545,3,train
EEE,2014J,108281,3,train
EEE,2014J,108497,1,calib
EEE,2014J,110789,3,train
EEE,2014J,121163,4,train
EEE,2014J,124304,3,train
EEE,2014J,124711,0,test
EEE,2014J,126450,2,train
EEE,2014J,128817,1,calib
EEE,2014J,131776,2,train
EEE,2014J,134212,3,train
EEE,2014J,135763,0,test
EEE,2014J,142092,2,train
EEE,2014J,158708,1,calib
EEE,2014J,159287,3,train
EEE,2014J,161781,2,train
EEE,2014J,162210,4,train
EEE,2014J,164708,3,train
EEE,2014J,171843,3,train
EEE,2014J,173341,0,test
EEE,2014J,174512,3,train
EEE,2014J,175940,3,train
EEE,2014J,177186,2,train
EEE,2014J,177472,4,train
EEE,2014J,189117,1,calib
EEE,2014J,190780,1,calib
EEE,2014J,191000,3,train
EEE,2014J,195252,0,test
EEE,2014J,195897,2,train
EEE,2014J,196132,3,train
EEE,2014J,202606,1,calib
EEE,2014J,231017,2,train
EEE,2014J,232078,0,test
EEE,2014J,233335,2,train
EEE,2014J,233685,3,train
EEE,2014J,236512,3,train
EEE,2014J,239908,2,train
EEE,2014J,241728,4,train
EEE,2014J,243926,1,calib
EEE,2014J,247653,3,train
EEE,2014J,250159,2,train
EEE,2014J,253496,2,train
EEE,2014J,255449,3,train
EEE,2014J,269220,1,calib
EEE,2014J,270764,0,test
EEE,2014J,270988,1,calib
EEE,2014J,274967,4,train
EEE,2014J,284095,3,train
EEE,2014J,285934,3,train
EEE,2014J,286262,1,calib
EEE,2014J,286527,0,test
EEE,2014J,293321,1,calib
EEE,2014J,296222,3,train
EEE,2014J,298148,1,calib
EEE,2014J,299707,4,train
EEE,2014J,302363,2,train
EEE,2014J,307953,0,test
EEE,2014J,310968,0,test
EEE,2014J,316454,1,calib
EEE,2014J,318769,1,calib
EEE,2014J,318855,4,train
EEE,2014J,322641,0,test
EEE,2014J,325518,2,train
EEE,2014J,331622,3,train
EEE,2014J,332945,0,test
EEE,2014J,333637,2,train
EEE,2014J,333976,4,train
EEE,2014J,336014,3,train
EEE,2014J,337741,0,test
EEE,2014J,341010,0,test
EEE,2014J,342187,2,train
EEE,2014J,344740,1,calib
EEE,2014J,345256,3,train
EEE,2014J,345288,4,train
EEE,2014J,346093,4,train
EEE,2014J,348288,1,calib
EEE,2014J,355049,4,train
EEE,2014J,355617,2,train
EEE,2014J,356735,0,test
EEE,2014J,360266,0,test
EEE,2014J,364322,3,train
EEE,2014J,369713,0,test
EEE,2014J,369942,3,train
EEE,2014J,372577,3,train
EEE,2014J,378825,3,train
EEE,2014J,381185,3,train
EEE,2014J,381586,0,test
EEE,2014J,381983,3,train
EEE,2014J,382432,1,calib
EEE,2014J,387944,4,train
EEE,2014J,388252,1,calib
EEE,2014J,390332,4,train
EEE,2014J,391301,3,train
EEE,2014J,391572,1,calib
EEE,2014J,396674,0,test
EEE,2014J,398019,1,calib
EEE,2014J,398413,4,train
EEE,2014J,401240,3,train
EEE,2014J,402295,4,train
EEE,2014J,402906,1,calib
EEE,2014J,404200,3,train
EEE,2014J,404695,4,train
EEE,2014J,405125,4,train
EEE,2014J,407731,0,test
EEE,2014J,408763,0,test
EEE,2014J,410587,0,test
EEE,2014J,410592,1,calib
EEE,2014J,411619,4,train
EEE,2014J,418035,3,train
EEE,2014J,418216,4,train
EEE,2014J,423947,3,train
EEE,2014J,425053,4,train
EEE,2014J,425858,2,train
EEE,2014J,432484,1,calib
EEE,2014J,434347,3,train
EEE,2014J,434503,3,train
EEE,2014J,436213,1,calib
EEE,2014J,436900,4,train
EEE,2014J,441385,0,test
EEE,2014J,441895,3,train
EEE,2014J,442359,1,calib
EEE,2014J,443200,4,train
EEE,2014J,443498,0,test
EEE,2014J,443701,2,train
EEE,2014J,444814,1,calib
EEE,2014J,445049,4,train
EEE,2014J,446397,2,train
EEE,2014J,447659,2,train
EEE,2014J,464780,2,train
EEE,2014J,464957,4,train
EEE,2014J,465406,2,train
EEE,2014J,466430,2,train
EEE,2014J,466508,1,calib
EEE,2014J,466892,2,train
EEE,2014J,469424,2,train
EEE,2014J,470461,1,calib
EEE,2014J,472762,1,calib
EEE,2014J,472845,4,train
EEE,2014J,474290,2,train
EEE,2014J,476438,2,train
EEE,2014J,476497,4,train
EEE,2014J,479987,0,test
EEE,2014J,480579,1,calib
EEE,2014J,481787,3,train
EEE,2014J,481884,3,train
EEE,2014J,482030,0,test
EEE,2014J,483131,3,train
EEE,2014J,483858,3,train
EEE,2014J,490443,0,test
EEE,2014J,491170,2,train
EEE,2014J,491664,1,calib
EEE,2014J,494270,4,train
EEE,2014J,495429,1,calib
EEE,2014J,496530,3,train
EEE,2014J,500440,4,train
EEE,2014J,501422,1,calib
EEE,2014J,502004,1,calib
EEE,2014J,502548,0,test
EEE,2014J,506618,2,train
EEE,2014J,507967,4,train
EEE,2014J,509780,3,train
EEE,2014J,510402,4,train
EEE,2014J,510435,3,train
EEE,2014J,515977,4,train
EEE,2014J,516398,3,train
EEE,2014J,517094,0,test
EEE,2014J,520077,0,test
EEE,2014J,520750,1,calib
EEE,2014J,520824,0,test
EEE,2014J,521350,2,train
EEE,2014J,521541,4,train
EEE,2014J,522645,1,calib
EEE,2014J,523804,0,test
EEE,2014J,523872,4,train
EEE,2014J,524431,1,calib
EEE,2014J,525217,2,train
EEE,2014J,525625,0,test
EEE,2014J,529287,3,train
EEE,2014J,529670,1,calib
EEE,2014J,530087,4,train
EEE,2014J,532579,3,train
EEE,2014J,532846,4,train
EEE,2014J,536984,1,calib
EEE,2014J,540219,1,calib
EEE,2014J,542167,2,train
EEE,2014J,542279,2,train
EEE,2014J,543931,3,train
EEE,2014J,544071,2,train
EEE,2014J,545493,3,train
EEE,2014J,546400,1,calib
EEE,2014J,547153,1,calib
EEE,2014J,548807,0,test
EEE,2014J,549922,4,train
EEE,2014J,550573,4,train
EEE,2014J,551117,2,train
EEE,2014J,551182,4,train
EEE,2014J,551589,2,train
EEE,2014J,552441,1,calib
EEE,2014J,553753,4,train
EEE,2014J,554235,1,calib
EEE,2014J,554459,3,train
EEE,2014J,554999,2,train
EEE,2014J,555051,3,train
EEE,2014J,556450,4,train
EEE,2014J,557229,3,train
EEE,2014J,558342,1,calib
EEE,2014J,558509,4,train
EEE,2014J,559113,2,train
EEE,2014J,560707,3,train
EEE,2014J,560759,4,train
EEE,2014J,560881,1,calib
EEE,2014J,560921,3,train
EEE,2014J,560953,0,test
EEE,2014J,561208,3,train
EEE,2014J,561413,4,train
EEE,2014J,563046,4,train
EEE,2014J,563321,1,calib
EEE,2014J,563534,4,train
EEE,2014J,564445,4,train
EEE,2014J,564562,3,train
EEE,2014J,564734,4,train
EEE,2014J,565275,1,calib
EEE,2014J,565952,3,train
EEE,2014J,566279,1,calib
EEE,2014J,566428,0,test
EEE,2014J,567681,4,train
EEE,2014J,567892,3,train
EEE,2014J,567926,0,test
EEE,2014J,569372,3,train
EEE,2014J,569953,2,train
EEE,2014J,570045,3,train
EEE,2014J,570273,2,train
EEE,2014J,570278,4,train
EEE,2014J,570491,0,test
EEE,2014J,570954,0,test
EEE,2014J,572168,4,train
EEE,2014J,572599,3,train
EEE,2014J,572659,1,calib
EEE,2014J,573503,2,train
EEE,2014J,573600,4,train
EEE,2014J,573922,0,test
EEE,2014J,574565,3,train
EEE,2014J,575066,0,test
EEE,2014J,575411,1,calib
EEE,2014J,575623,1,calib
EEE,2014J,578469,4,train
EEE,2014J,579052,1,calib
EEE,2014J,579283,0,test
EEE,2014J,580689,2,train
EEE,2014J,580798,2,train
EEE,2014J,581082,1,calib
EEE,2014J,581238,1,calib
EEE,2014J,581851,2,train
EEE,2014J,581887,3,train
EEE,2014J,582094,1,calib
EEE,2014J,582340,1,calib
EEE,2014J,583288,1,calib
EEE,2014J,583719,3,train
EEE,2014J,584514,1,calib
EEE,2014J,584718,2,train
EEE,2014J,585643,4,train
EEE,2014J,585769,1,calib
EEE,2014J,585852,1,calib
EEE,2014J,586474,4,train
EEE,2014J,587008,4,train
EEE,2014J,587122,3,train
EEE,2014J,587621,1,calib
EEE,2014J,587793,3,train
EEE,2014J,588058,3,train
EEE,2014J,588474,0,test
EEE,2014J,589856,4,train
EEE,2014J,590837,4,train
EEE,2014J,591523,0,test
EEE,2014J,591761,0,test
EEE,2014J,592047,1,calib
EEE,2014J,592338,3,train
EEE,2014J,592843,1,calib
EEE,2014J,592951,2,train
EEE,2014J,593038,0,test
EEE,2014J,593896,2,train
EEE,2014J,594629,1,calib
EEE,2014J,596326,3,train
EEE,2014J,596423,2,train
EEE,2014J,596614,1,calib
EEE,2014J,596855,1,calib
EEE,2014J,597166,1,calib
EEE,2014J,597252,0,test
EEE,2014J,597732,0,test
EEE,2014J,598573,0,test
EEE,2014J,599059,3,train
EEE,2014J,599215,2,train
EEE,2014J,599429,3,train
EEE,2014J,600267,4,train
EEE,2014J,600766,3,train
EEE,2014J,600898,4,train
EEE,2014J,601567,2,train
EEE,2014J,601599,1,calib
EEE,2014J,602150,3,train
EEE,2014J,602707,2,train
EEE,2014J,602745,1,calib
EEE,2014J,602830,0,test
EEE,2014J,603108,1,calib
EEE,2014J,603179,4,train
EEE,2014J,603700,1,calib
EEE,2014J,604057,0,test
EEE,2014J,604875,1,calib
EEE,2014J,605125,2,train
EEE,2014J,605129,3,train
EEE,2014J,605294,1,calib
EEE,2014J,605541,2,train
EEE,2014J,605545,3,train
EEE,2014J,605836,3,train
EEE,2014J,608488,3,train
EEE,2014J,608669,3,train
EEE,2014J,608853,1,calib
EEE,2014J,609605,2,train
EEE,2014J,610275,0,test
EEE,2014J,610287,4,train
EEE,2014J,610373,4,train
EEE,2014J,610672,2,train
EEE,2014J,610904,0,test
EEE,2014J,611162,3,train
EEE,2014J,611405,4,train
EEE,2014J,611961,2,train
EEE,2014J,611971,4,train
EEE,2014J,612157,2,train
EEE,2014J,613644,4,train
EEE,2014J,613953,1,calib
EEE,2014J,614181,4,train
EEE,2014J,614300,3,train
EEE,2014J,614737,1,calib
EEE,2014J,615429,4,train
EEE,2014J,616407,0,test
EEE,2014J,617309,3,train
EEE,2014J,617888,4,train
EEE,2014J,619168,1,calib
EEE,2014J,620343,0,test
EEE,2014J,620519,1,calib
EEE,2014J,620536,3,train
EEE,2014J,620782,4,train
EEE,2014J,621380,2,train
EEE,2014J,622129,4,train
EEE,2014J,622315,1,calib
EEE,2014J,622890,4,train
EEE,2014J,623002,0,test
EEE,2014J,623467,4,train
EEE,2014J,623757,1,calib
EEE,2014J,623889,2,train
EEE,2014J,623989,3,train
EEE,2014J,624126,4,train
EEE,2014J,624222,3,train
EEE,2014J,625288,4,train
EEE,2014J,625614,0,test
EEE,2014J,625785,1,calib
EEE,2014J,625797,4,train
EEE,2014J,626998,1,calib
EEE,2014J,627283,4,train
EEE,2014J,627312,3,train
EEE,2014J,627457,3,train
EEE,2014J,627500,4,train
EEE,2014J,627935,3,train
EEE,2014J,628054,3,train
EEE,2014J,628366,4,train
EEE,2014J,628480,2,train
EEE,2014J,628717,4,train
EEE,2014J,628741,1,calib
EEE,2014J,628766,4,train
EEE,2014J,629014,4,train
EEE,2014J,629101,4,train
EEE,2014J,629400,2,train
EEE,2014J,629421,1,calib
EEE,2014J,629535,4,train
EEE,2014J,629642,4,train
EEE,2014J,629852,3,train
EEE,2014J,629862,0,test
EEE,2014J,630105,3,train
EEE,2014J,630106,3,train
EEE,2014J,630519,0,test
EEE,2014J,630541,4,train
EEE,2014J,631113,3,train
EEE,2014J,631807,0,test
EEE,2014J,631888,4,train
EEE,2014J,632626,4,train
EEE,2014J,632635,3,train
EEE,2014J,632950,1,calib
EEE,2014J,633824,0,test
EEE,2014J,633868,1,calib
EEE,2014J,633914,3,train
EEE,2014J,633995,2,train
EEE,2014J,634094,2,train
EEE,2014J,634367,0,test
EEE,2014J,634552,4,train
EEE,2014J,634655,1,calib
EEE,2014J,634721,4,train
EEE,2014J,634776,1,calib
EEE,2014J,634879,3,train
EEE,2014J,634940,1,calib
EEE,2014J,634957,0,test
EEE,2014J,635325,2,train
EEE,2014J,635552,0,test
EEE,2014J,635564,2,train
EEE,2014J,635720,2,train
EEE,2014J,635953,1,calib
EEE,2014J,636124,1,calib
EEE,2014J,636443,1,calib
EEE,2014J,636467,4,train
EEE,2014J,636996,2,train
EEE,2014J,637123,2,train
EEE,2014J,637292,3,train
EEE,2014J,637401,2,train
EEE,2014J,637528,2,train
EEE,2014J,637601,0,test
EEE,2014J,637624,0,test
EEE,2014J,637846,4,train
EEE,2014J,638018,4,train
EEE,2014J,638257,2,train
EEE,2014J,638604,4,train
EEE,2014J,638970,1,calib
EEE,2014J,639012,2,train
EEE,2014J,639194,4,train
EEE,2014J,639232,3,train
EEE,2014J,639243,2,train
EEE,2014J,639253,1,calib
EEE,2014J,640109,1,calib
EEE,2014J,640307,3,train
EEE,2014J,640439,4,train
EEE,2014J,640443,4,train
EEE,2014J,640658,3,train
EEE,2014J,641116,2,train
EEE,2014J,641195,1,calib
EEE,2014J,641200,3,train
EEE,2014J,641566,4,train
EEE,2014J,641569,2,train
EEE,2014J,641629,4,train
EEE,2014J,641716,0,test
EEE,2014J,641817,1,calib
EEE,2014J,641881,1,calib
EEE,2014J,641899,2,train
EEE,2014J,642066,3,train
EEE,2014J,642342,0,test
EEE,2014J,642396,2,train
EEE,2014J,642512,0,test
EEE,2014J,642591,3,train
EEE,2014J,642627,1,calib
EEE,2014J,642656,3,train
EEE,2014J,642839,2,train
EEE,2014J,643077,1,calib
EEE,2014J,643118,2,train
EEE,2014J,643168,4,train
EEE,2014J,643200,2,train
EEE,2014J,643267,4,train
EEE,2014J,643269,2,train
EEE,2014J,643270,0,test
EEE,2014J,643309,0,test
EEE,2014J,643404,3,train
EEE,2014J,643416,2,train
EEE,2014J,643434,0,test
EEE,2014J,643457,3,train
EEE,2014J,643481,3,train
EEE,2014J,643484,1,calib
EEE,2014J,643510,0,test
EEE,2014J,643514,1,calib
EEE,2014J,643531,4,train
EEE,2014J,643644,0,test
EEE,2014J,643705,2,train
EEE,2014J,643755,1,calib
EEE,2014J,643770,0,test
EEE,2014J,643771,1,calib
EEE,2014J,644064,2,train
EEE,2014J,644072,4,train
EEE,2014J,644113,0,test
EEE,2014J,644163,0,test
EEE,2014J,644246,1,calib
EEE,2014J,644480,0,test
EEE,2014J,644514,1,calib
EEE,2014J,644742,4,train
EEE,2014J,644794,4,train
EEE,2014J,644905,2,train
EEE,2014J,645045,0,test
EEE,2014J,645126,2,train
EEE,2014J,645151,0,test
EEE,2014J,645170,4,train
EEE,2014J,645319,1,calib
EEE,2014J,645451,2,train
EEE,2014J,645462,0,test
EEE,2014J,645481,1,calib
EEE,2014J,645542,3,train
EEE,2014J,645557,0,test
EEE,2014J,645831,0,test
EEE,2014J,645847,4,train
EEE,2014J,645867,2,train
EEE,2014J,645889,0,test
EEE,2014J,646005,1,calib
EEE,2014J,646040,1,calib
EEE,2014J,646070,0,test
EEE,2014J,646071,1,calib
EEE,2014J,646097,0,test
EEE,2014J,646109,1,calib
EEE,2014J,646184,0,test
EEE,2014J,646197,1,calib
EEE,2014J,646218,0,test
EEE,2014J,646361,0,test
EEE,2014J,646363,2,train
EEE,2014J,646459,3,train
EEE,2014J,646502,0,test
EEE,2014J,646520,3,train
EEE,2014J,646547,0,test
EEE,2014J,646581,1,calib
EEE,2014J,646722,2,train
EEE,2014J,646747,1,calib
EEE,2014J,646815,2,train
EEE,2014J,646841,4,train
EEE,2014J,646903,2,train
EEE,2014J,646998,1,calib
EEE,2014J,647043,2,train
EEE,2014J,647083,4,train
EEE,2014J,647148,1,calib
EEE,2014J,647179,2,train
EEE,2014J,647184,3,train
EEE,2014J,647217,4,train
EEE,2014J,647358,2,train
EEE,2014J,647405,2,train
EEE,2014J,647432,0,test
EEE,2014J,647466,4,train
EEE,2014J,647518,2,train
EEE,2014J,647645,0,test
EEE,2014J,647791,1,calib
EEE,2014J,647865,1,calib
EEE,2014J,647887,0,test
EEE,2014J,647888,0,test
EEE,2014J,647916,1,calib
EEE,2014J,647919,3,train
EEE,2014J,647983,0,test
EEE,2014J,647988,2,train
EEE,2014J,648001,1,calib
EEE,2014J,648058,1,calib
EEE,2014J,648090,3,train
EEE,2014J,648091,4,train
EEE,2014J,648136,4,train
EEE,2014J,648250,3,train
EEE,2014J,648285,2,train
EEE,2014J,648354,3,train
EEE,2014J,648369,1,calib
EEE,2014J,648370,2,train
EEE,2014J,648422,2,train
EEE,2014J,648429,1,calib
EEE,2014J,648436,3,train
EEE,2014J,648440,4,train
EEE,2014J,648469,3,train
EEE,2014J,648518,3,train
EEE,2014J,648652,2,train
EEE,2014J,648654,3,train
EEE,2014J,648687,2,train
EEE,2014J,648787,0,test
EEE,2014J,648834,4,train
EEE,2014J,648843,3,train
EEE,2014J,648852,0,test
EEE,2014J,648902,0,test
EEE,2014J,648942,2,train
EEE,2014J,649001,0,test
EEE,2014J,649069,0,test
EEE,2014J,649171,3,train
EEE,2014J,649200,4,train
EEE,2014J,649215,3,train
EEE,2014J,649230,1,calib
EEE,2014J,649248,3,train
EEE,2014J,649255,1,calib
EEE,2014J,649310,4,train
EEE,2014J,649332,2,train
EEE,2014J,649339,4,train
EEE,2014J,649343,1,calib
EEE,2014J,649506,2,train
EEE,2014J,649637,2,train
EEE,2014J,649667,2,train
EEE,2014J,649701,3,train
EEE,2014J,649713,0,test
EEE,2014J,649718,0,test
EEE,2014J,649720,2,train
EEE,2014J,649738,0,test
EEE,2014J,649755,3,train
EEE,2014J,649783,0,test
EEE,2014J,649840,1,calib
EEE,2014J,649843,2,train
EEE,2014J,649861,1,calib
EEE,2014J,649863,0,test
EEE,2014J,649935,0,test
EEE,2014J,649943,3,train
EEE,2014J,650027,1,calib
EEE,2014J,650105,2,train
EEE,2014J,650137,1,calib
EEE,2014J,650145,2,train
EEE,2014J,650164,4,train
EEE,2014J,650192,2,train
EEE,2014J,650223,4,train
EEE,2014J,650330,2,train
EEE,2014J,650334,0,test
EEE,2014J,650341,3,train
EEE,2014J,650384,2,train
EEE,2014J,650471,1,calib
EEE,2014J,650504,0,test
EEE,2014J,650533,0,test
EEE,2014J,650575,3,train
EEE,2014J,650578,1,calib
EEE,2014J,650592,3,train
EEE,2014J,650666,0,test
EEE,2014J,650734,0,test
EEE,2014J,650752,4,train
EEE,2014J,650770,1,calib
EEE,2014J,650816,4,train
EEE,2014J,650849,1,calib
EEE,2014J,650856,3,train
EEE,2014J,650926,1,calib
EEE,2014J,650927,3,train
EEE,2014J,650950,1,calib
EEE,2014J,650987,3,train
EEE,2014J,651015,2,train
EEE,2014J,651086,4,train
EEE,2014J,651155,1,calib
EEE,2014J,651156,3,train
EEE,2014J,651191,3,train
EEE,2014J,651245,4,train
EEE,2014J,651298,1,calib
EEE,2014J,651337,2,train
EEE,2014J,651361,0,test
EEE,2014J,651371,2,train
EEE,2014J,651384,4,train
EEE,2014J,651533,2,train
EEE,2014J,651534,3,train
EEE,2014J,651616,4,train
EEE,2014J,651635,2,train
EEE,2014J,651648,1,calib
EEE,2014J,651734,2,train
EEE,2014J,651766,1,calib
EEE,2014J,651828,0,test
EEE,2014J,651839,2,train
EEE,2014J,651850,3,train
EEE,2014J,651915,2,train
EEE,2014J,651930,0,test
EEE,2014J,651933,1,calib
EEE,2014J,651935,2,train
EEE,2014J,651950,3,train
EEE,2014J,651995,3,train
EEE,2014J,652054,1,calib
EEE,2014J,652233,4,train
EEE,2014J,652285,1,calib
EEE,2014J,652287,2,train
EEE,2014J,652302,3,train
EEE,2014J,652442,2,train
EEE,2014J,652460,1,calib
EEE,2014J,652476,0,test
EEE,2014J,652501,2,train
EEE,2014J,652571,1,calib
EEE,2014J,652606,4,train
EEE,2014J,652667,1,calib
EEE,2014J,652861,1,calib
EEE,2014J,652880,2,train
EEE,2014J,652894,4,train
EEE,2014J,652902,0,test
EEE,2014J,652971,4,train
EEE,2014J,653090,0,test
EEE,2014J,653168,2,train
EEE,2014J,653177,0,test
EEE,2014J,653210,1,calib
EEE,2014J,653248,4,train
EEE,2014J,653326,0,test
EEE,2014J,653352,4,train
EEE,2014J,653360,4,train
EEE,2014J,653440,0,test
EEE,2014J,653506,2,train
EEE,2014J,653587,2,train
EEE,2014J,653608,0,test
EEE,2014J,653661,2,train
EEE,2014J,653665,4,train
EEE,2014J,653688,0,test
EEE,2014J,653718,1,calib
EEE,2014J,653801,2,train
EEE,2014J,653887,3,train
EEE,2014J,653998,4,train
EEE,2014J,654031,2,train
EEE,2014J,654095,2,train
EEE,2014J,654125,3,train
EEE,2014J,654198,0,test
EEE,2014J,654202,1,calib
EEE,2014J,654213,3,train
EEE,2014J,654240,3,train
EEE,2014J,654295,0,test
EEE,2014J,654325,2,train
EEE,2014J,654397,1,calib
EEE,2014J,654464,1,calib
EEE,2014J,654485,2,train
EEE,2014J,654547,4,train
EEE,2014J,654570,0,test
EEE,2014J,654579,1,calib
EEE,2014J,654668,4,train
EEE,2014J,654676,0,test
EEE,2014J,654755,1,calib
EEE,2014J,654801,2,train
EEE,2014J,654822,1,calib
EEE,2014J,654876,4,train
EEE,2014J,654888,1,calib
EEE,2014J,654891,2,train
EEE,2014J,654925,4,train
EEE,2014J,654933,0,test
EEE,2014J,655051,0,test
EEE,2014J,655242,2,train
EEE,2014J,655383,2,train
EEE,2014J,655396,0,test
EEE,2014J,655468,0,test
EEE,2014J,655484,0,test
EEE,2014J,655498,2,train
EEE,2014J,655558,3,train
EEE,2014J,655609,1,calib
EEE,2014J,655634,1,calib
EEE,2014J,655680,0,test
EEE,2014J,655764,4,train
EEE,2014J,655794,0,test
EEE,2014J,655865,3,train
EEE,2014J,655869,2,train
EEE,2014J,655924,3,train
EEE,2014J,655973,2,train
EEE,2014J,656010,3,train
EEE,2014J,656057,4,train
EEE,2014J,656068,4,train
EEE,2014J,656134,0,test
EEE,2014J,656203,0,test
EEE,2014J,656347,3,train
EEE,2014J,656446,1,calib
EEE,2014J,656535,4,train
EEE,2014J,656553,4,train
EEE,2014J,656578,1,calib
EEE,2014J,656815,4,train
EEE,2014J,656825,0,test
EEE,2014J,656854,2,train
EEE,2014J,656906,3,train
EEE,2014J,656928,0,test
EEE,2014J,656929,2,train
EEE,2014J,656954,2,train
EEE,2014J,657002,3,train
EEE,2014J,657062,0,test
EEE,2014J,657091,4,train
EEE,2014J,657128,1,calib
EEE,2014J,657194,3,train
EEE,2014J,657196,4,train
EEE,2014J,657209,0,test
EEE,2014J,657210,2,train
EEE,2014J,657226,2,train
EEE,2014J,657319,3,train
EEE,2014J,674253,0,test
EEE,2014J,674296,3,train
EEE,2014J,674430,1,calib
EEE,2014J,674457,2,train
EEE,2014J,674720,2,train
EEE,2014J,674747,3,train
EEE,2014J,674808,3,train
EEE,2014J,674853,4,train
EEE,2014J,674882,1,calib
EEE,2014J,674888,0,test
EEE,2014J,674889,4,train
EEE,2014J,674941,2,train
EEE,2014J,674965,2,train
EEE,2014J,675104,4,train
EEE,2014J,675162,1,calib
EEE,2014J,675337,4,train
EEE,2014J,675365,0,test
EEE,2014J,675374,3,train
EEE,2014J,675391,1,calib
EEE,2014J,675441,2,train
EEE,2014J,675442,0,test
EEE,2014J,675450,2,train
EEE,2014J,675495,0,test
EEE,2014J,675537,2,train
EEE,2014J,675663,4,train
EEE,2014J,675773,2,train
EEE,2014J,675840,4,train
EEE,2014J,675853,1,calib
EEE,2014J,675972,3,train
EEE,2014J,676025,2,train
EEE,2014J,676084,2,train
EEE,2014J,676150,2,train
EEE,2014J,676181,2,train
EEE,2014J,676333,1,calib
EEE,2014J,676482,0,test
EEE,2014J,676611,4,train
EEE,2014J,676676,4,train
EEE,2014J,676722,1,calib
EEE,2014J,676724,2,train
EEE,2014J,676805,2,train
EEE,2014J,676812,0,test
EEE,2014J,676834,1,calib
EEE,2014J,677018,2,train
EEE,2014J,677040,4,train
EEE,2014J,677049,1,calib
EEE,2014J,677189,2,train
EEE,2014J,677197,0,test
EEE,2014J,677232,0,test
EEE,2014J,677250,4,train
EEE,2014J,677416,1,calib
EEE,2014J,677457,3,train
EEE,2014J,677459,2,train
EEE,2014J,677507,1,calib
EEE,2014J,677631,4,train
EEE,2014J,677711,2,train
EEE,2014J,677721,4,train
EEE,2014J,677741,0,test
EEE,2014J,677772,4,train
EEE,2014J,677776,1,calib
EEE,2014J,677897,0,test
EEE,2014J,677900,4,train
EEE,2014J,677947,1,calib
EEE,2014J,678015,2,train
EEE,2014J,678026,4,train
EEE,2014J,678194,2,train
EEE,2014J,678267,4,train
EEE,2014J,678310,3,train
EEE,2014J,678341,0,test
EEE,2014J,678393,0,test
EEE,2014J,678419,0,test
EEE,2014J,678508,2,train
EEE,2014J,678538,0,test
EEE,2014J,678613,4,train
EEE,2014J,678701,1,calib
EEE,2014J,678715,4,train
EEE,2014J,678811,4,train
EEE,2014J,678852,0,test
EEE,2014J,678860,4,train
EEE,2014J,678929,2,train
EEE,2014J,678970,0,test
EEE,2014J,679037,1,calib
EEE,2014J,679114,2,train
EEE,2014J,679207,3,train
EEE,2014J,679431,2,train
EEE,2014J,679539,0,test
EEE,2014J,679541,2,train
EEE,2014J,679569,0,test
EEE,2014J,679631,2,train
EEE,2014J,679801,4,train
EEE,2014J,679883,3,train
EEE,2014J,680074,1,calib
EEE,2014J,680133,3,train
EEE,2014J,680267,1,calib
EEE,2014J,680333,3,train
EEE,2014J,680442,0,test
EEE,2014J,680483,0,test
EEE,2014J,680563,3,train
EEE,2014J,680614,2,train
EEE,2014J,680644,4,train
EEE,2014J,680678,3,train
EEE,2014J,680765,2,train
EEE,2014J,680804,2,train
EEE,2014J,680829,0,test
EEE,2014J,680894,4,train
EEE,2014J,681001,2,train
EEE,2014J,681095,4,train
EEE,2014J,681200,2,train
EEE,2014J,681302,1,calib
EEE,2014J,681327,2,train
EEE,2014J,681369,4,train
EEE,2014J,681379,0,test
EEE,2014J,681416,1,calib
EEE,2014J,681759,2,train
EEE,2014J,681852,3,train
EEE,2014J,681861,1,calib
EEE,2014J,682041,2,train
EEE,2014J,682217,3,train
EEE,2014J,682239,2,train
EEE,2014J,682259,1,calib
EEE,2014J,682319,0,test
EEE,2014J,682355,0,test
EEE,2014J,682414,2,train
EEE,2014J,682554,2,train
EEE,2014J,682575,0,test
EEE,2014J,682673,4,train
EEE,2014J,682717,3,train
EEE,2014J,682758,1,calib
EEE,2014J,683079,0,test
EEE,2014J,683170,4,train
EEE,2014J,683246,3,train
EEE,2014J,683270,1,calib
EEE,2014J,683492,0,test
EEE,2014J,683640,0,test
EEE,2014J,683728,2,train
EEE,2014J,684050,1,calib
EEE,2014J,684064,3,train
EEE,2014J,684225,3,train
EEE,2014J,684357,1,calib
EEE,2014J,684473,4,train
EEE,2014J,684498,1,calib
EEE,2014J,684504,3,train
EEE,2014J,684511,0,test
EEE,2014J,684532,3,train
EEE,2014J,684567,1,calib
EEE,2014J,684610,3,train
EEE,2014J,684617,3,train
EEE,2014J,684669,4,train
EEE,2014J,684825,4,train
EEE,2014J,684905,0,test
EEE,2014J,684907,0,test
EEE,2014J,684944,2,train
EEE,2014J,684967,0,test
EEE,2014J,685060,0,test
EEE,2014J,685152,0,test
EEE,2014J,685176,2,train
EEE,2014J,685199,1,calib
EEE,2014J,685236,1,calib
EEE,2014J,685284,3,train
EEE,2014J,685287,1,calib
EEE,2014J,685292,3,train
EEE,2014J,685370,0,test
EEE,2014J,685487,3,train
EEE,2014J,685499,4,train
EEE,2014J,685517,1,calib
EEE,2014J,685557,1,calib
EEE,2014J,685668,1,calib
EEE,2014J,685750,4,train
EEE,2014J,685804,3,train
EEE,2014J,685913,3,train
EEE,2014J,685950,2,train
EEE,2014J,685991,1,calib
EEE,2014J,686051,3,train
EEE,2014J,686058,4,train
EEE,2014J,686110,0,test
EEE,2014J,686287,1,calib
EEE,2014J,686339,3,train
EEE,2014J,686365,0,test
EEE,2014J,686447,1,calib
EEE,2014J,686462,1,calib
EEE,2014J,686476,3,train
EEE,2014J,686525,0,test
EEE,2014J,686564,1,calib
EEE,2014J,686593,2,train
EEE,2014J,686708,2,train
EEE,2014J,686753,3,train
EEE,2014J,686872,0,test
EEE,2014J,686877,1,calib
EEE,2014J,686913,2,train
EEE,2014J,687023,2,train
EEE,2014J,687194,0,test
EEE,2014J,687242,3,train
EEE,2014J,687283,3,train
EEE,2014J,687310,3,train
EEE,2014J,687367,3,train
EEE,2014J,687370,0,test
EEE,2014J,687498,1,calib
EEE,2014J,687563,2,train
EEE,2014J,687574,4,train
EEE,2014J,687757,3,train
EEE,2014J,687766,1,calib
EEE,2014J,687772,4,train
EEE,2014J,687844,4,train
EEE,2014J,687945,1,calib
EEE,2014J,687953,2,train
EEE,2014J,688118,2,train
EEE,2014J,688133,2,train
EEE,2014J,688287,2,train
EEE,2014J,688310,3,train
EEE,2014J,688404,4,train
EEE,2014J,688451,3,train
EEE,2014J,688662,4,train
EEE,2014J,688683,1,calib
EEE,2014J,688742,1,calib
EEE,2014J,688763,2,train
EEE,2014J,688870,0,test
EEE,2014J,688924,0,test
EEE,2014J,688942,1,calib
EEE,2014J,688974,1,calib
EEE,2014J,689161,3,train
EEE,2014J,689217,1,calib
EEE,2014J,689250,1,calib
EEE,2014J,689288,4,train
EEE,2014J,689309,3,train
EEE,2014J,689370,4,train
EEE,2014J,689389,3,train
EEE,2014J,689618,0,test
EEE,2014J,689763,3,train
EEE,2014J,689786,1,calib
EEE,2014J,689807,0,test
EEE,2014J,689840,1,calib
EEE,2014J,689944,0,test
EEE,2014J,689983,0,test
EEE,2014J,690016,4,train
EEE,2014J,690095,4,train
EEE,2014J,690241,1,calib
EEE,2014J,690298,0,test
EEE,2014J,690370,1,calib
EEE,2014J,690406,0,test
EEE,2014J,690439,4,train
EEE,2014J,690470,3,train
EEE,2014J,690507,0,test
EEE,2014J,690525,2,train
EEE,2014J,690553,2,train
EEE,2014J,690586,2,train
EEE,2014J,690724,2,train
EEE,2014J,690736,1,calib
EEE,2014J,690763,3,train
EEE,2014J,690917,4,train
EEE,2014J,691078,4,train
EEE,2014J,691189,0,test
EEE,2014J,691218,2,train
EEE,2014J,691248,2,train
EEE,2014J,691536,0,test
EEE,2014J,691701,1,calib
EEE,2014J,691790,2,train
EEE,2014J,691875,0,test
EEE,2014J,691978,2,train
EEE,2014J,692012,1,calib
EEE,2014J,692354,4,train
EEE,2014J,692534,3,train
EEE,2014J,692646,0,test
EEE,2014J,692723,0,test
EEE,2014J,692924,2,train
EEE,2014J,692928,1,calib
EEE,2014J,692991,1,calib
EEE,2014J,693069,0,test
EEE,2014J,693111,0,test
EEE,2014J,693147,4,train
EEE,2014J,693221,2,train
EEE,2014J,693235,0,test
EEE,2014J,693308,4,train
EEE,2014J,693416,4,train
EEE,2014J,693478,3,train
EEE,2014J,693640,2,train
EEE,2014J,693910,4,train
EEE,2014J,693959,2,train
EEE,2014J,694081,1,calib
EEE,2014J,694106,1,calib
EEE,2014J,694132,2,train
EEE,2014J,694152,0,test
EEE,2014J,694218,4,train
EEE,2014J,694246,2,train
EEE,2014J,694304,1,calib
EEE,2014J,694361,1,calib
EEE,2014J,694457,1,calib
EEE,2014J,694548,4,train
EEE,2014J,694571,1,calib
EEE,2014J,694579,4,train
EEE,2014J,694589,2,train
EEE,2014J,694658,1,calib
EEE,2014J,694680,4,train
EEE,2014J,694684,1,calib
EEE,2014J,694735,4,train
EEE,2014J,694779,2,train
EEE,2014J,694854,1,calib
EEE,2014J,695094,4,train
EEE,2014J,695122,2,train
EEE,2014J,695435,1,calib
EEE,2014J,695638,4,train
EEE,2014J,695644,1,calib
EEE,2014J,695653,3,train
EEE,2014J,695668,0,test
EEE,2014J,695760,1,calib
EEE,2014J,695855,1,calib
EEE,2014J,695919,4,train
EEE,2014J,695921,1,calib
EEE,2014J,695932,4,train
EEE,2014J,695944,3,train
EEE,2014J,696044,3,train
EEE,2014J,696128,4,train
EEE,2014J,696192,2,train
EEE,2014J,696325,0,test
EEE,2014J,696361,4,train
EEE,2014J,696464,1,calib
EEE,2014J,696485,2,train
EEE,2014J,696577,3,train
EEE,2014J,696796,2,train
EEE,2014J,696930,3,train
EEE,2014J,697041,2,train
EEE,2014J,697113,4,train
EEE,2014J,697120,2,train
EEE,2014J,697253,3,train
EEE,2014J,697460,1,calib
EEE,2014J,697461,2,train
EEE,2014J,697482,2,train
EEE,2014J,697658,0,test
EEE,2014J,697781,2,train
EEE,2014J,698011,0,test
EEE,2014J,698024,2,train
EEE,2014J,698092,4,train
EEE,2014J,698300,1,calib
EEE,2014J,698355,4,train
EEE,2014J,698413,4,train
EEE,2014J,698417,1,calib
EEE,2014J,698598,1,calib
EEE,2014J,698717,0,test
EEE,2014J,699038,3,train
EEE,2014J,699049,4,train
EEE,2014J,699050,3,train
EEE,2014J,699134,0,test
EEE,2014J,699135,1,calib
EEE,2014J,699136,2,train
EEE,2014J,699138,3,train
EEE,2014J,699140,4,train
EEE,2014J,699141,4,train
EEE,2014J,699142,1,calib
EEE,2014J,699170,0,test
EEE,2014J,699440,2,train
EEE,2014J,1040037,4,train
EEE,2014J,1334225,2,train
EEE,2014J,1354095,2,train
EEE,2014J,1429504,0,test
EEE,2014J,1483814,1,calib
EEE,2014J,1490624,0,test
EEE,2014J,1497822,1,calib
EEE,2014J,1664171,3,train
EEE,2014J,1674799,0,test
EEE,2014J,1679610,2,train
EEE,2014J,1797068,4,train
EEE,2014J,1841850,1,calib
EEE,2014J,1878648,2,train
EEE,2014J,1895288,1,calib
EEE,2014J,1895399,2,train
EEE,2014J,1910737,4,train
EEE,2014J,1943214,2,train
EEE,2014J,1953275,4,train
EEE,2014J,2004220,4,train
EEE,2014J,2024200,3,train
EEE,2014J,2050998,4,train
EEE,2014J,2065756,3,train
EEE,2014J,2067969,0,test
EEE,2014J,2072671,4,train
EEE,2014J,2080916,1,calib
EEE,2014J,2137785,2,train
EEE,2014J,2151019,0,test
EEE,2014J,2173643,1,calib
EEE,2014J,2192061,0,test
EEE,2014J,2204389,3,train
EEE,2014J,2211797,4,train
EEE,2014J,2221654,2,train
EEE,2014J,2229389,0,test
EEE,2014J,2230251,4,train
EEE,2014J,2242383,0,test
EEE,2014J,2257400,2,train
EEE,2014J,2258124,1,calib
EEE,2014J,2259662,3,train
EEE,2014J,2281441,3,train
EEE,2014J,2286544,3,train
EEE,2014J,2289071,2,train
EEE,2014J,2290886,3,train
EEE,2014J,2297016,2,train
EEE,2014J,2338535,4,train
EEE,2014J,2340230,3,train
EEE,2014J,2352407,4,train
EEE,2014J,2355274,0,test
EEE,2014J,2372573,2,train
EEE,2014J,2391303,3,train
EEE,2014J,2395505,0,test
EEE,2014J,2410632,4,train
EEE,2014J,2427886,1,calib
EEE,2014J,2436584,0,test
EEE,2014J,2437591,4,train
EEE,2014J,2442423,4,train
EEE,2014J,2443165,4,train
EEE,2014J,2453691,3,train
EEE,2014J,2464118,0,test
EEE,2014J,2484189,3,train
EEE,2014J,2498614,4,train
EEE,2014J,2501127,2,train
EEE,2014J,2533383,1,calib
EEE,2014J,2535666,3,train
EEE,2014J,2538792,2,train
EEE,2014J,2542182,1,calib
EEE,2014J,2550960,2,train
EEE,2014J,2566474,1,calib
EEE,2014J,2579558,0,test
EEE,2014J,2592973,2,train
EEE,2014J,2599179,1,calib
EEE,2014J,2612725,2,train
EEE,2014J,2622627,3,train
EEE,2014J,2626779,4,train
EEE,2014J,2627992,1,calib
EEE,2014J,2631935,2,train
EEE,2014J,2637000,3,train
EEE,2014J,2639115,1,calib
EEE,2014J,2644404,0,test
EEE,2014J,2654928,0,test
EEE,2014J,2663195,1,calib
EEE,2014J,2681277,0,test
EEE,2014J,2686053,2,train
EEE,2014J,2686712,1,calib
FFF,2013B,33915,3,train
FFF,2013B,35544,4,train
FFF,2013B,35860,3,train
FFF,2013B,36385,2,train
FFF,2013B,36842,1,calib
FFF,2013B,37298,2,train
FFF,2013B,42668,4,train
FFF,2013B,43011,3,train
FFF,2013B,43273,1,calib
FFF,2013B,43430,0,test
FFF,2013B,49095,4,train
FFF,2013B,50263,0,test
FFF,2013B,53197,0,test
FFF,2013B,53709,1,calib
FFF,2013B,55450,0,test
FFF,2013B,58549,1,calib
FFF,2013B,60519,1,calib
FFF,2013B,65656,4,train
FFF,2013B,68208,4,train
FFF,2013B,71275,4,train
FFF,2013B,71578,2,train
FFF,2013B,72693,1,calib
FFF,2013B,74113,1,calib
FFF,2013B,77998,1,calib
FFF,2013B,80745,4,train
FFF,2013B,80886,1,calib
FFF,2013B,82556,4,train
FFF,2013B,82817,3,train
FFF,2013B,84051,3,train
FFF,2013B,86538,0,test
FFF,2013B,87152,1,calib
FFF,2013B,88957,3,train
FFF,2013B,89895,2,train
FFF,2013B,91164,4,train
FFF,2013B,96729,2,train
FFF,2013B,99993,3,train
FFF,2013B,101306,4,train
FFF,2013B,107162,3,train
FFF,2013B,107955,4,train
FFF,2013B,108330,4,train
FFF,2013B,110085,1,calib
FFF,2013B,110116,3,train
FFF,2013B,111775,0,test
FFF,2013B,112010,3,train
FFF,2013B,115373,2,train
FFF,2013B,118532,2,train
FFF,2013B,118668,3,train
FFF,2013B,119353,2,train
FFF,2013B,125996,3,train
FFF,2013B,126088,3,train
FFF,2013B,128142,4,train
FFF,2013B,128791,0,test
FFF,2013B,130403,0,test
FFF,2013B,131272,4,train
FFF,2013B,134260,0,test
FFF,2013B,134578,1,calib
FFF,2013B,135075,4,train
FFF,2013B,139949,0,test
FFF,2013B,140866,1,calib
FFF,2013B,140907,2,train
FFF,2013B,142339,0,test
FFF,2013B,143350,4,train
FFF,2013B,144747,1,calib
FFF,2013B,146455,4,train
FFF,2013B,146679,2,train
FFF,2013B,147168,1,calib
FFF,2013B,149567,3,train
FFF,2013B,149680,0,test
FFF,2013B,149693,4,train
FFF,2013B,150763,4,train
FFF,2013B,151465,0,test
FFF,2013B,153110,1,calib
FFF,2013B,153785,3,train
FFF,2013B,155511,3,train
FFF,2013B,157308,3,train
FFF,2013B,160193,4,train
FFF,2013B,161658,0,test
FFF,2013B,165617,2,train
FFF,2013B,165806,3,train
FFF,2013B,166327,1,calib
FFF,2013B,166421,2,train
FFF,2013B,167557,1,calib
FFF,2013B,167759,3,train
FFF,2013B,169490,0,test
FFF,2013B,169555,0,test
FFF,2013B,169858,1,calib
FFF,2013B,170165,1,calib
FFF,2013B,174436,1,calib
FFF,2013B,174805,4,train
FFF,2013B,180974,0,test
FFF,2013B,181508,3,train
FFF,2013B,181992,1,calib
FFF,2013B,182468,3,train
FFF,2013B,184129,2,train
FFF,2013B,185496,2,train
FFF,2013B,186380,1,calib
FFF,2013B,189720,3,train
FFF,2013B,190653,4,train
FFF,2013B,191998,3,train
FFF,2013B,193193,4,train
FFF,2013B,193803,0,test
FFF,2013B,193834,4,train
FFF,2013B,198257,3,train
FFF,2013B,199244,4,train
FFF,2013B,199446,1,calib
FFF,2013B,200773,3,train
FFF,2013B,202487,3,train
FFF,2013B,203050,1,calib
FFF,2013B,203442,1,calib
FFF,2013B,203707,1,calib
FFF,2013B,227401,2,train
FFF,2013B,228635,3,train
FFF,2013B,228703,1,calib
FFF,2013B,230279,4,train
FFF,2013B,230684,0,test
FFF,2013B,232675,4,train
FFF,2013B,232764,4,train
FFF,2013B,234196,3,train
FFF,2013B,234609,2,train
FFF,2013B,234661,4,train
FFF,2013B,234727,0,test
FFF,2013B,236844,1,calib
FFF,2013B,237401,0,test
FFF,2013B,237953,3,train
FFF,2013B,238901,3,train
FFF,2013B,239540,3,train
FFF,2013B,239748,1,calib
FFF,2013B,240024,4,train
FFF,2013B,241166,0,test
FFF,2013B,241700,3,train
FFF,2013B,243600,0,test
FFF,2013B,243657,1,calib
FFF,2013B,244114,4,train
FFF,2013B,244816,0,test
FFF,2013B,244918,2,train
FFF,2013B,246112,4,train
FFF,2013B,247666,3,train
FFF,2013B,247856,1,calib
FFF,2013B,247940,4,train
FFF,2013B,249362,1,calib
FFF,2013B,249570,4,train
FFF,2013B,252041,1,calib
FFF,2013B,252095,3,train
FFF,2013B,254044,4,train
FFF,2013B,254162,3,train
FFF,2013B,254325,0,test
FFF,2013B,254463,2,train
FFF,2013B,255344,2,train
FFF,2013B,261335,4,train
FFF,2013B,263697,1,calib
FFF,2013B,265112,1,calib
FFF,2013B,265855,4,train
FFF,2013B,266559,1,calib
FFF,2013B,266858,0,test
FFF,2013B,267602,3,train
FFF,2013B,269243,4,train
FFF,2013B,269593,3,train
FFF,2013B,269677,2,train
FFF,2013B,271168,2,train
FFF,2013B,273605,0,test
FFF,2013B,274237,1,calib
FFF,2013B,275151,2,train
FFF,2013B,276314,0,test
FFF,2013B,276846,1,calib
FFF,2013B,277044,4,train
FFF,2013B,277577,3,train
FFF,2013B,278282,2,train
FFF,2013B,281651,2,train
FFF,2013B,281785,3,train
FFF,2013B,282879,3,train
FFF,2013B,283050,4,train
FFF,2013B,283055,4,train
FFF,2013B,283230,4,train
FFF,2013B,283348,1,calib
FFF,2013B,284395,2,train
FFF,2013B,285391,1,calib
FFF,2013B,285996,1,calib
FFF,2013B,286067,3,train
FFF,2013B,286422,0,test
FFF,2013B,287099,1,calib
FFF,2013B,289618,4,train
FFF,2013B,290252,1,calib
FFF,2013B,291159,4,train
FFF,2013B,291960,0,test
FFF,2013B,294679,0,test
FFF,2013B,296911,4,train
FFF,2013B,299237,1,calib
FFF,2013B,300264,3,train
FFF,2013B,301298,1,calib
FFF,2013B,302924,4,train
FFF,2013B,303288,0,test
FFF,2013B,303595,0,test
FFF,2013B,307689,3,train
FFF,2013B,308363,4,train
FFF,2013B,309048,2,train
FFF,2013B,311401,0,test
FFF,2013B,313975,4,train
FFF,2013B,314507,0,test
FFF,2013B,314548,1,calib
FFF,2013B,315945,4,train
FFF,2013B,318241,3,train
FFF,2013B,319563,2,train
FFF,2013B,319884,0,test
FFF,2013B,320251,2,train
FFF,2013B,320764,1,calib
FFF,2013B,322106,0,test
FFF,2013B,322985,4,train
FFF,2013B,323809,0,test
FFF,2013B,324305,2,train
FFF,2013B,324447,1,calib
FFF,2013B,327650,0,test
FFF,2013B,327797,2,train
FFF,2013B,328476,4,train
FFF,2013B,331104,4,train
FFF,2013B,331318,2,train
FFF,2013B,331883,2,train
FFF,2013B,332668,4,train
FFF,2013B,333346,0,test
FFF,2013B,333832,2,train
FFF,2013B,334134,2,train
FFF,2013B,334224,4,train
FFF,2013B,335242,0,test
FFF,2013B,336258,1,calib
FFF,2013B,336362,0,test
FFF,2013B,337189,0,test
FFF,2013B,338089,1,calib
FFF,2013B,338373,3,train
FFF,2013B,340496,4,train
FFF,2013B,340850,1,calib
FFF,2013B,342125,4,train
FFF,2013B,342208,3,train
FFF,2013B,342475,4,train
FFF,2013B,343053,1,calib
FFF,2013B,343913,0,test
FFF,2013B,345064,3,train
FFF,2013B,346207,0,test
FFF,2013B,346853,2,train
FFF,2013B,347410,2,train
FFF,2013B,348159,0,test
FFF,2013B,348986,4,train
FFF,2013B,349359,3,train
FFF,2013B,349908,1,calib
FFF,2013B,350660,1,calib
FFF,2013B,351034,2,train
FFF,2013B,351378,0,test
FFF,2013B,351500,1,calib
FFF,2013B,352152,2,train
FFF,2013B,353018,3,train
FFF,2013B,353221,0,test
FFF,2013B,354171,1,calib
FFF,2013B,354173,2,train
FFF,2013B,354992,2,train
FFF,2013B,355143,1,calib
FFF,2013B,355149,2,train
FFF,2013B,355663,0,test
FFF,2013B,355738,3,train
FFF,2013B,357219,4,train
FFF,2013B,357297,1,calib
FFF,2013B,358808,1,calib
FFF,2013B,359156,0,test
FFF,2013B,359417,2,train
FFF,2013B,359640,3,train
FFF,2013B,359883,4,train
FFF,2013B,360024,0,test
FFF,2013B,360726,1,calib
FFF,2013B,361837,0,test
FFF,2013B,362356,2,train
FFF,2013B,362668,0,test
FFF,2013B,363749,0,test
FFF,2013B,366492,2,train
FFF,2013B,366649,0,test
FFF,2013B,366836,4,train
FFF,2013B,367696,4,train
FFF,2013B,368507,1,calib
FFF,2013B,368886,3,train
FFF,2013B,369811,1,calib
FFF,2013B,370312,1,calib
FFF,2013B,371169,0,test
FFF,2013B,371787,1,calib
FFF,2013B,371810,3,train
FFF,2013B,373135,3,train
FFF,2013B,373613,4,train
FFF,2013B,376109,4,train
FFF,2013B,377046,3,train
FFF,2013B,377244,2,train
FFF,2013B,377274,1,calib
FFF,2013B,378884,1,calib
FFF,2013B,378950,4,train
FFF,2013B,379234,1,calib
FFF,2013B,379558,0,test
FFF,2013B,381365,2,train
FFF,2013B,382086,4,train
FFF,2013B,382160,2,train
FFF,2013B,383018,3,train
FFF,2013B,383316,0,test
FFF,2013B,383388,0,test
FFF,2013B,383541,2,train
FFF,2013B,383558,0,test
FFF,2013B,383748,4,train
FFF,2013B,383907,1,calib
FFF,2013B,383946,4,train
FFF,2013B,384866,4,train
FFF,2013B,385578,0,test
FFF,2013B,385681,4,train
FFF,2013B,386985,2,train
FFF,2013B,387174,0,test
FFF,2013B,387447,2,train
FFF,2013B,387635,2,train
FFF,2013B,388323,4,train
FFF,2013B,389759,4,train
FFF,2013B,389773,2,train
FFF,2013B,390400,0,test
FFF,2013B,390440,0,test
FFF,2013B,391343,0,test
FFF,2013B,391613,2,train
FFF,2013B,391630,3,train
FFF,2013B,391822,3,train
FFF,2013B,391891,4,train
FFF,2013B,392217,4,train
FFF,2013B,392691,2,train
FFF,2013B,393918,4,train
FFF,2013B,393934,4,train
FFF,2013B,394347,0,test
FFF,2013B,394937,4,train
FFF,2013B,395010,3,train
FFF,2013B,395367,0,test
FFF,2013B,395463,3,train
FFF,2013B,395588,2,train
FFF,2013B,396679,1,calib
FFF,2013B,396739,3,train
FFF,2013B,397297,0,test
FFF,2013B,397310,2,train
FFF,2013B,398040,4,train
FFF,2013B,398118,0,test
FFF,2013B,398656,4,train
FFF,2013B,398862,2,train
FFF,2013B,399895,2,train
FFF,2013B,400004,4,train
FFF,2013B,400010,0,test
FFF,2013B,400087,4,train
FFF,2013B,400632,0,test
FFF,2013B,401812,3,train
FFF,2013B,402531,2,train
FFF,2013B,403158,1,calib
FFF,2013B,404135,4,train
FFF,2013B,404147,0,test
FFF,2013B,404170,1,calib
FFF,2013B,404559,1,calib
FFF,2013B,405219,3,train
FFF,2013B,405314,0,test
FFF,2013B,405889,2,train
FFF,2013B,407371,4,train
FFF,2013B,407670,4,train
FFF,2013B,407681,4,train
FFF,2013B,407818,2,train
FFF,2013B,407968,4,train
FFF,2013B,408372,1,calib
FFF,2013B,408651,1,calib
FFF,2013B,408753,2,train
FFF,2013B,408762,4,train
FFF,2013B,409663,1,calib
FFF,2013B,410874,3,train
FFF,2013B,411013,4,train
FFF,2013B,411553,2,train
FFF,2013B,412025,1,calib
FFF,2013B,412102,0,test
FFF,2013B,412263,0,test
FFF,2013B,412307,3,train
FFF,2013B,413705,3,train
FFF,2013B,414258,2,train
FFF,2013B,415952,0,test
FFF,2013B,415988,2,train
FFF,2013B,416229,1,calib
FFF,2013B,416696,3,train
FFF,2013B,416725,0,test
FFF,2013B,417863,4,train
FFF,2013B,418634,4,train
FFF,2013B,418998,1,calib
FFF,2013B,419228,0,test
FFF,2013B,419565,3,train
FFF,2013B,419791,4,train
FFF,2013B,419946,2,train
FFF,2013B,420096,3,train
FFF,2013B,420673,4,train
FFF,2013B,420699,3,train
FFF,2013B,420720,0,test
FFF,2013B,420894,0,test
FFF,2013B,422061,3,train
FFF,2013B,422087,4,train
FFF,2013B,422280,4,train
FFF,2013B,422340,0,test
FFF,2013B,423601,2,train
FFF,2013B,423985,0,test
FFF,2013B,424544,3,train
FFF,2013B,425748,0,test
FFF,2013B,425755,1,calib
FFF,2013B,425997,0,test
FFF,2013B,426074,1,calib
FFF,2013B,426465,1,calib
FFF,2013B,427228,3,train
FFF,2013B,427348,2,train
FFF,2013B,428142,4,train
FFF,2013B,428641,3,train
FFF,2013B,428932,2,train
FFF,2013B,428979,3,train
FFF,2013B,429162,4,train
FFF,2013B,430554,3,train
FFF,2013B,430870,1,calib
FFF,2013B,431251,0,test
FFF,2013B,431268,1,calib
FFF,2013B,432222,4,train
FFF,2013B,432532,2,train
FFF,2013B,434298,0,test
FFF,2013B,434476,4,train
FFF,2013B,435043,0,test
FFF,2013B,435258,2,train
FFF,2013B,437246,0,test
FFF,2013B,437432,2,train
FFF,2013B,437752,4,train
FFF,2013B,437872,1,calib
FFF,2013B,438323,2,train
FFF,2013B,438452,2,train
FFF,2013B,439002,3,train
FFF,2013B,440288,0,test
FFF,2013B,440632,2,train
FFF,2013B,440825,1,calib
FFF,2013B,440851,4,train
FFF,2013B,440911,0,test
FFF,2013B,441421,4,train
FFF,2013B,441954,2,train
FFF,2013B,442436,0,test
FFF,2013B,443563,3,train
FFF,2013B,443696,4,train
FFF,2013B,443950,3,train
FFF,2013B,443989,2,train
FFF,2013B,446440,3,train
FFF,2013B,446825,3,train
FFF,2013B,447036,3,train
FFF,2013B,447127,3,train
FFF,2013B,464616,1,calib
FFF,2013B,464755,1,calib
FFF,2013B,464785,3,train
FFF,2013B,465175,4,train
FFF,2013B,465312,4,train
FFF,2013B,465430,2,train
FFF,2013B,465719,4,train
FFF,2013B,466203,0,test
FFF,2013B,466329,1,calib
FFF,2013B,466582,3,train
FFF,2013B,466599,1,calib
FFF,2013B,466828,1,calib
FFF,2013B,467416,2,train
FFF,2013B,467506,3,train
FFF,2013B,467700,3,train
FFF,2013B,467725,0,test
FFF,2013B,467854,2,train
FFF,2013B,468497,3,train
FFF,2013B,468908,1,calib
FFF,2013B,469154,0,test
FFF,2013B,469743,2,train
FFF,2013B,470786,0,test
FFF,2013B,471977,2,train
FFF,2013B,472602,2,train
FFF,2013B,472810,3,train
FFF,2013B,472981,2,train
FFF,2013B,473081,3,train
FFF,2013B,473102,3,train
FFF,2013B,473162,3,train
FFF,2013B,473789,4,train
FFF,2013B,474256,3,train
FFF,2013B,474677,0,test
FFF,2013B,475681,2,train
FFF,2013B,476194,3,train
FFF,2013B,476845,4,train
FFF,2013B,476946,0,test
FFF,2013B,477185,2,train
FFF,2013B,477812,1,calib
FFF,2013B,478279,2,train
FFF,2013B,478337,0,test
FFF,2013B,478432,2,train
FFF,2013B,478660,0,test
FFF,2013B,478685,1,calib
FFF,2013B,479057,2,train
FFF,2013B,479356,2,train
FFF,2013B,479764,2,train
FFF,2013B,479828,3,train
FFF,2013B,479860,1,calib
FFF,2013B,479892,2,train
FFF,2013B,479922,0,test
FFF,2013B,480014,4,train
FFF,2013B,480181,0,test
FFF,2013B,480199,1,calib
FFF,2013B,480937,4,train
FFF,2013B,480960,3,train
FFF,2013B,480981,0,test
FFF,2013B,480984,1,calib
FFF,2013B,481227,1,calib
FFF,2013B,481367,4,train
FFF,2013B,481453,1,calib
FFF,2013B,482071,1,calib
FFF,2013B,482187,1,calib
FFF,2013B,482264,2,train
FFF,2013B,482268,3,train
FFF,2013B,482275,4,train
FFF,2013B,482513,0,test
FFF,2013B,483117,0,test
FFF,2013B,483179,4,train
FFF,2013B,483620,3,train
FFF,2013B,483743,4,train
FFF,2013B,483872,0,test
FFF,2013B,483997,1,calib
FFF,2013B,484165,3,train
FFF,2013B,484242,2,train
FFF,2013B,484458,2,train
FFF,2013B,484556,4,train
FFF,2013B,484780,3,train
FFF,2013B,484790,2,train
FFF,2013B,484947,3,train
FFF,2013B,485412,2,train
FFF,2013B,485528,1,calib
FFF,2013B,485544,3,train
FFF,2013B,485768,4,train
FFF,2013B,486007,4,train
FFF,2013B,486145,1,calib
FFF,2013B,487168,2,train
FFF,2013B,487271,4,train
FFF,2013B,487636,0,test
FFF,2013B,488386,4,train
FFF,2013B,488675,4,train
FFF,2013B,488968,0,test
FFF,2013B,489443,4,train
FFF,2013B,490082,3,train
FFF,2013B,490156,4,train
FFF,2013B,490195,4,train
FFF,2013B,490284,2,train
FFF,2013B,490542,0,test
FFF,2013B,491004,0,test
FFF,2013B,491011,0,test
FFF,2013B,491503,1,calib
FFF,2013B,491636,0,test
FFF,2013B,492111,4,train
FFF,2013B,494164,3,train
FFF,2013B,494165,0,test
FFF,2013B,494340,2,train
FFF,2013B,494443,3,train
FFF,2013B,494622,4,train
FFF,2013B,494866,0,test
FFF,2013B,494903,0,test
FFF,2013B,495318,4,train
FFF,2013B,495621,3,train
FFF,2013B,495776,3,train
FFF,2013B,496470,2,train
FFF,2013B,496491,0,test
FFF,2013B,496561,1,calib
FFF,2013B,496657,4,train
FFF,2013B,496671,0,test
FFF,2013B,497102,1,calib
FFF,2013B,497139,3,train
FFF,2013B,497180,1,calib
FFF,2013B,497211,2,train
FFF,2013B,497226,1,calib
FFF,2013B,497410,4,train
FFF,2013B,497855,2,train
FFF,2013B,497891,4,train
FFF,2013B,497897,1,calib
FFF,2013B,498269,3,train
FFF,2013B,498554,0,test
FFF,2013B,498578,2,train
FFF,2013B,498636,0,test
FFF,2013B,499244,3,train
FFF,2013B,499354,4,train
FFF,2013B,499372,3,train
FFF,2013B,499419,0,test
FFF,2013B,499993,3,train
FFF,2013B,500230,4,train
FFF,2013B,500652,0,test
FFF,2013B,501302,3,train
FFF,2013B,501411,0,test
FFF,2013B,501493,2,train
FFF,2013B,501755,4,train
FFF,2013B,501869,2,train
FFF,2013B,502361,2,train
FFF,2013B,502512,2,train
FFF,2013B,502517,3,train
FFF,2013B,502531,4,train
FFF,2013B,502900,0,test
FFF,2013B,502973,4,train
FFF,2013B,503134,4,train
FFF,2013B,503544,3,train
FFF,2013B,503668,1,calib
FFF,2013B,504157,4,train
FFF,2013B,504162,0,test
FFF,2013B,504190,1,calib
FFF,2013B,504200,4,train
FFF,2013B,504231,2,train
FFF,2013B,504243,3,train
FFF,2013B,504533,0,test
FFF,2013B,504737,2,train
FFF,2013B,504741,3,train
FFF,2013B,504824,2,train
FFF,2013B,504956,2,train
FFF,2013B,505002,4,train
FFF,2013B,505199,1,calib
FFF,2013B,505244,3,train
FFF,2013B,505315,2,train
FFF,2013B,505333,4,train
FFF,2013B,505488,2,train
FFF,2013B,505501,0,test
FFF,2013B,505508,3,train
FFF,2013B,506092,2,train
FFF,2013B,506321,3,train
FFF,2013B,506412,4,train
FFF,2013B,506930,2,train
FFF,2013B,507034,1,calib
FFF,2013B,508068,2,train
FFF,2013B,508288,2,train
FFF,2013B,508572,0,test
FFF,2013B,508749,2,train
FFF,2013B,508830,1,calib
FFF,2013B,508927,4,train
FFF,2013B,509177,2,train
FFF,2013B,509535,2,train
FFF,2013B,510027,1,calib
FFF,2013B,510186,3,train
FFF,2013B,510335,2,train
FFF,2013B,510693,3,train
FFF,2013B,510759,4,train
FFF,2013B,510883,0,test
FFF,2013B,511005,2,train
FFF,2013B,511340,3,train
FFF,2013B,511762,4,train
FFF,2013B,511990,0,test
FFF,2013B,512305,3,train
FFF,2013B,512961,1,calib
FFF,2013B,513172,0,test
FFF,2013B,513266,1,calib
FFF,2013B,513268,4,train
FFF,2013B,513428,4,train
FFF,2013B,514096,4,train
FFF,2013B,514580,2,train
FFF,2013B,514605,0,test
FFF,2013B,514675,4,train
FFF,2013B,514756,1,calib
FFF,2013B,514903,2,train
FFF,2013B,514913,3,train
FFF,2013B,514969,1,calib
FFF,2013B,515070,3,train
FFF,2013B,515370,1,calib
FFF,2013B,515844,0,test
FFF,2013B,515938,2,train
FFF,2013B,516222,2,train
FFF,2013B,516435,1,calib
FFF,2013B,516519,1,calib
FFF,2013B,517062,1,calib
FFF,2013B,517195,2,train
FFF,2013B,517269,4,train
FFF,2013B,517349,3,train
FFF,2013B,517362,1,calib
FFF,2013B,517486,3,train
FFF,2013B,517569,1,calib
FFF,2013B,517850,0,test
FFF,2013B,518288,4,train
FFF,2013B,518385,4,train
FFF,2013B,518412,0,test
FFF,2013B,518771,0,test
FFF,2013B,518831,3,train
FFF,2013B,519155,2,train
FFF,2013B,519472,3,train
FFF,2013B,519500,1,calib
FFF,2013B,519510,2,train
FFF,2013B,519540,3,train
FFF,2013B,519600,1,calib
FFF,2013B,519715,0,test
FFF,2013B,519936,0,test
FFF,2013B,519969,0,test
FFF,2013B,520061,4,train
FFF,2013B,520073,2,train
FFF,2013B,520082,1,calib
FFF,2013B,520097,3,train
FFF,2013B,520153,4,train
FFF,2013B,520187,1,calib
FFF,2013B,520307,2,train
FFF,2013B,520360,1,calib
FFF,2013B,520525,3,train
FFF,2013B,520544,1,calib
FFF,2013B,520711,0,test
FFF,2013B,520857,2,train
FFF,2013B,520873,3,train
FFF,2013B,521109,4,train
FFF,2013B,521377,3,train
FFF,2013B,521526,3,train
FFF,2013B,522023,3,train
FFF,2013B,522433,1,calib
FFF,2013B,522479,1,calib
FFF,2013B,522718,3,train
FFF,2013B,522743,0,test
FFF,2013B,522850,3,train
FFF,2013B,522859,2,train
FFF,2013B,522862,0,test
FFF,2013B,522923,2,train
FFF,2013B,523142,4,train
FFF,2013B,523335,4,train
FFF,2013B,523700,3,train
FFF,2013B,523833,2,train
FFF,2013B,523841,3,train
FFF,2013B,523940,1,calib
FFF,2013B,524227,2,train
FFF,2013B,524361,4,train
FFF,2013B,524377,2,train
FFF,2013B,524431,1,calib
FFF,2013B,524466,3,train
FFF,2013B,524609,3,train
FFF,2013B,524825,3,train
FFF,2013B,524984,3,train
FFF,2013B,525353,0,test
FFF,2013B,525412,1,calib
FFF,2013B,525469,2,train
FFF,2013B,525490,3,train
FFF,2013B,525512,0,test
FFF,2013B,525557,2,train
FFF,2013B,525624,4,train
FFF,2013B,525632,2,train
FFF,2013B,525700,0,test
FFF,2013B,526060,2,train
FFF,2013B,526151,4,train
FFF,2013B,526303,0,test
FFF,2013B,526356,2,train
FFF,2013B,526417,1,calib
FFF,2013B,526420,0,test
FFF,2013B,526527,2,train
FFF,2013B,526549,3,train
FFF,2013B,526551,1,calib
FFF,2013B,526559,3,train
FFF,2013B,526589,0,test
FFF,2013B,526761,1,calib
FFF,2013B,526818,3,train
FFF,2013B,526819,4,train
FFF,2013B,526896,2,train
FFF,2013B,526927,1,calib
FFF,2013B,526980,0,test
FFF,2013B,527225,3,train
FFF,2013B,527505,3,train
FFF,2013B,527601,1,calib
FFF,2013B,527622,2,train
FFF,2013B,527685,4,train
FFF,2013B,527744,1,calib
FFF,2013B,527927,2,train
FFF,2013B,527991,3,train
FFF,2013B,528071,3,train
FFF,2013B,528075,4,train
FFF,2013B,528264,2,train
FFF,2013B,528270,4,train
FFF,2013B,528302,4,train
FFF,2013B,528351,0,test
FFF,2013B,528424,0,test
FFF,2013B,528509,3,train
FFF,2013B,528517,0,test
FFF,2013B,528662,0,test
FFF,2013B,528713,0,test
FFF,2013B,528734,2,train
FFF,2013B,528782,4,train
FFF,2013B,528879,0,test
FFF,2013B,528992,4,train
FFF,2013B,528996,0,test
FFF,2013B,529030,0,test
FFF,2013B,529097,3,train
FFF,2013B,529175,1,calib
FFF,2013B,529240,1,calib
FFF,2013B,529277,4,train
FFF,2013B,529297,2,train
FFF,2013B,529349,1,calib
FFF,2013B,529366,3,train
FFF,2013B,529381,0,test
FFF,2013B,529412,4,train
FFF,2013B,529486,1,calib
FFF,2013B,529493,4,train
FFF,2013B,529561,1,calib
FFF,2013B,529563,2,train
FFF,2013B,529565,1,calib
FFF,2013B,529566,2,train
FFF,2013B,529567,3,train
FFF,2013B,529569,3,train
FFF,2013B,529572,3,train
FFF,2013B,529644,4,train
FFF,2013B,529689,3,train
FFF,2013B,529762,3,train
FFF,2013B,529834,4,train
FFF,2013B,529864,3,train
FFF,2013B,529870,2,train
FFF,2013B,529871,2,train
FFF,2013B,529991,4,train
FFF,2013B,530057,3,train
FFF,2013B,530296,4,train
FFF,2013B,530344,3,train
FFF,2013B,530445,1,calib
FFF,2013B,530558,4,train
FFF,2013B,530567,1,calib
FFF,2013B,530676,1,calib
FFF,2013B,530736,3,train
FFF,2013B,530802,1,calib
FFF,2013B,530852,4,train
FFF,2013B,530853,0,test
FFF,2013B,530862,2,train
FFF,2013B,530944,1,calib
FFF,2013B,531077,1,calib
FFF,2013B,531124,3,train
FFF,2013B,531182,1,calib
FFF,2013B,531190,0,test
FFF,2013B,531251,4,train
FFF,2013B,531270,1,calib
FFF,2013B,531294,0,test
FFF,2013B,531397,4,train
FFF,2013B,531448,0,test
FFF,2013B,531629,1,calib
FFF,2013B,531667,4,train
FFF,2013B,531709,3,train
FFF,2013B,531791,4,train
FFF,2013B,531866,1,calib
FFF,2013B,531894,4,train
FFF,2013B,531905,1,calib
FFF,2013B,532049,3,train
FFF,2013B,532050,1,calib
FFF,2013B,532062,4,train
FFF,2013B,532428,0,test
FFF,2013B,532436,1,calib
FFF,2013B,532464,3,train
FFF,2013B,532476,4,train
FFF,2013B,532575,1,calib
FFF,2013B,532578,2,train
FFF,2013B,532579,3,train
FFF,2013B,532589,4,train
FFF,2013B,532608,0,test
FFF,2013B,532627,3,train
FFF,2013B,532703,1,calib
FFF,2013B,532715,4,train
FFF,2013B,532968,2,train
FFF,2013B,533016,4,train
FFF,2013B,533044,0,test
FFF,2013B,533134,0,test
FFF,2013B,533172,3,train
FFF,2013B,533198,4,train
FFF,2013B,533201,3,train
FFF,2013B,533321,1,calib
FFF,2013B,533348,4,train
FFF,2013B,533458,1,calib
FFF,2013B,533485,4,train
FFF,2013B,533535,4,train
FFF,2013B,533614,2,train
FFF,2013B,533709,0,test
FFF,2013B,533874,0,test
FFF,2013B,533929,2,train
FFF,2013B,533944,0,test
FFF,2013B,533997,1,calib
FFF,2013B,534014,3,train
FFF,2013B,534037,0,test
FFF,2013B,534064,1,calib
FFF,2013B,534234,4,train
FFF,2013B,534346,0,test
FFF,2013B,534431,2,train
FFF,2013B,534602,1,calib
FFF,2013B,534609,2,train
FFF,2013B,534750,3,train
FFF,2013B,534784,2,train
FFF,2013B,534792,3,train
FFF,2013B,534854,1,calib
FFF,2013B,534856,2,train
FFF,2013B,534892,4,train
FFF,2013B,534913,0,test
FFF,2013B,534944,1,calib
FFF,2013B,534952,1,calib
FFF,2013B,534958,2,train
FFF,2013B,534962,0,test
FFF,2013B,534989,4,train
FFF,2013B,535037,4,train
FFF,2013B,535052,2,train
FFF,2013B,535228,0,test
FFF,2013B,535276,4,train
FFF,2013B,535324,3,train
FFF,2013B,535390,2,train
FFF,2013B,535460,2,train
FFF,2013B,535628,0,test
FFF,2013B,535662,3,train
FFF,2013B,535761,4,train
FFF,2013B,535804,0,test
FFF,2013B,535981,0,test
FFF,2013B,536038,3,train
FFF,2013B,536046,4,train
FFF,2013B,536103,0,test
FFF,2013B,536125,1,calib
FFF,2013B,536147,4,train
FFF,2013B,536178,1,calib
FFF,2013B,536214,3,train
FFF,2013B,536454,3,train
FFF,2013B,536455,1,calib
FFF,2013B,536503,0,test
FFF,2013B,536556,2,train
FFF,2013B,536591,1,calib
FFF,2013B,536593,3,train
FFF,2013B,536681,3,train
FFF,2013B,536698,0,test
FFF,2013B,536843,0,test
FFF,2013B,536906,3,train
FFF,2013B,536930,4,train
FFF,2013B,536950,1,calib
FFF,2013B,537000,2,train
FFF,2013B,537028,0,test
FFF,2013B,537133,1,calib
FFF,2013B,537151,2,train
FFF,2013B,537335,0,test
FFF,2013B,537394,4,train
FFF,2013B,537515,2,train
FFF,2013B,537645,2,train
FFF,2013B,537656,0,test
FFF,2013B,537672,1,calib
FFF,2013B,537674,3,train
FFF,2013B,537683,4,train
FFF,2013B,537687,2,train
FFF,2013B,537700,1,calib
FFF,2013B,537728,3,train
FFF,2013B,537955,4,train
FFF,2013B,537980,4,train
FFF,2013B,537995,0,test
FFF,2013B,538045,2,train
FFF,2013B,538051,3,train
FFF,2013B,538202,0,test
FFF,2013B,538916,3,train
FFF,2013B,538941,2,train
FFF,2013B,538949,1,calib
FFF,2013B,539117,0,test
FFF,2013B,539128,1,calib
FFF,2013B,539219,3,train
FFF,2013B,539241,2,train
FFF,2013B,539308,1,calib
FFF,2013B,539332,0,test
FFF,2013B,539359,4,train
FFF,2013B,539364,4,train
FFF,2013B,539401,4,train
FFF,2013B,539440,2,train
FFF,2013B,539468,3,train
FFF,2013B,539497,1,calib
FFF,2013B,539514,2,train
FFF,2013B,539668,0,test
FFF,2013B,539759,0,test
FFF,2013B,539774,2,train
FFF,2013B,539886,1,calib
FFF,2013B,539896,3,train
FFF,2013B,539922,1,calib
FFF,2013B,539953,1,calib
FFF,2013B,539963,4,train
FFF,2013B,539994,4,train
FFF,2013B,540054,0,test
FFF,2013B,540147,1,calib
FFF,2013B,540155,2,train
FFF,2013B,540160,0,test
FFF,2013B,540209,4,train
FFF,2013B,540224,3,train
FFF,2013B,540549,0,test
FFF,2013B,540577,2,train
FFF,2013B,540581,4,train
FFF,2013B,540637,0,test
FFF,2013B,540713,2,train
FFF,2013B,540727,4,train
FFF,2013B,540800,2,train
FFF,2013B,540801,1,calib
FFF,2013B,540997,3,train
FFF,2013B,541101,0,test
FFF,2013B,541327,4,train
FFF,2013B,541349,0,test
FFF,2013B,541369,1,calib
FFF,2013B,541418,2,train
FFF,2013B,541521,1,calib
FFF,2013B,541579,4,train
FFF,2013B,541753,3,train
FFF,2013B,541781,1,calib
FFF,2013B,541923,3,train
FFF,2013B,541999,1,calib
FFF,2013B,542003,2,train
FFF,2013B,542020,0,test
FFF,2013B,542026,4,train
FFF,2013B,542062,1,calib
FFF,2013B,542100,0,test
FFF,2013B,542356,4,train
FFF,2013B,542386,0,test
FFF,2013B,542506,2,train
FFF,2013B,542536,3,train
FFF,2013B,542550,3,train
FFF,2013B,542635,4,train
FFF,2013B,542646,1,calib
FFF,2013B,542653,2,train
FFF,2013B,542657,4,train
FFF,2013B,542987,0,test
FFF,2013B,543010,0,test
FFF,2013B,543019,1,calib
FFF,2013B,543054,4,train
FFF,2013B,543095,2,train
FFF,2013B,543113,0,test
FFF,2013B,543155,1,calib
FFF,2013B,543295,2,train
FFF,2013B,543384,1,calib
FFF,2013B,543415,2,train
FFF,2013B,543436,1,calib
FFF,2013B,543447,4,train
FFF,2013B,543536,0,test
FFF,2013B,543599,2,train
FFF,2013B,543604,4,train
FFF,2013B,543643,1,calib
FFF,2013B,543785,0,test
FFF,2013B,543798,4,train
FFF,2013B,543818,0,test
FFF,2013B,544021,0,test
FFF,2013B,544055,1,calib
FFF,2013B,544098,1,calib
FFF,2013B,544173,4,train
FFF,2013B,544195,2,train
FFF,2013B,544212,4,train
FFF,2013B,544249,2,train
FFF,2013B,544279,0,test
FFF,2013B,544295,3,train
FFF,2013B,544313,0,test
FFF,2013B,544479,3,train
FFF,2013B,544530,3,train
FFF,2013B,544543,3,train
FFF,2013B,544651,2,train
FFF,2013B,544697,3,train
FFF,2013B,544802,0,test
FFF,2013B,544847,3,train
FFF,2013B,544850,3,train
FFF,2013B,544880,4,train
FFF,2013B,544894,0,test
FFF,2013B,544930,3,train
FFF,2013B,544955,1,calib
FFF,2013B,544963,2,train
FFF,2013B,544991,1,calib
FFF,2013B,545048,3,train
FFF,2013B,545080,2,train
FFF,2013B,545229,1,calib
FFF,2013B,545377,3,train
FFF,2013B,545379,4,train
FFF,2013B,545384,1,calib
FFF,2013B,545485,0,test
FFF,2013B,545522,1,calib
FFF,2013B,545565,2,train
FFF,2013B,545600,3,train
FFF,2013B,545604,4,train
FFF,2013B,545693,2,train
FFF,2013B,545720,3,train
FFF,2013B,545751,3,train
FFF,2013B,545791,4,train
FFF,2013B,545909,3,train
FFF,2013B,545918,1,calib
FFF,2013B,545944,2,train
FFF,2013B,545951,3,train
FFF,2013B,546048,4,train
FFF,2013B,546141,0,test
FFF,2013B,546164,4,train
FFF,2013B,546215,4,train
FFF,2013B,546243,1,calib
FFF,2013B,546262,4,train
FFF,2013B,546329,4,train
FFF,2013B,546348,4,train
FFF,2013B,546396,3,train
FFF,2013B,546408,4,train
FFF,2013B,546412,3,train
FFF,2013B,546431,0,test
FFF,2013B,546439,4,train
FFF,2013B,546464,3,train
FFF,2013B,546563,3,train
FFF,2013B,546583,1,calib
FFF,2013B,546682,3,train
FFF,2013B,546780,0,test
FFF,2013B,546863,2,train
FFF,2013B,546868,3,train
FFF,2013B,546912,3,train
FFF,2013B,546925,0,test
FFF,2013B,546932,1,calib
FFF,2013B,547014,4,train
FFF,2013B,547128,3,train
FFF,2013B,547228,3,train
FFF,2013B,547267,2,train
FFF,2013B,547302,1,calib
FFF,2013B,547399,2,train
FFF,2013B,547400,4,train
FFF,2013B,547534,4,train
FFF,2013B,547581,3,train
FFF,2013B,547609,2,train
FFF,2013B,547666,3,train
FFF,2013B,547667,3,train
FFF,2013B,547876,2,train
FFF,2013B,547884,4,train
FFF,2013B,547953,2,train
FFF,2013B,548043,3,train
FFF,2013B,548057,4,train
FFF,2013B,548087,4,train
FFF,2013B,548095,1,calib
FFF,2013B,548099,3,train
FFF,2013B,548180,0,test
FFF,2013B,548219,3,train
FFF,2013B,548312,2,train
FFF,2013B,548331,4,train
FFF,2013B,548352,1,calib
FFF,2013B,548415,3,train
FFF,2013B,548459,3,train
FFF,2013B,548521,0,test
FFF,2013B,548547,2,train
FFF,2013B,548573,1,calib
FFF,2013B,548608,0,test
FFF,2013B,548741,0,test
FFF,2013B,548759,4,train
FFF,2013B,548764,4,train
FFF,2013B,548819,1,calib
FFF,2013B,548857,3,train
FFF,2013B,548893,2,train
FFF,2013B,548926,3,train
FFF,2013B,548938,0,test
FFF,2013B,548948,1,calib
FFF,2013B,548969,3,train
FFF,2013B,549014,1,calib
FFF,2013B,549056,4,train
FFF,2013B,549065,3,train
FFF,2013B,549093,2,train
FFF,2013B,549149,2,train
FFF,2013B,549239,4,train
FFF,2013B,549311,3,train
FFF,2013B,549343,3,train
FFF,2013B,549369,0,test
FFF,2013B,549370,1,calib
FFF,2013B,549410,0,test
FFF,2013B,549420,3,train
FFF,2013B,549504,2,train
FFF,2013B,549505,3,train
FFF,2013B,549513,4,train
FFF,2013B,549517,0,test
FFF,2013B,549537,1,calib
FFF,2013B,549596,2,train
FFF,2013B,549626,2,train
FFF,2013B,549670,4,train
FFF,2013B,549706,1,calib
FFF,2013B,549751,0,test
FFF,2013B,549790,2,train
FFF,2013B,549792,3,train
FFF,2013B,549825,4,train
FFF,2013B,549898,0,test
FFF,2013B,549904,2,train
FFF,2013B,550024,1,calib
FFF,2013B,550026,4,train
FFF,2013B,550095,1,calib
FFF,2013B,550123,4,train
FFF,2013B,550246,4,train
FFF,2013B,550272,3,train
FFF,2013B,550287,1,calib
FFF,2013B,550377,0,test
FFF,2013B,550435,0,test
FFF,2013B,550470,2,train
FFF,2013B,550495,3,train
FFF,2013B,550610,3,train
FFF,2013B,550617,4,train
FFF,2013B,550651,0,test
FFF,2013B,550736,0,test
FFF,2013B,550763,3,train
FFF,2013B,550787,4,train
FFF,2013B,550792,0,test
FFF,2013B,550797,2,train
FFF,2013B,550802,3,train
FFF,2013B,550813,1,calib
FFF,2013B,550853,2,train
FFF,2013B,550866,4,train
FFF,2013B,550909,2,train
FFF,2013B,550933,2,train
FFF,2013B,550961,2,train
FFF,2013B,551027,1,calib
FFF,2013B,551052,4,train
FFF,2013B,551058,3,train
FFF,2013B,551061,4,train
FFF,2013B,551134,0,test
FFF,2013B,551137,1,calib
FFF,2013B,551142,3,train
FFF,2013B,551156,4,train
FFF,2013B,551190,2,train
FFF,2013B,551212,0,test
FFF,2013B,551258,1,calib
FFF,2013B,551287,0,test
FFF,2013B,551311,3,train
FFF,2013B,551397,0,test
FFF,2013B,551482,2,train
FFF,2013B,551492,1,calib
FFF,2013B,551495,2,train
FFF,2013B,551528,0,test
FFF,2013B,551583,3,train
FFF,2013B,551602,0,test
FFF,2013B,551688,0,test
FFF,2013B,551730,2,train
FFF,2013B,551764,4,train
FFF,2013B,551791,2,train
FFF,2013B,551796,3,train
FFF,2013B,551805,4,train
FFF,2013B,552041,3,train
FFF,2013B,552057,0,test
FFF,2013B,552142,2,train
FFF,2013B,552228,3,train
FFF,2013B,552284,3,train
FFF,2013B,552320,2,train
FFF,2013B,552374,2,train
FFF,2013B,552395,3,train
FFF,2013B,552450,2,train
FFF,2013B,552491,2,train
FFF,2013B,552560,1,calib
FFF,2013B,552567,2,train
FFF,2013B,552580,3,train
FFF,2013B,552614,0,test
FFF,2013B,552648,3,train
FFF,2013B,552708,4,train
FFF,2013B,552721,2,train
FFF,2013B,552740,1,calib
FFF,2013B,552834,0,test
FFF,2013B,552987,3,train
FFF,2013B,553017,4,train
FFF,2013B,553100,3,train
FFF,2013B,553104,2,train
FFF,2013B,553131,3,train
FFF,2013B,553155,4,train
FFF,2013B,553220,2,train
FFF,2013B,553240,3,train
FFF,2013B,553262,4,train
FFF,2013B,553325,1,calib
FFF,2013B,553404,1,calib
FFF,2013B,553425,4,train
FFF,2013B,553500,2,train
FFF,2013B,553528,1,calib
FFF,2013B,553631,3,train
FFF,2013B,553649,0,test
FFF,2013B,553655,4,train
FFF,2013B,553727,3,train
FFF,2013B,553781,1,calib
FFF,2013B,553813,0,test
FFF,2013B,553831,1,calib
FFF,2013B,553834,3,train
FFF,2013B,553841,4,train
FFF,2013B,553878,1,calib
FFF,2013B,553963,0,test
FFF,2013B,554038,1,calib
FFF,2013B,554044,3,train
FFF,2013B,554045,0,test
FFF,2013B,554152,3,train
FFF,2013B,554166,4,train
FFF,2013B,554236,2,train
FFF,2013B,554256,0,test
FFF,2013B,554289,0,test
FFF,2013B,554331,4,train
FFF,2013B,554365,0,test
FFF,2013B,554372,1,calib
FFF,2013B,554435,0,test
FFF,2013B,554476,4,train
FFF,2013B,554558,3,train
FFF,2013B,554592,2,train
FFF,2013B,554620,3,train
FFF,2013B,554664,1,calib
FFF,2013B,554748,1,calib
FFF,2013B,554761,0,test
FFF,2013B,554813,1,calib
FFF,2013B,554852,0,test
FFF,2013B,554888,2,train
FFF,2013B,554908,1,calib
FFF,2013B,554919,3,train
FFF,2013B,554923,3,train
FFF,2013B,554940,2,train
FFF,2013B,554946,4,train
FFF,2013B,555110,0,test
FFF,2013B,555144,2,train
FFF,2013B,555148,3,train
FFF,2013B,555168,0,test
FFF,2013B,555178,1,calib
FFF,2013B,555250,0,test
FFF,2013B,555349,4,train
FFF,2013B,555444,1,calib
FFF,2013B,555503,2,train
FFF,2013B,555539,0,test
FFF,2013B,555609,3,train
FFF,2013B,555619,0,test
FFF,2013B,555653,4,train
FFF,2013B,555709,0,test
FFF,2013B,555786,2,train
FFF,2013B,556004,1,calib
FFF,2013B,556022,2,train
FFF,2013B,556121,4,train
FFF,2013B,556126,0,test
FFF,2013B,556133,1,calib
FFF,2013B,556134,2,train
FFF,2013B,556153,2,train
FFF,2013B,556203,4,train
FFF,2013B,556210,1,calib
FFF,2013B,556251,4,train
FFF,2013B,556302,2,train
FFF,2013B,556351,4,train
FFF,2013B,556391,1,calib
FFF,2013B,556404,3,train
FFF,2013B,556408,1,calib
FFF,2013B,556429,2,train
FFF,2013B,556440,2,train
FFF,2013B,556489,3,train
FFF,2013B,556492,4,train
FFF,2013B,556498,0,test
FFF,2013B,556540,2,train
FFF,2013B,556542,3,train
FFF,2013B,556567,1,calib
FFF,2013B,556659,4,train
FFF,2013B,556783,3,train
FFF,2013B,556880,3,train
FFF,2013B,556911,2,train
FFF,2013B,556924,4,train
FFF,2013B,556927,0,test
FFF,2013B,556931,2,train
FFF,2013B,556945,3,train
FFF,2013B,556970,1,calib
FFF,2013B,557053,2,train
FFF,2013B,557089,4,train
FFF,2013B,557129,3,train
FFF,2013B,557177,0,test
FFF,2013B,557203,1,calib
FFF,2013B,557314,4,train
FFF,2013B,557345,0,test
FFF,2013B,557388,0,test
FFF,2013B,557445,3,train
FFF,2013B,557469,4,train
FFF,2013B,557542,2,train
FFF,2013B,557586,4,train
FFF,2013B,557588,0,test
FFF,2013B,557710,4,train
FFF,2013B,557735,0,test
FFF,2013B,557773,2,train
FFF,2013B,557787,3,train
FFF,2013B,557792,4,train
FFF,2013B,557811,1,calib
FFF,2013B,557840,1,calib
FFF,2013B,557877,4,train
FFF,2013B,557891,1,calib
FFF,2013B,557908,2,train
FFF,2013B,558018,2,train
FFF,2013B,558098,3,train
FFF,2013B,558104,3,train
FFF,2013B,558199,0,test
FFF,2013B,558208,3,train
FFF,2013B,558244,1,calib
FFF,2013B,558262,0,test
FFF,2013B,558280,1,calib
FFF,2013B,558354,3,train
FFF,2013B,558404,1,calib
FFF,2013B,558489,1,calib
FFF,2013B,558503,0,test
FFF,2013B,558558,0,test
FFF,2013B,558597,2,train
FFF,2013B,558628,2,train
FFF,2013B,558692,4,train
FFF,2013B,558760,4,train
FFF,2013B,558770,2,train
FFF,2013B,558772,3,train
FFF,2013B,558776,4,train
FFF,2013B,558801,3,train
FFF,2013B,558807,4,train
FFF,2013B,558851,1,calib
FFF,2013B,558854,2,train
FFF,2013B,558907,0,test
FFF,2013B,558915,1,calib
FFF,2013B,558957,2,train
FFF,2013B,558963,4,train
FFF,2013B,559004,1,calib
FFF,2013B,559019,1,calib
FFF,2013B,559058,0,test
FFF,2013B,559062,4,train
FFF,2013B,559155,2,train
FFF,2013B,559325,4,train
FFF,2013B,559335,0,test
FFF,2013B,559397,2,train
FFF,2013B,559405,3,train
FFF,2013B,559423,4,train
FFF,2013B,559440,3,train
FFF,2013B,559449,1,calib
FFF,2013B,559451,2,train
FFF,2013B,559454,4,train
FFF,2013B,559496,1,calib
FFF,2013B,559589,4,train
FFF,2013B,559594,4,train
FFF,2013B,559609,3,train
FFF,2013B,559642,4,train
FFF,2013B,559656,4,train
FFF,2013B,559688,3,train
FFF,2013B,559760,2,train
FFF,2013B,559768,0,test
FFF,2013B,559770,1,calib
FFF,2013B,559785,4,train
FFF,2013B,559856,3,train
FFF,2013B,559991,1,calib
FFF,2013B,560010,0,test
FFF,2013B,560022,3,train
FFF,2013B,560046,0,test
FFF,2013B,560067,4,train
FFF,2013B,560072,0,test
FFF,2013B,560182,2,train
FFF,2013B,560197,3,train
FFF,2013B,560199,0,test
FFF,2013B,560207,1,calib
FFF,2013B,560404,0,test
FFF,2013B,560410,2,train
FFF,2013B,560425,4,train
FFF,2013B,560431,2,train
FFF,2013B,560443,4,train
FFF,2013B,560459,1,calib
FFF,2013B,560496,2,train
FFF,2013B,560585,4,train
FFF,2013B,928248,2,train
FFF,2013B,962951,4,train
FFF,2013B,988019,0,test
FFF,2013B,999174,2,train
FFF,2013B,1026777,2,train
FFF,2013B,1034674,1,calib
FFF,2013B,1054876,4,train
FFF,2013B,1073767,3,train
FFF,2013B,1090738,4,train
FFF,2013B,1097354,3,train
FFF,2013B,1118284,3,train
FFF,2013B,1337055,1,calib
FFF,2013B,1347198,1,calib
FFF,2013B,1397662,0,test
FFF,2013B,1411562,0,test
FFF,2013B,1436558,0,test
FFF,2013B,1440072,3,train
FFF,2013B,1442706,2,train
FFF,2013B,1444520,1,calib
FFF,2013B,1464952,1,calib
FFF,2013B,1494901,2,train
FFF,2013B,1500410,4,train
FFF,2013B,1510285,4,train
FFF,2013B,1531287,1,calib
FFF,2013B,1532840,4,train
FFF,2013B,1534560,3,train
FFF,2013B,1536138,2,train
FFF,2013B,1554143,0,test
FFF,2013B,1558539,1,calib
FFF,2013B,1559365,3,train
FFF,2013B,1562320,4,train
FFF,2013B,1614181,4,train
FFF,2013B,1627071,1,calib
FFF,2013B,1651020,3,train
FFF,2013B,1668504,4,train
FFF,2013B,1689730,0,test
FFF,2013B,1699445,4,train
FFF,2013B,1720712,4,train
FFF,2013B,1742834,3,train
FFF,2013B,1761013,1,calib
FFF,2013B,1766303,2,train
FFF,2013B,1772429,0,test
FFF,2013B,1784775,0,test
FFF,2013B,1788974,1,calib
FFF,2013B,1809578,4,train
FFF,2013B,1813486,3,train
FFF,2013B,1813664,2,train
FFF,2013B,1821249,2,train
FFF,2013B,1824428,0,test
FFF,2013B,1833107,3,train
FFF,2013B,1836988,2,train
FFF,2013B,1839012,3,train
FFF,2013B,1839785,0,test
FFF,2013B,1844150,0,test
FFF,2013B,1846751,0,test
FFF,2013B,1855249,3,train
FFF,2013B,1861445,3,train
FFF,2013B,1867563,2,train
FFF,2013B,1870830,1,calib
FFF,2013B,1874403,4,train
FFF,2013B,1878918,4,train
FFF,2013B,1882255,0,test
FFF,2013B,1896915,4,train
FFF,2013B,1904916,3,train
FFF,2013B,1905259,1,calib
FFF,2013B,1907755,4,train
FFF,2013B,1913435,2,train
FFF,2013B,1917796,1,calib
FFF,2013B,1919940,4,train
FFF,2013B,1930949,0,test
FFF,2013B,1934810,0,test
FFF,2013B,1936679,3,train
FFF,2013B,1936935,0,test
FFF,2013B,1966591,3,train
FFF,2013B,1974271,3,train
FFF,2013B,1990127,0,test
FFF,2013B,1997164,4,train
FFF,2013B,2000491,2,train
FFF,2013B,2001665,4,train
FFF,2013B,2012900,4,train
FFF,2013B,2031252,0,test
FFF,2013B,2034533,2,train
FFF,2013B,2045440,4,train
FFF,2013B,2045818,3,train
FFF,2013B,2051035,1,calib
FFF,2013B,2054019,2,train
FFF,2013B,2057105,3,train
FFF,2013B,2060467,1,calib
FFF,2013B,2068918,4,train
FFF,2013B,2087100,3,train
FFF,2013B,2090053,4,train
FFF,2013B,2102658,3,train
FFF,2013B,2108821,0,test
FFF,2013B,2139037,1,calib
FFF,2013B,2140087,2,train
FFF,2013B,2141085,0,test
FFF,2013B,2142853,2,train
FFF,2013B,2143065,3,train
FFF,2013B,2156733,4,train
FFF,2013B,2158399,0,test
FFF,2013B,2182255,4,train
FFF,2013B,2189002,0,test
FFF,2013B,2195318,0,test
FFF,2013B,2195971,4,train
FFF,2013B,2197511,3,train
FFF,2013B,2231810,1,calib
FFF,2013B,2245011,4,train
FFF,2013B,2252905,2,train
FFF,2013B,2254252,1,calib
FFF,2013B,2272874,4,train
FFF,2013B,2280739,4,train
FFF,2013B,2281483,4,train
FFF,2013B,2288454,2,train
FFF,2013B,2288493,4,train
FFF,2013B,2327494,0,test
FFF,2013B,2338255,2,train
FFF,2013B,2338422,1,calib
FFF,2013B,2341415,1,calib
FFF,2013B,2343293,3,train
FFF,2013B,2346679,1,calib
FFF,2013B,2348120,3,train
FFF,2013B,2352280,3,train
FFF,2013B,2354732,2,train
FFF,2013B,2362169,1,calib
FFF,2013B,2364565,3,train
FFF,2013B,2367887,4,train
FFF,2013B,2375526,0,test
FFF,2013B,2381745,0,test
FFF,2013B,2383921,2,train
FFF,2013B,2387054,3,train
FFF,2013B,2389267,2,train
FFF,2013B,2392327,2,train
FFF,2013B,2395804,4,train
FFF,2013B,2407762,1,calib
FFF,2013B,2413191,3,train
FFF,2013B,2419926,3,train
FFF,2013B,2424750,1,calib
FFF,2013B,2434017,1,calib
FFF,2013B,2436089,3,train
FFF,2013B,2436873,0,test
FFF,2013B,2439239,3,train
FFF,2013B,2441910,1,calib
FFF,2013B,2445410,2,train
FFF,2013B,2446784,0,test
FFF,2013B,2457147,1,calib
FFF,2013B,2474925,0,test
FFF,2013B,2479413,0,test
FFF,2013B,2481646,2,train
FFF,2013B,2488251,2,train
FFF,2013B,2496748,2,train
FFF,2013B,2507271,0,test
FFF,2013B,2508403,0,test
FFF,2013B,2510667,1,calib
FFF,2013B,2514431,3,train
FFF,2013B,2514949,0,test
FFF,2013B,2521655,4,train
FFF,2013B,2522335,0,test
FFF,2013B,2525062,2,train
FFF,2013B,2532320,4,train
FFF,2013B,2532323,1,calib
FFF,2013B,2532652,0,test
FFF,2013B,2532840,4,train
FFF,2013B,2533504,0,test
FFF,2013B,2546095,1,calib
FFF,2013B,2552831,4,train
FFF,2013B,2553363,0,test
FFF,2013B,2560595,2,train
FFF,2013B,2567054,4,train
FFF,2013B,2567288,1,calib
FFF,2013B,2567561,2,train
FFF,2013B,2568893,3,train
FFF,2013B,2578992,3,train
FFF,2013B,2578996,1,calib
FFF,2013B,2581800,2,train
FFF,2013B,2586748,1,calib
FFF,2013B,2590999,1,calib
FFF,2013B,2599162,3,train
FFF,2013B,2600887,2,train
FFF,2013B,2604212,4,train
FFF,2013B,2610837,1,calib
FFF,2013B,2613930,4,train
FFF,2013B,2617541,3,train
FFF,2013B,2623196,3,train
FFF,2013B,2623427,1,calib
FFF,2013B,2628246,1,calib
FFF,2013B,2639410,1,calib
FFF,2013B,2642994,1,calib
FFF,2013B,2643574,4,train
FFF,2013B,2644664,2,train
FFF,2013B,2646317,1,calib
FFF,2013B,2647043,3,train
FFF,2013B,2650929,2,train
FFF,2013B,2654409,3,train
FFF,2013B,2657781,3,train
FFF,2013B,2658271,2,train
FFF,2013B,2672734,2,train
FFF,2013B,2676920,3,train
FFF,2013B,2678429,3,train
FFF,2013B,2684993,3,train
FFF,2013B,2685154,4,train
FFF,2013B,2686074,3,train
FFF,2013B,2686866,3,train
FFF,2013B,2686875,4,train
FFF,2013B,2687045,3,train
FFF,2013B,2688202,1,calib
FFF,2013B,2691740,3,train
FFF,2013J,26247,3,train
FFF,2013J,29335,4,train
FFF,2013J,29769,2,train
FFF,2013J,32221,3,train
FFF,2013J,33600,3,train
FFF,2013J,34731,1,calib
FFF,2013J,39882,3,train
FFF,2013J,42616,2,train
FFF,2013J,43958,2,train
FFF,2013J,47924,4,train
FFF,2013J,49670,3,train
FFF,2013J,50487,3,train
FFF,2013J,51485,4,train
FFF,2013J,51576,2,train
FFF,2013J,53166,3,train
FFF,2013J,53626,4,train
FFF,2013J,54739,1,calib
FFF,2013J,54882,0,test
FFF,2013J,55013,1,calib
FFF,2013J,55419,0,test
FFF,2013J,57844,1,calib
FFF,2013J,58077,2,train
FFF,2013J,58640,4,train
FFF,2013J,63295,1,calib
FFF,2013J,64388,2,train
FFF,2013J,66451,3,train
FFF,2013J,68107,3,train
FFF,2013J,69346,2,train
FFF,2013J,70495,3,train
FFF,2013J,71252,3,train
FFF,2013J,71897,4,train
FFF,2013J,72864,3,train
FFF,2013J,77744,1,calib
FFF,2013J,77746,2,train
FFF,2013J,79261,1,calib
FFF,2013J,81536,0,test
FFF,2013J,86669,1,calib
FFF,2013J,87042,2,train
FFF,2013J,88781,4,train
FFF,2013J,90901,0,test
FFF,2013J,91629,4,train
FFF,2013J,95746,0,test
FFF,2013J,100064,1,calib
FFF,2013J,100788,1,calib
FFF,2013J,101217,2,train
FFF,2013J,101420,4,train
FFF,2013J,102028,0,test
FFF,2013J,102343,4,train
FFF,2013J,104213,4,train
FFF,2013J,105629,0,test
FFF,2013J,106690,2,train
FFF,2013J,107028,1,calib
FFF,2013J,107084,2,train
FFF,2013J,110881,3,train
FFF,2013J,111678,4,train
FFF,2013J,112010,3,train
FFF,2013J,113487,3,train
FFF,2013J,113565,2,train
FFF,2013J,114500,3,train
FFF,2013J,116290,3,train
FFF,2013J,116499,0,test
FFF,2013J,116529,4,train
FFF,2013J,116631,0,test
FFF,2013J,116808,3,train
FFF,2013J,117232,1,calib
FFF,2013J,118050,0,test
FFF,2013J,118176,2,train
FFF,2013J,124379,4,train
FFF,2013J,126074,0,test
FFF,2013J,127642,3,train
FFF,2013J,128723,4,train
FFF,2013J,130658,2,train
FFF,2013J,132453,1,calib
FFF,2013J,133019,4,train
FFF,2013J,133185,1,calib
FFF,2013J,133718,3,train
FFF,2013J,134847,1,calib
FFF,2013J,136894,2,train
FFF,2013J,137903,3,train
FFF,2013J,139190,1,calib
FFF,2013J,139278,4,train
FFF,2013J,139701,0,test
FFF,2013J,141648,1,calib
FFF,2013J,143752,2,train
FFF,2013J,144562,0,test
FFF,2013J,144959,0,test
FFF,2013J,146738,3,train
FFF,2013J,148328,0,test
FFF,2013J,148931,4,train
FFF,2013J,150121,2,train
FFF,2013J,152037,4,train
FFF,2013J,152587,0,test
FFF,2013J,152887,1,calib
FFF,2013J,154057,1,calib
FFF,2013J,154059,2,train
FFF,2013J,154191,1,calib
FFF,2013J,155298,0,test
FFF,2013J,156171,2,train
FFF,2013J,156755,1,calib
FFF,2013J,157647,0,test
FFF,2013J,160310,3,train
FFF,2013J,160720,0,test
FFF,2013J,160934,0,test
FFF,2013J,160946,2,train
FFF,2013J,162809,1,calib
FFF,2013J,163120,2,train
FFF,2013J,168229,4,train
FFF,2013J,169908,0,test
FFF,2013J,170030,2,train
FFF,2013J,170943,2,train
FFF,2013J,171304,3,train
FFF,2013J,171549,2,train
FFF,2013J,171692,0,test
FFF,2013J,173412,2,train
FFF,2013J,174468,0,test
FFF,2013J,175453,2,train
FFF,2013J,177568,1,calib
FFF,2013J,178118,4,train
FFF,2013J,178258,1,calib
FFF,2013J,180974,0,test
FFF,2013J,184473,2,train
FFF,2013J,184627,1,calib
FFF,2013J,184720,4,train
FFF,2013J,184925,1,calib
FFF,2013J,187199,1,calib
FFF,2013J,188524,4,train
FFF,2013J,190910,4,train
FFF,2013J,192680,1,calib
FFF,2013J,198691,2,train
FFF,2013J,199361,2,train
FFF,2013J,200278,0,test
FFF,2013J,202713,3,train
FFF,2013J,206342,3,train
FFF,2013J,206599,1,calib
FFF,2013J,227254,0,test
FFF,2013J,228695,0,test
FFF,2013J,229191,3,train
FFF,2013J,229417,1,calib
FFF,2013J,231024,3,train
FFF,2013J,231320,0,test
FFF,2013J,231606,2,train
FFF,2013J,232347,4,train
FFF,2013J,232660,3,train
FFF,2013J,232764,4,train
FFF,2013J,232856,0,test
FFF,2013J,233087,2,train
FFF,2013J,234004,0,test
FFF,2013J,234068,2,train
FFF,2013J,235131,3,train
FFF,2013J,235670,4,train
FFF,2013J,235706,0,test
FFF,2013J,235978,2,train
FFF,2013J,236150,1,calib
FFF,2013J,237387,4,train
FFF,2013J,238150,1,calib
FFF,2013J,241039,4,train
FFF,2013J,241792,2,train
FFF,2013J,242491,1,calib
FFF,2013J,243351,2,train
FFF,2013J,243396,3,train
FFF,2013J,244205,0,test
FFF,2013J,245283,0,test
FFF,2013J,248882,0,test
FFF,2013J,249750,2,train
FFF,2013J,251405,0,test
FFF,2013J,251965,4,train
FFF,2013J,253516,4,train
FFF,2013J,253767,3,train
FFF,2013J,254446,3,train
FFF,2013J,255310,4,train
FFF,2013J,256905,1,calib
FFF,2013J,257887,2,train
FFF,2013J,257970,3,train
FFF,2013J,259609,0,test
FFF,2013J,261205,0,test
FFF,2013J,261525,3,train
FFF,2013J,262403,1,calib
FFF,2013J,264164,2,train
FFF,2013J,264924,4,train
FFF,2013J,265268,0,test
FFF,2013J,265978,1,calib
FFF,2013J,268153,1,calib
FFF,2013J,268343,2,train
FFF,2013J,269245,2,train
FFF,2013J,269508,0,test
FFF,2013J,271274,1,calib
FFF,2013J,271702,2,train
FFF,2013J,272623,1,calib
FFF,2013J,273442,0,test
FFF,2013J,273782,1,calib
FFF,2013J,274443,0,test
FFF,2013J,276388,3,train
FFF,2013J,276808,4,train
FFF,2013J,278955,0,test
FFF,2013J,279069,2,train
FFF,2013J,279085,3,train
FFF,2013J,279750,0,test
FFF,2013J,281638,1,calib
FFF,2013J,282385,2,train
FFF,2013J,282975,1,calib
FFF,2013J,283953,1,calib
FFF,2013J,284036,3,train
FFF,2013J,284395,2,train
FFF,2013J,284636,1,calib
FFF,2013J,284742,3,train
FFF,2013J,286442,1,calib
FFF,2013J,287079,4,train
FFF,2013J,289221,2,train
FFF,2013J,289304,4,train
FFF,2013J,289826,4,train
FFF,2013J,290521,0,test
FFF,2013J,291237,0,test
FFF,2013J,291516,2,train
FFF,2013J,291745,3,train
FFF,2013J,293317,2,train
FFF,2013J,295255,1,calib
FFF,2013J,296100,3,train
FFF,2013J,299281,2,train
FFF,2013J,299886,0,test
FFF,2013J,301128,0,test
FFF,2013J,302071,3,train
FFF,2013J,302566,2,train
FFF,2013J,303937,2,train
FFF,2013J,304240,2,train
FFF,2013J,304589,3,train
FFF,2013J,305858,1,calib
FFF,2013J,307245,2,train
FFF,2013J,307676,1,calib
FFF,2013J,309150,1,calib
FFF,2013J,309893,3,train
FFF,2013J,310646,4,train
FFF,2013J,310899,3,train
FFF,2013J,311151,4,train
FFF,2013J,312760,1,calib
FFF,2013J,313206,1,calib
FFF,2013J,313700,2,train
FFF,2013J,314776,4,train
FFF,2013J,315808,1,calib
FFF,2013J,316061,0,test
FFF,2013J,316098,2,train
FFF,2013J,316541,2,train
FFF,2013J,318627,4,train
FFF,2013J,319578,3,train
FFF,2013J,320437,0,test
FFF,2013J,321486,4,train
FFF,2013J,321969,1,calib
FFF,2013J,323480,0,test
FFF,2013J,323984,2,train
FFF,2013J,324331,4,train
FFF,2013J,324672,4,train
FFF,2013J,325368,4,train
FFF,2013J,325750,3,train
FFF,2013J,326056,1,calib
FFF,2013J,329655,2,train
FFF,2013J,330192,3,train
FFF,2013J,330347,4,train
FFF,2013J,330669,4,train
FFF,2013J,330723,2,train
FFF,2013J,331039,4,train
FFF,2013J,331417,3,train
FFF,2013J,333710,3,train
FFF,2013J,334476,4,train
FFF,2013J,334669,0,test
FFF,2013J,335476,1,calib
FFF,2013J,335562,1,calib
FFF,2013J,335582,0,test
FFF,2013J,335644,2,train
FFF,2013J,335726,1,calib
FFF,2013J,338536,2,train
FFF,2013J,338806,3,train
FFF,2013J,338975,4,train
FFF,2013J,339624,1,calib
FFF,2013J,340647,0,test
FFF,2013J,340751,3,train
FFF,2013J,341096,0,test
FFF,2013J,341361,4,train
FFF,2013J,341470,2,train
FFF,2013J,341839,0,test
FFF,2013J,342155,0,test
FFF,2013J,342208,3,train
FFF,2013J,342953,2,train
FFF,2013J,343419,0,test
FFF,2013J,343658,0,test
FFF,2013J,343828,2,train
FFF,2013J,344787,2,train
FFF,2013J,347484,3,train
FFF,2013J,347809,0,test
FFF,2013J,348717,2,train
FFF,2013J,348783,3,train
FFF,2013J,349219,1,calib
FFF,2013J,349247,0,test
FFF,2013J,349676,4,train
FFF,2013J,351170,1,calib
FFF,2013J,351505,2,train
FFF,2013J,352083,0,test
FFF,2013J,352102,1,calib
FFF,2013J,353066,2,train
FFF,2013J,353790,3,train
FFF,2013J,354550,3,train
FFF,2013J,355293,0,test
FFF,2013J,355335,4,train
FFF,2013J,356397,0,test
FFF,2013J,357851,0,test
FFF,2013J,359149,4,train
FFF,2013J,360581,4,train
FFF,2013J,360747,2,train
FFF,2013J,360986,4,train
FFF,2013J,361837,0,test
FFF,2013J,363273,4,train
FFF,2013J,363738,4,train
FFF,2013J,364790,4,train
FFF,2013J,364974,2,train
FFF,2013J,367510,0,test
FFF,2013J,367605,4,train
FFF,2013J,368315,4,train
FFF,2013J,368935,4,train
FFF,2013J,369208,2,train
FFF,2013J,369826,2,train
FFF,2013J,370934,4,train
FFF,2013J,371133,1,calib
FFF,2013J,371247,2,train
FFF,2013J,371869,1,calib
FFF,2013J,372262,1,calib
FFF,2013J,372619,2,train
FFF,2013J,377705,1,calib
FFF,2013J,379070,0,test
FFF,2013J,379843,0,test
FFF,2013J,380161,0,test
FFF,2013J,380435,2,train
FFF,2013J,380710,4,train
FFF,2013J,381058,2,train
FFF,2013J,381365,2,train
FFF,2013J,381414,4,train
FFF,2013J,381959,1,calib
FFF,2013J,382125,1,calib
FFF,2013J,382156,1,calib
FFF,2013J,382738,0,test
FFF,2013J,383517,4,train
FFF,2013J,384227,3,train
FFF,2013J,385033,4,train
FFF,2013J,385195,2,train
FFF,2013J,385209,3,train
FFF,2013J,385547,2,train
FFF,2013J,387507,4,train
FFF,2013J,387941,3,train
FFF,2013J,388754,0,test
FFF,2013J,389208,0,test
FFF,2013J,391187,3,train
FFF,2013J,392210,2,train
FFF,2013J,392427,2,train
FFF,2013J,392692,0,test
FFF,2013J,393526,4,train
FFF,2013J,393698,1,calib
FFF,2013J,393827,3,train
FFF,2013J,394218,3,train
FFF,2013J,394239,1,calib
FFF,2013J,395107,1,calib
FFF,2013J,395373,2,train
FFF,2013J,395696,1,calib
FFF,2013J,395814,0,test
FFF,2013J,396502,2,train
FFF,2013J,397292,3,train
FFF,2013J,397470,3,train
FFF,2013J,397506,4,train
FFF,2013J,399863,1,calib
FFF,2013J,400145,0,test
FFF,2013J,400266,4,train
FFF,2013J,401824,4,train
FFF,2013J,401866,0,test
FFF,2013J,402458,3,train
FFF,2013J,402662,0,test
FFF,2013J,404536,4,train
FFF,2013J,404631,4,train
FFF,2013J,405314,0,test
FFF,2013J,406254,3,train
FFF,2013J,409040,3,train
FFF,2013J,409276,1,calib
FFF,2013J,410666,3,train
FFF,2013J,410838,3,train
FFF,2013J,411939,2,train
FFF,2013J,412697,4,train
FFF,2013J,413137,2,train
FFF,2013J,413259,0,test
FFF,2013J,413747,1,calib
FFF,2013J,413950,4,train
FFF,2013J,415724,2,train
FFF,2013J,416304,0,test
FFF,2013J,416426,3,train
FFF,2013J,416696,3,train
FFF,2013J,417135,3,train
FFF,2013J,417414,3,train
FFF,2013J,417663,2,train
FFF,2013J,418007,2,train
FFF,2013J,418129,0,test
FFF,2013J,418340,4,train
FFF,2013J,419024,2,train
FFF,2013J,419565,3,train
FFF,2013J,419990,3,train
FFF,2013J,420867,4,train
FFF,2013J,421070,1,calib
FFF,2013J,422006,1,calib
FFF,2013J,423544,1,calib
FFF,2013J,424069,2,train
FFF,2013J,424171,0,test
FFF,2013J,424437,2,train
FFF,2013J,425218,1,calib
FFF,2013J,426137,2,train
FFF,2013J,426768,3,train
FFF,2013J,427802,4,train
FFF,2013J,428195,2,train
FFF,2013J,429194,1,calib
FFF,2013J,429832,3,train
FFF,2013J,432336,2,train
FFF,2013J,432474,3,train
FFF,2013J,432592,1,calib
FFF,2013J,432703,4,train
FFF,2013J,434617,0,test
FFF,2013J,436044,0,test
FFF,2013J,438063,2,train
FFF,2013J,438313,1,calib
FFF,2013J,438644,4,train
FFF,2013J,439053,1,calib
FFF,2013J,439203,2,train
FFF,2013J,440851,4,train
FFF,2013J,441606,0,test
FFF,2013J,442432,3,train
FFF,2013J,442670,2,train
FFF,2013J,443300,4,train
FFF,2013J,443753,0,test
FFF,2013J,443954,0,test
FFF,2013J,444266,4,train
FFF,2013J,444619,3,train
FFF,2013J,444697,3,train
FFF,2013J,444856,1,calib
FFF,2013J,445410,2,train
FFF,2013J,445728,0,test
FFF,2013J,445776,3,train
FFF,2013J,446628,0,test
FFF,2013J,446746,2,train
FFF,2013J,447374,0,test
FFF,2013J,447459,2,train
FFF,2013J,464522,4,train
FFF,2013J,464616,1,calib
FFF,2013J,464981,3,train
FFF,2013J,465009,3,train
FFF,2013J,465893,4,train
FFF,2013J,465900,1,calib
FFF,2013J,466425,0,test
FFF,2013J,466807,4,train
FFF,2013J,467243,1,calib
FFF,2013J,467291,4,train
FFF,2013J,467504,0,test
FFF,2013J,467524,4,train
FFF,2013J,467685,2,train
FFF,2013J,467901,4,train
FFF,2013J,468947,2,train
FFF,2013J,470001,2,train
FFF,2013J,470037,3,train
FFF,2013J,470461,1,calib
FFF,2013J,470870,0,test
FFF,2013J,471973,0,test
FFF,2013J,473081,3,train
FFF,2013J,473491,4,train
FFF,2013J,473896,0,test
FFF,2013J,474126,2,train
FFF,2013J,474949,3,train
FFF,2013J,475253,1,calib
FFF,2013J,475699,1,calib
FFF,2013J,476520,0,test
FFF,2013J,478332,1,calib
FFF,2013J,478583,2,train
FFF,2013J,479828,3,train
FFF,2013J,479845,1,calib
FFF,2013J,480025,3,train
FFF,2013J,480910,4,train
FFF,2013J,481092,4,train
FFF,2013J,481314,2,train
FFF,2013J,482554,4,train
FFF,2013J,482580,2,train
FFF,2013J,483626,0,test
FFF,2013J,483724,1,calib
FFF,2013J,484125,0,test
FFF,2013J,484242,2,train
FFF,2013J,484312,4,train
FFF,2013J,484475,0,test
FFF,2013J,484574,0,test
FFF,2013J,485671,2,train
FFF,2013J,485885,2,train
FFF,2013J,486473,1,calib
FFF,2013J,486511,3,train
FFF,2013J,486551,3,train
FFF,2013J,486948,4,train
FFF,2013J,487002,1,calib
FFF,2013J,488136,2,train
FFF,2013J,488324,1,calib
FFF,2013J,488394,0,test
FFF,2013J,489087,2,train
FFF,2013J,489146,3,train
FFF,2013J,489560,0,test
FFF,2013J,490449,1,calib
FFF,2013J,490505,3,train
FFF,2013J,491011,0,test
FFF,2013J,491606,3,train
FFF,2013J,491688,2,train
FFF,2013J,491756,3,train
FFF,2013J,492557,4,train
FFF,2013J,492851,2,train
FFF,2013J,493067,0,test
FFF,2013J,493539,2,train
FFF,2013J,494046,2,train
FFF,2013J,494143,2,train
FFF,2013J,494191,3,train
FFF,2013J,494335,3,train
FFF,2013J,494414,2,train
FFF,2013J,494495,1,calib
FFF,2013J,494975,3,train
FFF,2013J,495948,1,calib
FFF,2013J,496801,3,train
FFF,2013J,496981,3,train
FFF,2013J,497349,1,calib
FFF,2013J,498031,0,test
FFF,2013J,498898,2,train
FFF,2013J,498972,1,calib
FFF,2013J,499386,2,train
FFF,2013J,499564,3,train
FFF,2013J,499768,2,train
FFF,2013J,500067,2,train
FFF,2013J,500099,0,test
FFF,2013J,500137,3,train
FFF,2013J,500772,4,train
FFF,2013J,501336,4,train
FFF,2013J,501425,2,train
FFF,2013J,501871,3,train
FFF,2013J,501922,3,train
FFF,2013J,502249,1,calib
FFF,2013J,502361,2,train
FFF,2013J,502517,3,train
FFF,2013J,502531,4,train
FFF,2013J,502696,3,train
FFF,2013J,502779,4,train
FFF,2013J,503352,4,train
FFF,2013J,503401,2,train
FFF,2013J,503477,0,test
FFF,2013J,503684,2,train
FFF,2013J,503764,0,test
FFF,2013J,504076,2,train
FFF,2013J,504105,1,calib
FFF,2013J,504300,0,test
FFF,2013J,504321,1,calib
FFF,2013J,504700,0,test
FFF,2013J,504834,0,test
FFF,2013J,504899,1,calib
FFF,2013J,504956,2,train
FFF,2013J,505047,0,test
FFF,2013J,505153,0,test
FFF,2013J,505410,1,calib
FFF,2013J,505501,0,test
FFF,2013J,506288,0,test
FFF,2013J,506289,1,calib
FFF,2013J,506309,2,train
FFF,2013J,506498,2,train
FFF,2013J,506550,1,calib
FFF,2013J,506783,1,calib
FFF,2013J,507010,1,calib
FFF,2013J,507084,0,test
FFF,2013J,507941,0,test
FFF,2013J,508059,1,calib
FFF,2013J,508210,1,calib
FFF,2013J,508232,3,train
FFF,2013J,508274,1,calib
FFF,2013J,508295,4,train
FFF,2013J,508326,2,train
FFF,2013J,508388,0,test
FFF,2013J,508469,4,train
FFF,2013J,508627,1,calib
FFF,2013J,508630,1,calib
FFF,2013J,508713,2,train
FFF,2013J,508804,4,train
FFF,2013J,508942,1,calib
FFF,2013J,509407,1,calib
FFF,2013J,509940,3,train
FFF,2013J,510112,4,train
FFF,2013J,510534,0,test
FFF,2013J,511432,2,train
FFF,2013J,512123,1,calib
FFF,2013J,512335,3,train
FFF,2013J,512725,0,test
FFF,2013J,512859,0,test
FFF,2013J,513228,0,test
FFF,2013J,513796,0,test
FFF,2013J,514558,3,train
FFF,2013J,514913,3,train
FFF,2013J,515285,3,train
FFF,2013J,515536,0,test
FFF,2013J,515574,1,calib
FFF,2013J,515833,3,train
FFF,2013J,515857,1,calib
FFF,2013J,515859,1,calib
FFF,2013J,515888,4,train
FFF,2013J,516095,3,train
FFF,2013J,516620,2,train
FFF,2013J,516673,4,train
FFF,2013J,516770,1,calib
FFF,2013J,517349,3,train
FFF,2013J,517481,2,train
FFF,2013J,517571,3,train
FFF,2013J,517731,3,train
FFF,2013J,518364,1,calib
FFF,2013J,518544,4,train
FFF,2013J,518930,1,calib
FFF,2013J,518937,2,train
FFF,2013J,520061,4,train
FFF,2013J,520249,3,train
FFF,2013J,521109,4,train
FFF,2013J,521255,3,train
FFF,2013J,521329,0,test
FFF,2013J,521788,4,train
FFF,2013J,522007,1,calib
FFF,2013J,522082,4,train
FFF,2013J,522257,2,train
FFF,2013J,522428,0,test
FFF,2013J,522740,2,train
FFF,2013J,522862,0,test
FFF,2013J,522881,3,train
FFF,2013J,523599,3,train
FFF,2013J,523680,1,calib
FFF,2013J,523777,4,train
FFF,2013J,523971,0,test
FFF,2013J,524232,4,train
FFF,2013J,524379,0,test
FFF,2013J,524384,2,train
FFF,2013J,524407,4,train
FFF,2013J,524845,1,calib
FFF,2013J,524938,3,train
FFF,2013J,524974,0,test
FFF,2013J,524996,4,train
FFF,2013J,525596,1,calib
FFF,2013J,525694,1,calib
FFF,2013J,525781,3,train
FFF,2013J,526601,3,train
FFF,2013J,526948,0,test
FFF,2013J,527148,0,test
FFF,2013J,527494,1,calib
FFF,2013J,527565,2,train
FFF,2013J,527619,0,test
FFF,2013J,527713,4,train
FFF,2013J,527775,3,train
FFF,2013J,528506,2,train
FFF,2013J,528559,0,test
FFF,2013J,529197,1,calib
FFF,2013J,529201,0,test
FFF,2013J,529211,4,train
FFF,2013J,529309,4,train
FFF,2013J,529490,3,train
FFF,2013J,529684,2,train
FFF,2013J,529723,0,test
FFF,2013J,529862,1,calib
FFF,2013J,530043,1,calib
FFF,2013J,530159,3,train
FFF,2013J,530852,4,train
FFF,2013J,530940,0,test
FFF,2013J,531344,3,train
FFF,2013J,531953,3,train
FFF,2013J,532121,2,train
FFF,2013J,532741,3,train
FFF,2013J,532895,0,test
FFF,2013J,533523,1,calib
FFF,2013J,533975,3,train
FFF,2013J,535131,3,train
FFF,2013J,535529,1,calib
FFF,2013J,535671,3,train
FFF,2013J,536103,0,test
FFF,2013J,536331,1,calib
FFF,2013J,536711,2,train
FFF,2013J,537028,0,test
FFF,2013J,537133,1,calib
FFF,2013J,537328,3,train
FFF,2013J,537942,4,train
FFF,2013J,539945,0,test
FFF,2013J,540503,4,train
FFF,2013J,540637,0,test
FFF,2013J,540909,0,test
FFF,2013J,541768,0,test
FFF,2013J,541783,0,test
FFF,2013J,542423,3,train
FFF,2013J,542550,3,train
FFF,2013J,543607,3,train
FFF,2013J,543763,2,train
FFF,2013J,543953,0,test
FFF,2013J,544021,0,test
FFF,2013J,544090,4,train
FFF,2013J,544092,0,test
FFF,2013J,544155,3,train
FFF,2013J,544207,3,train
FFF,2013J,544289,2,train
FFF,2013J,544745,2,train
FFF,2013J,545119,3,train
FFF,2013J,545916,4,train
FFF,2013J,545944,2,train
FFF,2013J,546065,3,train
FFF,2013J,546480,1,calib
FFF,2013J,546547,2,train
FFF,2013J,546643,4,train
FFF,2013J,546934,2,train
FFF,2013J,547154,0,test
FFF,2013J,547393,3,train
FFF,2013J,547442,1,calib
FFF,2013J,547593,0,test
FFF,2013J,547773,0,test
FFF,2013J,548080,1,calib
FFF,2013J,548508,3,train
FFF,2013J,548547,2,train
FFF,2013J,548666,2,train
FFF,2013J,548693,0,test
FFF,2013J,548722,1,calib
FFF,2013J,549300,2,train
FFF,2013J,549397,3,train
FFF,2013J,549523,1,calib
FFF,2013J,549648,0,test
FFF,2013J,550359,2,train
FFF,2013J,550477,3,train
FFF,2013J,550556,1,calib
FFF,2013J,551245,1,calib
FFF,2013J,551277,2,train
FFF,2013J,551299,3,train
FFF,2013J,551354,1,calib
FFF,2013J,551373,2,train
FFF,2013J,551399,2,train
FFF,2013J,551500,0,test
FFF,2013J,551557,2,train
FFF,2013J,551745,3,train
FFF,2013J,551812,0,test
FFF,2013J,551823,0,test
FFF,2013J,552104,3,train
FFF,2013J,553187,1,calib
FFF,2013J,553283,1,calib
FFF,2013J,553364,3,train
FFF,2013J,553427,4,train
FFF,2013J,554257,1,calib
FFF,2013J,554276,2,train
FFF,2013J,554470,4,train
FFF,2013J,554586,1,calib
FFF,2013J,554846,4,train
FFF,2013J,555440,3,train
FFF,2013J,555498,1,calib
FFF,2013J,555691,1,calib
FFF,2013J,555786,2,train
FFF,2013J,555855,2,train
FFF,2013J,555895,0,test
FFF,2013J,556275,0,test
FFF,2013J,556492,4,train
FFF,2013J,556639,4,train
FFF,2013J,556646,1,calib
FFF,2013J,557012,4,train
FFF,2013J,557020,0,test
FFF,2013J,557040,3,train
FFF,2013J,557044,0,test
FFF,2013J,557054,3,train
FFF,2013J,557232,3,train
FFF,2013J,557385,4,train
FFF,2013J,557395,2,train
FFF,2013J,557481,0,test
FFF,2013J,557545,3,train
FFF,2013J,557655,0,test
FFF,2013J,557661,1,calib
FFF,2013J,557735,0,test
FFF,2013J,557766,0,test
FFF,2013J,558090,3,train
FFF,2013J,558205,2,train
FFF,2013J,558284,4,train
FFF,2013J,558301,3,train
FFF,2013J,558309,2,train
FFF,2013J,558345,2,train
FFF,2013J,558484,1,calib
FFF,2013J,558635,4,train
FFF,2013J,558893,3,train
FFF,2013J,558909,0,test
FFF,2013J,558970,3,train
FFF,2013J,559067,3,train
FFF,2013J,559428,3,train
FFF,2013J,559599,4,train
FFF,2013J,559754,1,calib
FFF,2013J,559813,2,train
FFF,2013J,559863,2,train
FFF,2013J,559902,0,test
FFF,2013J,559979,4,train
FFF,2013J,559999,3,train
FFF,2013J,560329,3,train
FFF,2013J,560401,3,train
FFF,2013J,560410,2,train
FFF,2013J,560496,2,train
FFF,2013J,560592,0,test
FFF,2013J,560659,4,train
FFF,2013J,560670,1,calib
FFF,2013J,560703,2,train
FFF,2013J,560727,1,calib
FFF,2013J,560772,4,train
FFF,2013J,560934,2,train
FFF,2013J,560946,4,train
FFF,2013J,560949,2,train
FFF,2013J,561031,0,test
FFF,2013J,561068,1,calib
FFF,2013J,561268,0,test
FFF,2013J,561386,3,train
FFF,2013J,561542,1,calib
FFF,2013J,561714,2,train
FFF,2013J,561865,3,train
FFF,2013J,561867,3,train
FFF,2013J,561868,0,test
FFF,2013J,561873,0,test
FFF,2013J,561874,2,train
FFF,2013J,561878,1,calib
FFF,2013J,561879,2,train
FFF,2013J,561880,4,train
FFF,2013J,561889,1,calib
FFF,2013J,561929,4,train
FFF,2013J,561930,0,test
FFF,2013J,561976,0,test
FFF,2013J,562377,2,train
FFF,2013J,562428,3,train
FFF,2013J,562448,4,train
FFF,2013J,562460,3,train
FFF,2013J,562763,0,test
FFF,2013J,562920,0,test
FFF,2013J,563014,2,train
FFF,2013J,563019,4,train
FFF,2013J,563020,0,test
FFF,2013J,563051,3,train
FFF,2013J,563196,0,test
FFF,2013J,563239,2,train
FFF,2013J,563299,3,train
FFF,2013J,563430,1,calib
FFF,2013J,563636,1,calib
FFF,2013J,563742,3,train
FFF,2013J,563783,3,train
FFF,2013J,563787,4,train
FFF,2013J,564119,1,calib
FFF,2013J,564262,1,calib
FFF,2013J,564437,2,train
FFF,2013J,564702,2,train
FFF,2013J,564770,0,test
FFF,2013J,564821,4,train
FFF,2013J,564981,2,train
FFF,2013J,565469,3,train
FFF,2013J,565587,0,test
FFF,2013J,565608,4,train
FFF,2013J,565653,2,train
FFF,2013J,565698,0,test
FFF,2013J,565849,1,calib
FFF,2013J,565977,2,train
FFF,2013J,565990,0,test
FFF,2013J,565997,3,train
FFF,2013J,566009,2,train
FFF,2013J,566135,2,train
FFF,2013J,566172,0,test
FFF,2013J,566270,0,test
FFF,2013J,566465,1,calib
FFF,2013J,566675,1,calib
FFF,2013J,566817,4,train
FFF,2013J,566823,2,train
FFF,2013J,566863,3,train
FFF,2013J,566973,0,test
FFF,2013J,567165,4,train
FFF,2013J,567222,0,test
FFF,2013J,567223,1,calib
FFF,2013J,567312,1,calib
FFF,2013J,567676,3,train
FFF,2013J,567880,4,train
FFF,2013J,567888,2,train
FFF,2013J,567901,1,calib
FFF,2013J,568084,2,train
FFF,2013J,568132,1,calib
FFF,2013J,568153,3,train
FFF,2013J,568184,4,train
FFF,2013J,568204,3,train
FFF,2013J,568207,1,calib
FFF,2013J,568234,4,train
FFF,2013J,568333,0,test
FFF,2013J,568381,1,calib
FFF,2013J,568444,4,train
FFF,2013J,568450,1,calib
FFF,2013J,568551,1,calib
FFF,2013J,568592,1,calib
FFF,2013J,568602,1,calib
FFF,2013J,568644,0,test
FFF,2013J,568763,0,test
FFF,2013J,568767,2,train
FFF,2013J,568774,1,calib
FFF,2013J,568857,0,test
FFF,2013J,568910,3,train
FFF,2013J,568987,4,train
FFF,2013J,568998,0,test
FFF,2013J,569016,1,calib
FFF,2013J,569070,1,calib
FFF,2013J,569107,0,test
FFF,2013J,569132,3,train
FFF,2013J,569167,0,test
FFF,2013J,569474,4,train
FFF,2013J,569507,3,train
FFF,2013J,569566,2,train
FFF,2013J,569609,1,calib
FFF,2013J,569625,3,train
FFF,2013J,569712,4,train
FFF,2013J,569807,1,calib
FFF,2013J,569994,1,calib
FFF,2013J,570004,3,train
FFF,2013J,570023,0,test
FFF,2013J,570061,3,train
FFF,2013J,570213,2,train
FFF,2013J,570280,0,test
FFF,2013J,570428,4,train
FFF,2013J,570455,3,train
FFF,2013J,570515,0,test
FFF,2013J,570517,2,train
FFF,2013J,570550,3,train
FFF,2013J,570689,2,train
FFF,2013J,570717,1,calib
FFF,2013J,570732,3,train
FFF,2013J,570807,1,calib
FFF,2013J,570878,2,train
FFF,2013J,570978,3,train
FFF,2013J,571019,1,calib
FFF,2013J,571022,2,train
FFF,2013J,571044,3,train
FFF,2013J,571079,3,train
FFF,2013J,571117,1,calib
FFF,2013J,571355,1,calib
FFF,2013J,571363,4,train
FFF,2013J,571490,2,train
FFF,2013J,571575,1,calib
FFF,2013J,571612,2,train
FFF,2013J,571622,4,train
FFF,2013J,571630,2,train
FFF,2013J,571638,0,test
FFF,2013J,571650,0,test
FFF,2013J,571702,1,calib
FFF,2013J,571757,0,test
FFF,2013J,571800,2,train
FFF,2013J,571802,3,train
FFF,2013J,571828,4,train
FFF,2013J,571831,0,test
FFF,2013J,571844,3,train
FFF,2013J,571859,0,test
FFF,2013J,571862,1,calib
FFF,2013J,571893,4,train
FFF,2013J,571926,2,train
FFF,2013J,571927,4,train
FFF,2013J,571935,1,calib
FFF,2013J,571973,4,train
FFF,2013J,571994,2,train
FFF,2013J,572003,0,test
FFF,2013J,572011,1,calib
FFF,2013J,572036,1,calib
FFF,2013J,572047,4,train
FFF,2013J,572053,3,train
FFF,2013J,572071,0,test
FFF,2013J,572076,2,train
FFF,2013J,572116,0,test
FFF,2013J,572124,0,test
FFF,2013J,572125,2,train
FFF,2013J,572128,3,train
FFF,2013J,572179,0,test
FFF,2013J,572199,2,train
FFF,2013J,572209,0,test
FFF,2013J,572213,3,train
FFF,2013J,572250,2,train
FFF,2013J,572265,4,train
FFF,2013J,572270,0,test
FFF,2013J,572274,3,train
FFF,2013J,572304,4,train
FFF,2013J,572346,1,calib
FFF,2013J,572397,4,train
FFF,2013J,572410,2,train
FFF,2013J,572493,1,calib
FFF,2013J,572505,0,test
FFF,2013J,572532,4,train
FFF,2013J,572554,3,train
FFF,2013J,572560,4,train
FFF,2013J,572584,1,calib
FFF,2013J,572588,2,train
FFF,2013J,572589,4,train
FFF,2013J,572634,2,train
FFF,2013J,572702,1,calib
FFF,2013J,572718,3,train
FFF,2013J,572769,3,train
FFF,2013J,572783,2,train
FFF,2013J,572816,4,train
FFF,2013J,572845,1,calib
FFF,2013J,572860,2,train
FFF,2013J,572871,4,train
FFF,2013J,572910,1,calib
FFF,2013J,572981,4,train
FFF,2013J,573007,2,train
FFF,2013J,573093,0,test
FFF,2013J,573150,1,calib
FFF,2013J,573152,2,train
FFF,2013J,573166,2,train
FFF,2013J,573173,0,test
FFF,2013J,573199,3,train
FFF,2013J,573224,2,train
FFF,2013J,573245,4,train
FFF,2013J,573280,2,train
FFF,2013J,573291,4,train
FFF,2013J,573317,2,train
FFF,2013J,573434,1,calib
FFF,2013J,573467,3,train
FFF,2013J,573481,1,calib
FFF,2013J,573639,2,train
FFF,2013J,573674,2,train
FFF,2013J,573678,0,test
FFF,2013J,573696,1,calib
FFF,2013J,573697,4,train
FFF,2013J,573704,0,test
FFF,2013J,573766,1,calib
FFF,2013J,573860,1,calib
FFF,2013J,573864,2,train
FFF,2013J,573900,1,calib
FFF,2013J,573901,2,train
FFF,2013J,573922,0,test
FFF,2013J,573951,2,train
FFF,2013J,574056,0,test
FFF,2013J,574070,0,test
FFF,2013J,574078,2,train
FFF,2013J,574207,4,train
FFF,2013J,574232,0,test
FFF,2013J,574237,1,calib
FFF,2013J,574245,4,train
FFF,2013J,574282,0,test
FFF,2013J,574283,0,test
FFF,2013J,574305,1,calib
FFF,2013J,574315,4,train
FFF,2013J,574382,2,train
FFF,2013J,574418,4,train
FFF,2013J,574446,0,test
FFF,2013J,574470,1,calib
FFF,2013J,574534,4,train
FFF,2013J,574551,0,test
FFF,2013J,574570,3,train
FFF,2013J,574664,2,train
FFF,2013J,574681,0,test
FFF,2013J,574683,2,train
FFF,2013J,574695,3,train
FFF,2013J,574722,1,calib
FFF,2013J,574732,3,train
FFF,2013J,574735,0,test
FFF,2013J,574737,1,calib
FFF,2013J,574815,4,train
FFF,2013J,574820,0,test
FFF,2013J,574845,3,train
FFF,2013J,574856,2,train
FFF,2013J,574871,4,train
FFF,2013J,574874,0,test
FFF,2013J,574919,0,test
FFF,2013J,574950,4,train
FFF,2013J,574955,0,test
FFF,2013J,575003,4,train
FFF,2013J,575019,0,test
FFF,2013J,575039,2,train
FFF,2013J,575186,2,train
FFF,2013J,575265,4,train
FFF,2013J,575282,2,train
FFF,2013J,575372,3,train
FFF,2013J,575459,2,train
FFF,2013J,575476,2,train
FFF,2013J,575512,1,calib
FFF,2013J,575533,0,test
FFF,2013J,575655,2,train
FFF,2013J,575678,4,train
FFF,2013J,575797,2,train
FFF,2013J,575822,1,calib
FFF,2013J,575875,2,train
FFF,2013J,575919,1,calib
FFF,2013J,575941,4,train
FFF,2013J,575956,1,calib
FFF,2013J,576032,2,train
FFF,2013J,576088,1,calib
FFF,2013J,576097,3,train
FFF,2013J,576107,4,train
FFF,2013J,576205,3,train
FFF,2013J,576229,1,calib
FFF,2013J,576281,2,train
FFF,2013J,576390,1,calib
FFF,2013J,576399,2,train
FFF,2013J,576417,3,train
FFF,2013J,576423,2,train
FFF,2013J,576431,4,train
FFF,2013J,576433,0,test
FFF,2013J,576466,0,test
FFF,2013J,576512,1,calib
FFF,2013J,576518,4,train
FFF,2013J,576568,2,train
FFF,2013J,576670,0,test
FFF,2013J,576672,1,calib
FFF,2013J,576681,3,train
FFF,2013J,576704,3,train
FFF,2013J,576765,1,calib
FFF,2013J,576780,3,train
FFF,2013J,576789,0,test
FFF,2013J,576791,1,calib
FFF,2013J,576813,2,train
FFF,2013J,576856,4,train
FFF,2013J,576888,1,calib
FFF,2013J,576921,1,calib
FFF,2013J,576943,1,calib
FFF,2013J,576972,4,train
FFF,2013J,577042,4,train
FFF,2013J,577149,1,calib
FFF,2013J,577222,3,train
FFF,2013J,577371,2,train
FFF,2013J,577389,4,train
FFF,2013J,577396,1,calib
FFF,2013J,577404,0,test
FFF,2013J,577454,0,test
FFF,2013J,577476,4,train
FFF,2013J,577533,4,train
FFF,2013J,577605,2,train
FFF,2013J,577607,3,train
FFF,2013J,577640,2,train
FFF,2013J,577673,2,train
FFF,2013J,577688,0,test
FFF,2013J,577721,2,train
FFF,2013J,577763,3,train
FFF,2013J,577764,3,train
FFF,2013J,577797,4,train
FFF,2013J,577867,2,train
FFF,2013J,577922,3,train
FFF,2013J,577959,0,test
FFF,2013J,577999,1,calib
FFF,2013J,578050,4,train
FFF,2013J,578152,2,train
FFF,2013J,578199,2,train
FFF,2013J,578208,3,train
FFF,2013J,578258,1,calib
FFF,2013J,578259,4,train
FFF,2013J,578276,3,train
FFF,2013J,578281,1,calib
FFF,2013J,578492,1,calib
FFF,2013J,578497,4,train
FFF,2013J,578519,0,test
FFF,2013J,578547,3,train
FFF,2013J,578550,4,train
FFF,2013J,578561,0,test
FFF,2013J,578599,2,train
FFF,2013J,578649,4,train
FFF,2013J,578744,2,train
FFF,2013J,579038,2,train
FFF,2013J,579064,0,test
FFF,2013J,579069,1,calib
FFF,2013J,579115,0,test
FFF,2013J,579176,2,train
FFF,2013J,579257,2,train
FFF,2013J,579278,3,train
FFF,2013J,579307,4,train
FFF,2013J,579354,2,train
FFF,2013J,579361,0,test
FFF,2013J,579415,4,train
FFF,2013J,579416,4,train
FFF,2013J,579482,3,train
FFF,2013J,579506,2,train
FFF,2013J,579526,3,train
FFF,2013J,579557,2,train
FFF,2013J,579685,0,test
FFF,2013J,579737,4,train
FFF,2013J,580317,4,train
FFF,2013J,580342,0,test
FFF,2013J,580358,3,train
FFF,2013J,580380,0,test
FFF,2013J,580477,4,train
FFF,2013J,580484,4,train
FFF,2013J,580533,2,train
FFF,2013J,580555,1,calib
FFF,2013J,580657,3,train
FFF,2013J,580658,4,train
FFF,2013J,580702,3,train
FFF,2013J,580709,0,test
FFF,2013J,580743,1,calib
FFF,2013J,580755,4,train
FFF,2013J,580771,2,train
FFF,2013J,580779,0,test
FFF,2013J,580824,0,test
FFF,2013J,580842,0,test
FFF,2013J,580867,0,test
FFF,2013J,581034,1,calib
FFF,2013J,581135,3,train
FFF,2013J,581219,0,test
FFF,2013J,581253,2,train
FFF,2013J,581261,4,train
FFF,2013J,581307,3,train
FFF,2013J,581332,1,calib
FFF,2013J,581341,4,train
FFF,2013J,581342,0,test
FFF,2013J,581410,1,calib
FFF,2013J,581412,2,train
FFF,2013J,581486,0,test
FFF,2013J,581490,3,train
FFF,2013J,581523,3,train
FFF,2013J,581532,1,calib
FFF,2013J,581563,1,calib
FFF,2013J,581574,2,train
FFF,2013J,581614,3,train
FFF,2013J,581616,4,train
FFF,2013J,581656,2,train
FFF,2013J,581700,1,calib
FFF,2013J,581716,0,test
FFF,2013J,581769,0,test
FFF,2013J,581770,3,train
FFF,2013J,581787,4,train
FFF,2013J,581796,0,test
FFF,2013J,581810,2,train
FFF,2013J,581836,0,test
FFF,2013J,581838,1,calib
FFF,2013J,581897,0,test
FFF,2013J,582003,0,test
FFF,2013J,582063,2,train
FFF,2013J,582080,3,train
FFF,2013J,582108,4,train
FFF,2013J,582125,2,train
FFF,2013J,582154,1,calib
FFF,2013J,582181,4,train
FFF,2013J,582235,2,train
FFF,2013J,582251,0,test
FFF,2013J,582275,0,test
FFF,2013J,582282,3,train
FFF,2013J,582311,1,calib
FFF,2013J,582364,0,test
FFF,2013J,582392,1,calib
FFF,2013J,582494,2,train
FFF,2013J,582510,4,train
FFF,2013J,582562,4,train
FFF,2013J,582629,4,train
FFF,2013J,582665,3,train
FFF,2013J,582677,0,test
FFF,2013J,582679,1,calib
FFF,2013J,582690,2,train
FFF,2013J,582705,1,calib
FFF,2013J,582790,3,train
FFF,2013J,582842,1,calib
FFF,2013J,582950,4,train
FFF,2013J,582992,4,train
FFF,2013J,583033,2,train
FFF,2013J,583051,3,train
FFF,2013J,583070,4,train
FFF,2013J,583081,2,train
FFF,2013J,583121,0,test
FFF,2013J,583128,1,calib
FFF,2013J,583131,3,train
FFF,2013J,583149,2,train
FFF,2013J,583202,4,train
FFF,2013J,583232,0,test
FFF,2013J,583236,2,train
FFF,2013J,583286,2,train
FFF,2013J,583381,3,train
FFF,2013J,583526,2,train
FFF,2013J,583591,4,train
FFF,2013J,583599,1,calib
FFF,2013J,583741,4,train
FFF,2013J,583824,2,train
FFF,2013J,583826,0,test
FFF,2013J,583840,4,train
FFF,2013J,583867,3,train
FFF,2013J,583966,3,train
FFF,2013J,583993,3,train
FFF,2013J,584040,2,train
FFF,2013J,584078,3,train
FFF,2013J,584111,0,test
FFF,2013J,584210,4,train
FFF,2013J,584214,2,train
FFF,2013J,584225,0,test
FFF,2013J,584362,0,test
FFF,2013J,584446,4,train
FFF,2013J,584468,0,test
FFF,2013J,584546,2,train
FFF,2013J,584550,1,calib
FFF,2013J,584594,4,train
FFF,2013J,584601,1,calib
FFF,2013J,584673,0,test
FFF,2013J,584687,2,train
FFF,2013J,584749,3,train
FFF,2013J,584771,4,train
FFF,2013J,584792,0,test
FFF,2013J,584806,1,calib
FFF,2013J,585033,3,train
FFF,2013J,585050,0,test
FFF,2013J,585093,3,train
FFF,2013J,585128,4,train
FFF,2013J,585149,0,test
FFF,2013J,585162,4,train
FFF,2013J,585166,0,test
FFF,2013J,585222,1,calib
FFF,2013J,585230,3,train
FFF,2013J,585290,0,test
FFF,2013J,585301,2,train
FFF,2013J,585305,3,train
FFF,2013J,585383,1,calib
FFF,2013J,585389,0,test
FFF,2013J,585409,3,train
FFF,2013J,585449,4,train
FFF,2013J,585454,0,test
FFF,2013J,585466,0,test
FFF,2013J,585484,4,train
FFF,2013J,585574,3,train
FFF,2013J,585615,1,calib
FFF,2013J,585659,1,calib
FFF,2013J,585724,3,train
FFF,2013J,585731,1,calib
FFF,2013J,585825,1,calib
FFF,2013J,585942,0,test
FFF,2013J,585965,3,train
FFF,2013J,586011,0,test
FFF,2013J,586034,1,calib
FFF,2013J,586080,2,train
FFF,2013J,586112,1,calib
FFF,2013J,586224,3,train
FFF,2013J,586233,0,test
FFF,2013J,586246,3,train
FFF,2013J,586249,4,train
FFF,2013J,586251,1,calib
FFF,2013J,586259,2,train
FFF,2013J,586281,3,train
FFF,2013J,586428,0,test
FFF,2013J,586445,0,test
FFF,2013J,586446,3,train
FFF,2013J,586468,0,test
FFF,2013J,586477,4,train
FFF,2013J,586483,3,train
FFF,2013J,586510,0,test
FFF,2013J,586518,4,train
FFF,2013J,586543,1,calib
FFF,2013J,586594,3,train
FFF,2013J,586620,2,train
FFF,2013J,586642,2,train
FFF,2013J,586705,4,train
FFF,2013J,586719,2,train
FFF,2013J,586753,1,calib
FFF,2013J,586758,2,train
FFF,2013J,586781,0,test
FFF,2013J,586784,1,calib
FFF,2013J,586808,2,train
FFF,2013J,586851,1,calib
FFF,2013J,586855,0,test
FFF,2013J,586891,1,calib
FFF,2013J,586906,1,calib
FFF,2013J,586925,4,train
FFF,2013J,586935,3,train
FFF,2013J,586957,2,train
FFF,2013J,586974,4,train
FFF,2013J,587126,2,train
FFF,2013J,587178,3,train
FFF,2013J,587195,2,train
FFF,2013J,587286,0,test
FFF,2013J,587294,4,train
FFF,2013J,587308,3,train
FFF,2013J,587324,0,test
FFF,2013J,587334,4,train
FFF,2013J,587369,3,train
FFF,2013J,587435,2,train
FFF,2013J,587451,2,train
FFF,2013J,587456,0,test
FFF,2013J,587462,3,train
FFF,2013J,587594,2,train
FFF,2013J,587611,4,train
FFF,2013J,587619,1,calib
FFF,2013J,587659,1,calib
FFF,2013J,587685,3,train
FFF,2013J,587690,1,calib
FFF,2013J,587783,0,test
FFF,2013J,587848,4,train
FFF,2013J,587859,1,calib
FFF,2013J,587868,4,train
FFF,2013J,587881,2,train
FFF,2013J,587912,0,test
FFF,2013J,587934,3,train
FFF,2013J,587976,4,train
FFF,2013J,588052,0,test
FFF,2013J,588128,4,train
FFF,2013J,588131,3,train
FFF,2013J,588156,1,calib
FFF,2013J,588175,0,test
FFF,2013J,588236,0,test
FFF,2013J,588261,3,train
FFF,2013J,588360,2,train
FFF,2013J,588539,4,train
FFF,2013J,588560,0,test
FFF,2013J,588597,3,train
FFF,2013J,588672,4,train
FFF,2013J,588796,0,test
FFF,2013J,588914,1,calib
FFF,2013J,588925,2,train
FFF,2013J,588971,0,test
FFF,2013J,589003,4,train
FFF,2013J,589014,1,calib
FFF,2013J,589017,2,train
FFF,2013J,589099,4,train
FFF,2013J,589178,3,train
FFF,2013J,589196,3,train
FFF,2013J,589263,0,test
FFF,2013J,589267,1,calib
FFF,2013J,589295,4,train
FFF,2013J,589303,1,calib
FFF,2013J,589326,0,test
FFF,2013J,589409,4,train
FFF,2013J,589441,1,calib
FFF,2013J,589474,1,calib
FFF,2013J,589490,3,train
FFF,2013J,589559,4,train
FFF,2013J,589578,2,train
FFF,2013J,589583,0,test
FFF,2013J,589587,3,train
FFF,2013J,589594,2,train
FFF,2013J,589605,4,train
FFF,2013J,589665,1,calib
FFF,2013J,589707,0,test
FFF,2013J,589749,0,test
FFF,2013J,589768,1,calib
FFF,2013J,589782,3,train
FFF,2013J,589828,2,train
FFF,2013J,589843,3,train
FFF,2013J,589860,1,calib
FFF,2013J,589948,0,test
FFF,2013J,590128,1,calib
FFF,2013J,590188,0,test
FFF,2013J,590189,0,test
FFF,2013J,590226,4,train
FFF,2013J,590241,3,train
FFF,2013J,590289,1,calib
FFF,2013J,590328,0,test
FFF,2013J,590403,3,train
FFF,2013J,590461,2,train
FFF,2013J,590462,1,calib
FFF,2013J,590466,4,train
FFF,2013J,590494,2,train
FFF,2013J,590499,4,train
FFF,2013J,590545,0,test
FFF,2013J,590548,4,train
FFF,2013J,590555,2,train
FFF,2013J,590571,1,calib
FFF,2013J,590701,2,train
FFF,2013J,590707,0,test
FFF,2013J,590714,1,calib
FFF,2013J,590749,0,test
FFF,2013J,590815,2,train
FFF,2013J,590824,0,test
FFF,2013J,590849,0,test
FFF,2013J,590898,2,train
FFF,2013J,590907,0,test
FFF,2013J,590980,3,train
FFF,2013J,590989,2,train
FFF,2013J,591008,4,train
FFF,2013J,591015,0,test
FFF,2013J,591055,3,train
FFF,2013J,591057,1,calib
FFF,2013J,591078,0,test
FFF,2013J,591219,2,train
FFF,2013J,591343,4,train
FFF,2013J,591394,2,train
FFF,2013J,591403,0,test
FFF,2013J,591411,2,train
FFF,2013J,591412,0,test
FFF,2013J,591516,4,train
FFF,2013J,591581,2,train
FFF,2013J,591613,3,train
FFF,2013J,591620,0,test
FFF,2013J,591638,1,calib
FFF,2013J,591655,0,test
FFF,2013J,591661,1,calib
FFF,2013J,591677,4,train
FFF,2013J,591685,3,train
FFF,2013J,591692,0,test
FFF,2013J,591695,2,train
FFF,2013J,591735,0,test
FFF,2013J,591765,4,train
FFF,2013J,591872,4,train
FFF,2013J,591893,0,test
FFF,2013J,591940,4,train
FFF,2013J,591975,3,train
FFF,2013J,592002,1,calib
FFF,2013J,592007,4,train
FFF,2013J,592014,2,train
FFF,2013J,592092,1,calib
FFF,2013J,592142,1,calib
FFF,2013J,592168,1,calib
FFF,2013J,592203,1,calib
FFF,2013J,592206,3,train
FFF,2013J,592259,4,train
FFF,2013J,592370,3,train
FFF,2013J,592373,1,calib
FFF,2013J,592437,1,calib
FFF,2013J,592450,1,calib
FFF,2013J,592458,4,train
FFF,2013J,592476,2,train
FFF,2013J,592538,0,test
FFF,2013J,592550,2,train
FFF,2013J,592563,3,train
FFF,2013J,592607,3,train
FFF,2013J,592616,3,train
FFF,2013J,592631,4,train
FFF,2013J,592634,0,test
FFF,2013J,592640,4,train
FFF,2013J,592689,1,calib
FFF,2013J,592763,3,train
FFF,2013J,592781,4,train
FFF,2013J,592789,3,train
FFF,2013J,592810,3,train
FFF,2013J,592856,2,train
FFF,2013J,592924,2,train
FFF,2013J,592939,3,train
FFF,2013J,593022,4,train
FFF,2013J,593104,1,calib
FFF,2013J,593139,2,train
FFF,2013J,593157,3,train
FFF,2013J,593206,0,test
FFF,2013J,593272,4,train
FFF,2013J,593320,4,train
FFF,2013J,593459,2,train
FFF,2013J,593492,1,calib
FFF,2013J,593511,3,train
FFF,2013J,593532,4,train
FFF,2013J,593535,2,train
FFF,2013J,593585,2,train
FFF,2013J,593617,4,train
FFF,2013J,593670,0,test
FFF,2013J,593671,3,train
FFF,2013J,593681,1,calib
FFF,2013J,593755,1,calib
FFF,2013J,593780,2,train
FFF,2013J,593823,0,test
FFF,2013J,593865,0,test
FFF,2013J,593904,0,test
FFF,2013J,593953,3,train
FFF,2013J,593970,2,train
FFF,2013J,594044,1,calib
FFF,2013J,594076,4,train
FFF,2013J,594119,2,train
FFF,2013J,594139,3,train
FFF,2013J,594162,1,calib
FFF,2013J,594184,3,train
FFF,2013J,594205,0,test
FFF,2013J,594221,3,train
FFF,2013J,594250,1,calib
FFF,2013J,594280,1,calib
FFF,2013J,594291,2,train
FFF,2013J,594319,3,train
FFF,2013J,594326,1,calib
FFF,2013J,594341,2,train
FFF,2013J,594342,4,train
FFF,2013J,594359,3,train
FFF,2013J,594360,0,test
FFF,2013J,594376,3,train
FFF,2013J,594395,3,train
FFF,2013J,594404,1,calib
FFF,2013J,594406,0,test
FFF,2013J,594454,3,train
FFF,2013J,594470,3,train
FFF,2013J,594505,3,train
FFF,2013J,594506,0,test
FFF,2013J,594510,1,calib
FFF,2013J,594546,1,calib
FFF,2013J,594547,2,train
FFF,2013J,594558,4,train
FFF,2013J,594576,0,test
FFF,2013J,594596,2,train
FFF,2013J,594603,0,test
FFF,2013J,594615,1,calib
FFF,2013J,594643,0,test
FFF,2013J,594737,4,train
FFF,2013J,594800,3,train
FFF,2013J,594814,1,calib
FFF,2013J,594815,2,train
FFF,2013J,594823,1,calib
FFF,2013J,594855,4,train
FFF,2013J,594881,1,calib
FFF,2013J,594894,4,train
FFF,2013J,594933,4,train
FFF,2013J,594956,3,train
FFF,2013J,594996,4,train
FFF,2013J,595023,3,train
FFF,2013J,595106,3,train
FFF,2013J,595119,0,test
FFF,2013J,595150,4,train
FFF,2013J,595164,1,calib
FFF,2013J,595230,1,calib
FFF,2013J,595235,2,train
FFF,2013J,595246,4,train
FFF,2013J,595330,0,test
FFF,2013J,595354,2,train
FFF,2013J,595359,1,calib
FFF,2013J,595381,4,train
FFF,2013J,595386,0,test
FFF,2013J,595401,4,train
FFF,2013J,595428,1,calib
FFF,2013J,595477,2,train
FFF,2013J,595483,3,train
FFF,2013J,595593,0,test
FFF,2013J,595649,4,train
FFF,2013J,595655,3,train
FFF,2013J,595676,2,train
FFF,2013J,595735,1,calib
FFF,2013J,595746,2,train
FFF,2013J,595752,4,train
FFF,2013J,595769,0,test
FFF,2013J,595773,1,calib
FFF,2013J,595840,4,train
FFF,2013J,595842,2,train
FFF,2013J,595847,0,test
FFF,2013J,595868,1,calib
FFF,2013J,595895,1,calib
FFF,2013J,595915,4,train
FFF,2013J,595935,0,test
FFF,2013J,595978,4,train
FFF,2013J,596027,0,test
FFF,2013J,596029,1,calib
FFF,2013J,596049,4,train
FFF,2013J,596125,2,train
FFF,2013J,596146,3,train
FFF,2013J,596147,4,train
FFF,2013J,596231,3,train
FFF,2013J,596266,4,train
FFF,2013J,596296,4,train
FFF,2013J,596368,1,calib
FFF,2013J,596369,2,train
FFF,2013J,596406,1,calib
FFF,2013J,596480,4,train
FFF,2013J,596490,1,calib
FFF,2013J,596521,4,train
FFF,2013J,596593,4,train
FFF,2013J,596601,0,test
FFF,2013J,596624,4,train
FFF,2013J,596646,3,train
FFF,2013J,596687,1,calib
FFF,2013J,596691,2,train
FFF,2013J,596739,3,train
FFF,2013J,596754,0,test
FFF,2013J,596756,0,test
FFF,2013J,596774,4,train
FFF,2013J,596828,1,calib
FFF,2013J,596829,1,calib
FFF,2013J,596858,4,train
FFF,2013J,596860,0,test
FFF,2013J,596938,2,train
FFF,2013J,596981,3,train
FFF,2013J,596982,2,train
FFF,2013J,597074,1,calib
FFF,2013J,597098,3,train
FFF,2013J,597190,3,train
FFF,2013J,597199,0,test
FFF,2013J,597204,2,train
FFF,2013J,597238,1,calib
FFF,2013J,597241,3,train
FFF,2013J,597293,0,test
FFF,2013J,597402,2,train
FFF,2013J,597415,0,test
FFF,2013J,597485,4,train
FFF,2013J,597555,2,train
FFF,2013J,597557,0,test
FFF,2013J,597627,4,train
FFF,2013J,597715,2,train
FFF,2013J,597737,4,train
FFF,2013J,597747,0,test
FFF,2013J,597761,2,train
FFF,2013J,597787,0,test
FFF,2013J,597791,2,train
FFF,2013J,597797,3,train
FFF,2013J,597817,0,test
FFF,2013J,597819,1,calib
FFF,2013J,597880,0,test
FFF,2013J,597906,4,train
FFF,2013J,597912,0,test
FFF,2013J,597931,4,train
FFF,2013J,598001,3,train
FFF,2013J,598032,0,test
FFF,2013J,598077,2,train
FFF,2013J,598213,2,train
FFF,2013J,598215,3,train
FFF,2013J,598235,1,calib
FFF,2013J,598259,1,calib
FFF,2013J,598268,3,train
FFF,2013J,598279,0,test
FFF,2013J,598285,1,calib
FFF,2013J,598294,3,train
FFF,2013J,598299,4,train
FFF,2013J,598306,4,train
FFF,2013J,598308,1,calib
FFF,2013J,598353,4,train
FFF,2013J,598376,2,train
FFF,2013J,598385,4,train
FFF,2013J,598478,4,train
FFF,2013J,598480,0,test
FFF,2013J,598498,2,train
FFF,2013J,598543,2,train
FFF,2013J,598555,1,calib
FFF,2013J,598629,0,test
FFF,2013J,598649,4,train
FFF,2013J,598666,3,train
FFF,2013J,598706,1,calib
FFF,2013J,598752,4,train
FFF,2013J,598757,0,test
FFF,2013J,598761,4,train
FFF,2013J,598835,2,train
FFF,2013J,598887,2,train
FFF,2013J,598962,3,train
FFF,2013J,598966,4,train
FFF,2013J,598983,2,train
FFF,2013J,599094,4,train
FFF,2013J,599104,1,calib
FFF,2013J,599114,2,train
FFF,2013J,599168,1,calib
FFF,2013J,599199,2,train
FFF,2013J,599245,1,calib
FFF,2013J,599289,4,train
FFF,2013J,599297,2,train
FFF,2013J,599315,0,test
FFF,2013J,599370,0,test
FFF,2013J,599445,2,train
FFF,2013J,599464,4,train
FFF,2013J,599468,0,test
FFF,2013J,599559,4,train
FFF,2013J,599568,0,test
FFF,2013J,599570,1,calib
FFF,2013J,599587,2,train
FFF,2013J,599595,1,calib
FFF,2013J,599663,1,calib
FFF,2013J,599683,2,train
FFF,2013J,599718,2,train
FFF,2013J,599776,2,train
FFF,2013J,599783,3,train
FFF,2013J,599795,2,train
FFF,2013J,599805,1,calib
FFF,2013J,599816,4,train
FFF,2013J,599857,0,test
FFF,2013J,599907,2,train
FFF,2013J,599957,0,test
FFF,2013J,599994,3,train
FFF,2013J,600037,0,test
FFF,2013J,600175,0,test
FFF,2013J,600224,4,train
FFF,2013J,600243,1,calib
FFF,2013J,600367,3,train
FFF,2013J,600436,3,train
FFF,2013J,600515,4,train
FFF,2013J,600542,3,train
FFF,2013J,600558,0,test
FFF,2013J,600564,1,calib
FFF,2013J,600615,0,test
FFF,2013J,600667,1,calib
FFF,2013J,600676,0,test
FFF,2013J,600682,4,train
FFF,2013J,600746,2,train
FFF,2013J,600748,0,test
FFF,2013J,600808,0,test
FFF,2013J,600860,4,train
FFF,2013J,600944,3,train
FFF,2013J,600947,4,train
FFF,2013J,600955,0,test
FFF,2013J,600991,3,train
FFF,2013J,601021,0,test
FFF,2013J,601040,1,calib
FFF,2013J,601042,2,train
FFF,2013J,601074,2,train
FFF,2013J,601080,3,train
FFF,2013J,601099,4,train
FFF,2013J,601104,0,test
FFF,2013J,601105,1,calib
FFF,2013J,601180,2,train
FFF,2013J,601184,4,train
FFF,2013J,601213,1,calib
FFF,2013J,601217,3,train
FFF,2013J,601271,3,train
FFF,2013J,601388,0,test
FFF,2013J,601389,3,train
FFF,2013J,601390,1,calib
FFF,2013J,601399,4,train
FFF,2013J,601430,3,train
FFF,2013J,601439,2,train
FFF,2013J,601583,2,train
FFF,2013J,601640,1,calib
FFF,2013J,601681,4,train
FFF,2013J,601745,3,train
FFF,2013J,601761,4,train
FFF,2013J,601783,0,test
FFF,2013J,601788,1,calib
FFF,2013J,601808,3,train
FFF,2013J,601855,0,test
FFF,2013J,601952,4,train
FFF,2013J,602053,3,train
FFF,2013J,602097,2,train
FFF,2013J,602099,4,train
FFF,2013J,602111,3,train
FFF,2013J,602152,0,test
FFF,2013J,602312,0,test
FFF,2013J,602320,3,train
FFF,2013J,602344,0,test
FFF,2013J,602406,4,train
FFF,2013J,602451,2,train
FFF,2013J,602468,2,train
FFF,2013J,602469,2,train
FFF,2013J,602502,2,train
FFF,2013J,602511,3,train
FFF,2013J,602516,4,train
FFF,2013J,602569,1,calib
FFF,2013J,602577,3,train
FFF,2013J,602592,4,train
FFF,2013J,602600,2,train
FFF,2013J,602669,2,train
FFF,2013J,602672,3,train
FFF,2013J,602713,4,train
FFF,2013J,602719,1,calib
FFF,2013J,602734,4,train
FFF,2013J,602777,1,calib
FFF,2013J,602781,2,train
FFF,2013J,602792,1,calib
FFF,2013J,602811,0,test
FFF,2013J,602837,0,test
FFF,2013J,602895,0,test
FFF,2013J,602948,4,train
FFF,2013J,602994,1,calib
FFF,2013J,603030,4,train
FFF,2013J,603059,4,train
FFF,2013J,603111,3,train
FFF,2013J,603148,1,calib
FFF,2013J,603155,0,test
FFF,2013J,603170,4,train
FFF,2013J,603199,3,train
FFF,2013J,603204,4,train
FFF,2013J,603216,2,train
FFF,2013J,603220,0,test
FFF,2013J,603231,4,train
FFF,2013J,603260,0,test
FFF,2013J,603300,1,calib
FFF,2013J,603327,1,calib
FFF,2013J,603341,3,train
FFF,2013J,603389,2,train
FFF,2013J,603423,0,test
FFF,2013J,603437,3,train
FFF,2013J,603529,3,train
FFF,2013J,603575,0,test
FFF,2013J,603576,1,calib
FFF,2013J,603597,0,test
FFF,2013J,603600,1,calib
FFF,2013J,603611,1,calib
FFF,2013J,603651,3,train
FFF,2013J,603733,4,train
FFF,2013J,603819,3,train
FFF,2013J,603848,0,test
FFF,2013J,603873,1,calib
FFF,2013J,603931,3,train
FFF,2013J,604087,3,train
FFF,2013J,604142,3,train
FFF,2013J,604184,3,train
FFF,2013J,604228,2,train
FFF,2013J,604258,4,train
FFF,2013J,604296,0,test
FFF,2013J,604379,1,calib
FFF,2013J,604416,4,train
FFF,2013J,604427,0,test
FFF,2013J,604449,1,calib
FFF,2013J,604478,1,calib
FFF,2013J,604514,2,train
FFF,2013J,604581,2,train
FFF,2013J,604583,1,calib
FFF,2013J,604606,4,train
FFF,2013J,604619,2,train
FFF,2013J,604633,4,train
FFF,2013J,604635,1,calib
FFF,2013J,604700,2,train
FFF,2013J,604741,1,calib
FFF,2013J,604755,3,train
FFF,2013J,604766,0,test
FFF,2013J,604799,4,train
FFF,2013J,604817,1,calib
FFF,2013J,604828,0,test
FFF,2013J,604879,2,train
FFF,2013J,604889,4,train
FFF,2013J,604918,2,train
FFF,2013J,604945,2,train
FFF,2013J,604946,0,test
FFF,2013J,605012,4,train
FFF,2013J,605048,0,test
FFF,2013J,605069,2,train
FFF,2013J,605091,1,calib
FFF,2013J,605108,4,train
FFF,2013J,605145,1,calib
FFF,2013J,605195,1,calib
FFF,2013J,605228,4,train
FFF,2013J,605265,4,train
FFF,2013J,605269,0,test
FFF,2013J,605372,1,calib
FFF,2013J,605394,1,calib
FFF,2013J,605409,2,train
FFF,2013J,605459,0,test
FFF,2013J,605538,0,test
FFF,2013J,605571,0,test
FFF,2013J,605589,1,calib
FFF,2013J,605598,2,train
FFF,2013J,605621,3,train
FFF,2013J,605666,2,train
FFF,2013J,605756,2,train
FFF,2013J,605886,1,calib
FFF,2013J,605905,4,train
FFF,2013J,605921,3,train
FFF,2013J,605940,4,train
FFF,2013J,605954,3,train
FFF,2013J,605974,3,train
FFF,2013J,605988,2,train
FFF,2013J,605993,0,test
FFF,2013J,606002,2,train
FFF,2013J,606006,3,train
FFF,2013J,606062,0,test
FFF,2013J,606079,4,train
FFF,2013J,606104,4,train
FFF,2013J,606167,4,train
FFF,2013J,606189,1,calib
FFF,2013J,606304,0,test
FFF,2013J,606369,1,calib
FFF,2013J,606386,4,train
FFF,2013J,606407,2,train
FFF,2013J,606425,4,train
FFF,2013J,606428,1,calib
FFF,2013J,606436,4,train
FFF,2013J,606444,3,train
FFF,2013J,606459,0,test
FFF,2013J,606496,2,train
FFF,2013J,606612,4,train
FFF,2013J,606711,4,train
FFF,2013J,606712,3,train
FFF,2013J,606817,4,train
FFF,2013J,606835,1,calib
FFF,2013J,606903,4,train
FFF,2013J,606911,0,test
FFF,2013J,606930,2,train
FFF,2013J,606939,2,train
FFF,2013J,606966,4,train
FFF,2013J,606967,0,test
FFF,2013J,606990,1,calib
FFF,2013J,606998,0,test
FFF,2013J,607011,4,train
FFF,2013J,607047,3,train
FFF,2013J,607052,4,train
FFF,2013J,607068,2,train
FFF,2013J,607118,3,train
FFF,2013J,607134,2,train
FFF,2013J,607135,4,train
FFF,2013J,607200,1,calib
FFF,2013J,607247,0,test
FFF,2013J,607407,3,train
FFF,2013J,607473,4,train
FFF,2013J,607533,0,test
FFF,2013J,607538,3,train
FFF,2013J,607577,3,train
FFF,2013J,607586,4,train
FFF,2013J,607613,4,train
FFF,2013J,607629,1,calib
FFF,2013J,607650,0,test
FFF,2013J,607696,2,train
FFF,2013J,607794,1,calib
FFF,2013J,607866,3,train
FFF,2013J,607938,2,train
FFF,2013J,607979,3,train
FFF,2013J,608008,2,train
FFF,2013J,608043,4,train
FFF,2013J,608111,3,train
FFF,2013J,608144,2,train
FFF,2013J,608169,0,test
FFF,2013J,608196,4,train
FFF,2013J,608198,1,calib
FFF,2013J,608211,2,train
FFF,2013J,608231,4,train
FFF,2013J,608248,4,train
FFF,2013J,608280,3,train
FFF,2013J,608348,1,calib
FFF,2013J,608349,1,calib
FFF,2013J,608356,4,train
FFF,2013J,608421,1,calib
FFF,2013J,608422,3,train
FFF,2013J,608453,4,train
FFF,2013J,608477,1,calib
FFF,2013J,608535,2,train
FFF,2013J,608606,1,calib
FFF,2013J,608681,3,train
FFF,2013J,608698,0,test
FFF,2013J,608727,0,test
FFF,2013J,608737,2,train
FFF,2013J,608747,1,calib
FFF,2013J,608753,0,test
FFF,2013J,608827,2,train
FFF,2013J,608864,4,train
FFF,2013J,608866,2,train
FFF,2013J,608909,4,train
FFF,2013J,608913,1,calib
FFF,2013J,608966,4,train
FFF,2013J,608997,4,train
FFF,2013J,609097,2,train
FFF,2013J,609163,4,train
FFF,2013J,609184,4,train
FFF,2013J,609220,3,train
FFF,2013J,609221,1,calib
FFF,2013J,609229,2,train
FFF,2013J,609244,3,train
FFF,2013J,609277,3,train
FFF,2013J,609367,0,test
FFF,2013J,609396,2,train
FFF,2013J,609416,0,test
FFF,2013J,609435,0,test
FFF,2013J,609439,4,train
FFF,2013J,609460,0,test
FFF,2013J,609513,2,train
FFF,2013J,609537,0,test
FFF,2013J,609558,1,calib
FFF,2013J,609743,2,train
FFF,2013J,609777,4,train
FFF,2013J,609831,4,train
FFF,2013J,609882,2,train
FFF,2013J,609891,4,train
FFF,2013J,609908,1,calib
FFF,2013J,609985,3,train
FFF,2013J,610097,2,train
FFF,2013J,610099,3,train
FFF,2013J,610172,4,train
FFF,2013J,610225,2,train
FFF,2013J,610244,4,train
FFF,2013J,610258,1,calib
FFF,2013J,610266,3,train
FFF,2013J,610278,2,train
FFF,2013J,610292,3,train
FFF,2013J,610312,1,calib
FFF,2013J,610324,4,train
FFF,2013J,610335,2,train
FFF,2013J,610400,0,test
FFF,2013J,610455,2,train
FFF,2013J,610517,4,train
FFF,2013J,610577,2,train
FFF,2013J,610637,0,test
FFF,2013J,610643,1,calib
FFF,2013J,610687,2,train
FFF,2013J,610746,1,calib
FFF,2013J,610774,0,test
FFF,2013J,610814,0,test
FFF,2013J,610831,0,test
FFF,2013J,610932,4,train
FFF,2013J,610933,0,test
FFF,2013J,611039,0,test
FFF,2013J,611126,0,test
FFF,2013J,611213,2,train
FFF,2013J,611226,4,train
FFF,2013J,611245,2,train
FFF,2013J,611309,4,train
FFF,2013J,611396,0,test
FFF,2013J,898594,4,train
FFF,2013J,973364,1,calib
FFF,2013J,984347,2,train
FFF,2013J,985062,4,train
FFF,2013J,988019,0,test
FFF,2013J,990155,3,train
FFF,2013J,1064492,3,train
FFF,2013J,1065824,4,train
FFF,2013J,1100143,2,train
FFF,2013J,1107596,3,train
FFF,2013J,1253440,1,calib
FFF,2013J,1319999,3,train
FFF,2013J,1359554,3,train
FFF,2013J,1390051,0,test
FFF,2013J,1397617,3,train
FFF,2013J,1399314,4,train
FFF,2013J,1417707,4,train
FFF,2013J,1420537,1,calib
FFF,2013J,1428865,0,test
FFF,2013J,1455474,0,test
FFF,2013J,1482413,2,train
FFF,2013J,1492571,2,train
FFF,2013J,1494577,0,test
FFF,2013J,1504653,3,train
FFF,2013J,1512332,0,test
FFF,2013J,1513001,0,test
FFF,2013J,1515509,2,train
FFF,2013J,1527616,0,test
FFF,2013J,1532921,0,test
FFF,2013J,1541472,2,train
FFF,2013J,1559959,4,train
FFF,2013J,1559964,3,train
FFF,2013J,1621041,3,train
FFF,2013J,1634278,4,train
FFF,2013J,1636725,3,train
FFF,2013J,1641344,2,train
FFF,2013J,1644647,1,calib
FFF,2013J,1678617,3,train
FFF,2013J,1694120,4,train
FFF,2013J,1759799,2,train
FFF,2013J,1763186,2,train
FFF,2013J,1852968,2,train
FFF,2013J,1859038,2,train
FFF,2013J,1859407,3,train
FFF,2013J,1864086,1,calib
FFF,2013J,1866233,2,train
FFF,2013J,1876636,3,train
FFF,2013J,1891977,4,train
FFF,2013J,1902283,4,train
FFF,2013J,1910049,2,train
FFF,2013J,1910111,1,calib
FFF,2013J,1913166,1,calib
FFF,2013J,1917335,0,test
FFF,2013J,1929219,4,train
FFF,2013J,1931370,1,calib
FFF,2013J,1935735,3,train
FFF,2013J,1941149,1,calib
FFF,2013J,1943681,4,train
FFF,2013J,1945945,0,test
FFF,2013J,1948159,2,train
FFF,2013J,1949484,3,train
FFF,2013J,1950923,4,train
FFF,2013J,1951127,4,train
FFF,2013J,1954147,0,test
FFF,2013J,1962128,0,test
FFF,2013J,1978492,0,test
FFF,2013J,1980822,1,calib
FFF,2013J,1981053,2,train
FFF,2013J,1982166,2,train
FFF,2013J,1983331,0,test
FFF,2013J,1983921,2,train
FFF,2013J,1992145,2,train
FFF,2013J,2053381,3,train
FFF,2013J,2056416,2,train
FFF,2013J,2056486,0,test
FFF,2013J,2071595,2,train
FFF,2013J,2088982,4,train
FFF,2013J,2104123,2,train
FFF,2013J,2105230,1,calib
FFF,2013J,2112291,3,train
FFF,2013J,2128283,3,train
FFF,2013J,2137171,4,train
FFF,2013J,2143739,3,train
FFF,2013J,2145940,4,train
FFF,2013J,2146277,2,train
FFF,2013J,2148540,4,train
FFF,2013J,2149735,3,train
FFF,2013J,2162410,1,calib
FFF,2013J,2170320,4,train
FFF,2013J,2173721,2,train
FFF,2013J,2177720,2,train
FFF,2013J,2178466,0,test
FFF,2013J,2180710,4,train
FFF,2013J,2182333,3,train
FFF,2013J,2188084,4,train
FFF,2013J,2191588,3,train
FFF,2013J,2193185,2,train
FFF,2013J,2195853,3,train
FFF,2013J,2197175,1,calib
FFF,2013J,2218693,3,train
FFF,2013J,2226620,3,train
FFF,2013J,2237223,3,train
FFF,2013J,2238148,4,train
FFF,2013J,2238424,2,train
FFF,2013J,2239746,4,train
FFF,2013J,2243505,2,train
FFF,2013J,2250842,2,train
FFF,2013J,2252765,3,train
FFF,2013J,2261138,2,train
FFF,2013J,2286312,0,test
FFF,2013J,2286574,1,calib
FFF,2013J,2290267,3,train
FFF,2013J,2290883,4,train
FFF,2013J,2292047,1,calib
FFF,2013J,2298402,2,train
FFF,2013J,2299682,0,test
FFF,2013J,2304417,3,train
FFF,2013J,2305237,4,train
FFF,2013J,2312279,3,train
FFF,2013J,2323944,3,train
FFF,2013J,2326475,4,train
FFF,2013J,2337889,3,train
FFF,2013J,2340746,1,calib
FFF,2013J,2343337,4,train
FFF,2013J,2344957,0,test
FFF,2013J,2345900,4,train
FFF,2013J,2356049,4,train
FFF,2013J,2356196,2,train
FFF,2013J,2357629,2,train
FFF,2013J,2360322,0,test
FFF,2013J,2364160,1,calib
FFF,2013J,2364905,2,train
FFF,2013J,2366574,2,train
FFF,2013J,2372788,1,calib
FFF,2013J,2374002,1,calib
FFF,2013J,2379512,3,train
FFF,2013J,2380602,4,train
FFF,2013J,2382965,3,train
FFF,2013J,2383169,0,test
FFF,2013J,2383780,4,train
FFF,2013J,2387725,2,train
FFF,2013J,2389837,4,train
FFF,2013J,2390547,2,train
FFF,2013J,2393230,2,train
FFF,2013J,2393261,1,calib
FFF,2013J,2396381,1,calib
FFF,2013J,2410687,1,calib
FFF,2013J,2411773,3,train
FFF,2013J,2412152,1,calib
FFF,2013J,2414552,4,train
FFF,2013J,2415436,2,train
FFF,2013J,2417433,0,test
FFF,2013J,2423002,0,test
FFF,2013J,2435795,2,train
FFF,2013J,2437051,1,calib
FFF,2013J,2440301,2,train
FFF,2013J,2445085,1,calib
FFF,2013J,2447469,2,train
FFF,2013J,2449737,0,test
FFF,2013J,2449819,4,train
FFF,2013J,2452606,0,test
FFF,2013J,2454653,3,train
FFF,2013J,2454878,1,calib
FFF,2013J,2463282,2,train
FFF,2013J,2465105,2,train
FFF,2013J,2465589,4,train
FFF,2013J,2468232,2,train
FFF,2013J,2469321,4,train
FFF,2013J,2469688,4,train
FFF,2013J,2471302,2,train
FFF,2013J,2472033,2,train
FFF,2013J,2472132,4,train
FFF,2013J,2487982,3,train
FFF,2013J,2499949,1,calib
FFF,2013J,2500149,1,calib
FFF,2013J,2503063,3,train
FFF,2013J,2523035,2,train
FFF,2013J,2523751,3,train
FFF,2013J,2524572,2,train
FFF,2013J,2526537,4,train
FFF,2013J,2534165,4,train
FFF,2013J,2539666,1,calib
FFF,2013J,2540424,2,train
FFF,2013J,2542431,3,train
FFF,2013J,2543208,2,train
FFF,2013J,2545923,0,test
FFF,2013J,2548055,2,train
FFF,2013J,2555225,1,calib
FFF,2013J,2555893,0,test
FFF,2013J,2558713,2,train
FFF,2013J,2563095,1,calib
FFF,2013J,2567571,3,train
FFF,2013J,2572441,0,test
FFF,2013J,2579401,0,test
FFF,2013J,2580196,4,train
FFF,2013J,2580545,4,train
FFF,2013J,2586313,2,train
FFF,2013J,2588467,4,train
FFF,2013J,2595641,4,train
FFF,2013J,2596621,4,train
FFF,2013J,2602264,0,test
FFF,2013J,2610837,1,calib
FFF,2013J,2611986,1,calib
FFF,2013J,2613746,0,test
FFF,2013J,2614277,1,calib
FFF,2013J,2619184,4,train
FFF,2013J,2621734,1,calib
FFF,2013J,2622634,4,train
FFF,2013J,2623496,2,train
FFF,2013J,2625545,2,train
FFF,2013J,2630284,0,test
FFF,2013J,2633052,1,calib
FFF,2013J,2634868,1,calib
FFF,2013J,2637239,4,train
FFF,2013J,2639319,3,train
FFF,2013J,2641236,4,train
FFF,2013J,2642994,1,calib
FFF,2013J,2650555,2,train
FFF,2013J,2655370,1,calib
FFF,2013J,2657185,2,train
FFF,2013J,2663131,2,train
FFF,2013J,2672155,3,train
FFF,2013J,2678373,1,calib
FFF,2013J,2678993,2,train
FFF,2013J,2680380,2,train
FFF,2013J,2683857,2,train
FFF,2013J,2686536,2,train
FFF,2013J,2686609,0,test
FFF,2013J,2687045,3,train
FFF,2013J,2687176,3,train
FFF,2013J,2687989,0,test
FFF,2013J,2688202,1,calib
FFF,2013J,2692632,4,train
FFF,2013J,2694680,0,test
FFF,2013J,2697608,3,train
FFF,2013J,2697921,1,calib
FFF,2013J,2698125,0,test
FFF,2014B,26211,2,train
FFF,2014B,26269,2,train
FFF,2014B,27189,1,calib
FFF,2014B,27683,3,train
FFF,2014B,28808,3,train
FFF,2014B,28897,0,test
FFF,2014B,30531,0,test
FFF,2014B,33600,3,train
FFF,2014B,34293,2,train
FFF,2014B,36347,0,test
FFF,2014B,39882,3,train
FFF,2014B,41489,3,train
FFF,2014B,42746,2,train
FFF,2014B,46148,3,train
FFF,2014B,48635,2,train
FFF,2014B,53136,4,train
FFF,2014B,53709,1,calib
FFF,2014B,54867,2,train
FFF,2014B,58221,4,train
FFF,2014B,63958,4,train
FFF,2014B,67986,1,calib
FFF,2014B,72114,1,calib
FFF,2014B,74521,0,test
FFF,2014B,74524,1,calib
FFF,2014B,77845,0,test
FFF,2014B,77998,1,calib
FFF,2014B,79683,2,train
FFF,2014B,81216,3,train
FFF,2014B,82201,1,calib
FFF,2014B,83603,2,train
FFF,2014B,84299,1,calib
FFF,2014B,85874,2,train
FFF,2014B,99670,2,train
FFF,2014B,101634,1,calib
FFF,2014B,104316,0,test
FFF,2014B,106747,3,train
FFF,2014B,108207,0,test
FFF,2014B,108822,1,calib
FFF,2014B,108949,0,test
FFF,2014B,110529,2,train
FFF,2014B,115875,1,calib
FFF,2014B,116174,2,train
FFF,2014B,116621,4,train
FFF,2014B,117510,3,train
FFF,2014B,117550,2,train
FFF,2014B,124018,3,train
FFF,2014B,128132,1,calib
FFF,2014B,128968,0,test
FFF,2014B,130992,3,train
FFF,2014B,131538,2,train
FFF,2014B,132157,3,train
FFF,2014B,132477,3,train
FFF,2014B,133104,4,train
FFF,2014B,133322,3,train
FFF,2014B,134847,1,calib
FFF,2014B,134851,2,train
FFF,2014B,136054,2,train
FFF,2014B,136944,3,train
FFF,2014B,140108,4,train
FFF,2014B,141430,2,train
FFF,2014B,150121,2,train
FFF,2014B,152626,3,train
FFF,2014B,153611,3,train
FFF,2014B,155158,4,train
FFF,2014B,156788,3,train
FFF,2014B,160262,1,calib
FFF,2014B,160472,2,train
FFF,2014B,163332,0,test
FFF,2014B,163962,3,train
FFF,2014B,167106,1,calib
FFF,2014B,174155,0,test
FFF,2014B,178179,0,test
FFF,2014B,179081,2,train
FFF,2014B,181719,0,test
FFF,2014B,183429,0,test
FFF,2014B,190418,3,train
FFF,2014B,190829,0,test
FFF,2014B,190930,2,train
FFF,2014B,191590,1,calib
FFF,2014B,193803,0,test
FFF,2014B,195515,4,train
FFF,2014B,195552,1,calib
FFF,2014B,197097,1,calib
FFF,2014B,197538,1,calib
FFF,2014B,203568,3,train
FFF,2014B,227297,1,calib
FFF,2014B,228138,1,calib
FFF,2014B,228258,3,train
FFF,2014B,228729,2,train
FFF,2014B,232286,2,train
FFF,2014B,234796,3,train
FFF,2014B,237182,0,test
FFF,2014B,237370,3,train
FFF,2014B,239345,4,train
FFF,2014B,242254,4,train
FFF,2014B,242998,0,test
FFF,2014B,244961,4,train
FFF,2014B,247714,1,calib
FFF,2014B,247940,4,train
FFF,2014B,251375,2,train
FFF,2014B,255878,2,train
FFF,2014B,256740,3,train
FFF,2014B,257104,2,train
FFF,2014B,258737,0,test
FFF,2014B,260062,0,test
FFF,2014B,261265,3,train
FFF,2014B,264298,0,test
FFF,2014B,266536,1,calib
FFF,2014B,268649,1,calib
FFF,2014B,268845,0,test
FFF,2014B,269730,4,train
FFF,2014B,271702,2,train
FFF,2014B,272701,2,train
FFF,2014B,276265,3,train
FFF,2014B,277577,3,train
FFF,2014B,278155,3,train
FFF,2014B,279755,2,train
FFF,2014B,282806,2,train
FFF,2014B,286484,2,train
FFF,2014B,289180,0,test
FFF,2014B,293454,3,train
FFF,2014B,295741,1,calib
FFF,2014B,296904,3,train
FFF,2014B,297014,2,train
FFF,2014B,301128,0,test
FFF,2014B,302363,2,train
FFF,2014B,304500,4,train
FFF,2014B,305876,0,test
FFF,2014B,305918,2,train
FFF,2014B,313243,2,train
FFF,2014B,313756,3,train
FFF,2014B,315025,1,calib
FFF,2014B,315850,2,train
FFF,2014B,316327,4,train
FFF,2014B,316772,1,calib
FFF,2014B,317394,3,train
FFF,2014B,318068,3,train
FFF,2014B,319042,1,calib
FFF,2014B,321096,4,train
FFF,2014B,323688,3,train
FFF,2014B,324948,3,train
FFF,2014B,325089,2,train
FFF,2014B,326995,3,train
FFF,2014B,327616,2,train
FFF,2014B,328797,1,calib
FFF,2014B,329895,4,train
FFF,2014B,330669,4,train
FFF,2014B,331107,0,test
FFF,2014B,332237,3,train
FFF,2014B,334224,4,train
FFF,2014B,335996,2,train
FFF,2014B,336163,0,test
FFF,2014B,337615,4,train
FFF,2014B,337940,2,train
FFF,2014B,338958,3,train
FFF,2014B,339728,0,test
FFF,2014B,339824,3,train
FFF,2014B,339855,1,calib
FFF,2014B,341044,2,train
FFF,2014B,342089,2,train
FFF,2014B,342125,4,train
FFF,2014B,342234,0,test
FFF,2014B,342303,3,train
FFF,2014B,344409,2,train
FFF,2014B,344451,3,train
FFF,2014B,345442,1,calib
FFF,2014B,345455,3,train
FFF,2014B,347257,3,train
FFF,2014B,348378,0,test
FFF,2014B,348855,3,train
FFF,2014B,351181,2,train
FFF,2014B,353979,1,calib
FFF,2014B,354552,4,train
FFF,2014B,354988,3,train
FFF,2014B,356371,1,calib
FFF,2014B,356535,4,train
FFF,2014B,362661,4,train
FFF,2014B,365860,2,train
FFF,2014B,367510,0,test
FFF,2014B,367898,0,test
FFF,2014B,368675,4,train
FFF,2014B,371168,1,calib
FFF,2014B,378809,1,calib
FFF,2014B,379042,4,train
FFF,2014B,379107,2,train
FFF,2014B,379769,1,calib
FFF,2014B,381365,2,train
FFF,2014B,382857,1,calib
FFF,2014B,383778,4,train
FFF,2014B,383921,3,train
FFF,2014B,385547,2,train
FFF,2014B,388697,4,train
FFF,2014B,389759,4,train
FFF,2014B,389773,2,train
FFF,2014B,391114,0,test
FFF,2014B,392207,0,test
FFF,2014B,395188,2,train
FFF,2014B,395758,4,train
FFF,2014B,395814,0,test
FFF,2014B,398357,2,train
FFF,2014B,398439,3,train
FFF,2014B,399863,1,calib
FFF,2014B,400252,2,train
FFF,2014B,402200,0,test
FFF,2014B,402449,2,train
FFF,2014B,402502,0,test
FFF,2014B,402806,3,train
FFF,2014B,404170,1,calib
FFF,2014B,405192,1,calib
FFF,2014B,405775,0,test
FFF,2014B,405963,0,test
FFF,2014B,406116,3,train
FFF,2014B,407500,2,train
FFF,2014B,408105,2,train
FFF,2014B,408353,2,train
FFF,2014B,409651,4,train
FFF,2014B,409949,1,calib
FFF,2014B,410199,1,calib
FFF,2014B,410666,3,train
FFF,2014B,411939,2,train
FFF,2014B,412387,0,test
FFF,2014B,412695,2,train
FFF,2014B,413200,0,test
FFF,2014B,414258,2,train
FFF,2014B,416302,4,train
FFF,2014B,417184,1,calib
FFF,2014B,417805,2,train
FFF,2014B,418218,0,test
FFF,2014B,419284,3,train
FFF,2014B,420042,0,test
FFF,2014B,421179,2,train
FFF,2014B,421989,4,train
FFF,2014B,422250,2,train
FFF,2014B,422530,0,test
FFF,2014B,422626,2,train
FFF,2014B,422697,0,test
FFF,2014B,423648,1,calib
FFF,2014B,425332,4,train
FFF,2014B,426782,4,train
FFF,2014B,427276,1,calib
FFF,2014B,427485,1,calib
FFF,2014B,428068,0,test
FFF,2014B,429015,4,train
FFF,2014B,430516,2,train
FFF,2014B,430625,0,test
FFF,2014B,431987,3,train
FFF,2014B,435446,0,test
FFF,2014B,436481,2,train
FFF,2014B,436590,3,train
FFF,2014B,437303,1,calib
FFF,2014B,437529,4,train
FFF,2014B,438796,2,train
FFF,2014B,439433,0,test
FFF,2014B,439633,3,train
FFF,2014B,439896,0,test
FFF,2014B,440559,0,test
FFF,2014B,441073,3,train
FFF,2014B,442753,1,calib
FFF,2014B,442819,3,train
FFF,2014B,443007,3,train
FFF,2014B,444574,1,calib
FFF,2014B,444718,2,train
FFF,2014B,445605,1,calib
FFF,2014B,445818,3,train
FFF,2014B,445947,2,train
FFF,2014B,447036,3,train
FFF,2014B,465175,4,train
FFF,2014B,465421,0,test
FFF,2014B,466347,2,train
FFF,2014B,466576,1,calib
FFF,2014B,467582,4,train
FFF,2014B,468730,0,test
FFF,2014B,469977,1,calib
FFF,2014B,470619,4,train
FFF,2014B,472120,0,test
FFF,2014B,472341,1,calib
FFF,2014B,472810,3,train
FFF,2014B,474677,0,test
FFF,2014B,475811,4,train
FFF,2014B,476912,4,train
FFF,2014B,477069,3,train
FFF,2014B,477588,2,train
FFF,2014B,477812,1,calib
FFF,2014B,477833,4,train
FFF,2014B,478073,1,calib
FFF,2014B,479061,4,train
FFF,2014B,480531,0,test
FFF,2014B,481210,3,train
FFF,2014B,482445,3,train
FFF,2014B,482843,4,train
FFF,2014B,483195,1,calib
FFF,2014B,483389,3,train
FFF,2014B,483975,0,test
FFF,2014B,484075,4,train
FFF,2014B,484223,4,train
FFF,2014B,484292,2,train
FFF,2014B,484675,2,train
FFF,2014B,485312,1,calib
FFF,2014B,485780,0,test
FFF,2014B,487168,2,train
FFF,2014B,487314,1,calib
FFF,2014B,488386,4,train
FFF,2014B,488524,4,train
FFF,2014B,488758,3,train
FFF,2014B,489137,1,calib
FFF,2014B,490154,2,train
FFF,2014B,491011,0,test
FFF,2014B,491486,2,train
FFF,2014B,491548,3,train
FFF,2014B,492088,2,train
FFF,2014B,493760,4,train
FFF,2014B,494433,4,train
FFF,2014B,494495,1,calib
FFF,2014B,494818,0,test
FFF,2014B,495580,1,calib
FFF,2014B,495618,2,train
FFF,2014B,496590,3,train
FFF,2014B,498006,2,train
FFF,2014B,498266,2,train
FFF,2014B,498636,0,test
FFF,2014B,498828,1,calib
FFF,2014B,499244,3,train
FFF,2014B,499404,2,train
FFF,2014B,499813,4,train
FFF,2014B,501302,3,train
FFF,2014B,501421,3,train
FFF,2014B,502150,4,train
FFF,2014B,502501,1,calib
FFF,2014B,502993,2,train
FFF,2014B,503024,3,train
FFF,2014B,503154,3,train
FFF,2014B,503183,2,train
FFF,2014B,504583,2,train
FFF,2014B,504700,0,test
FFF,2014B,505017,1,calib
FFF,2014B,505131,4,train
FFF,2014B,505826,4,train
FFF,2014B,505900,1,calib
FFF,2014B,506038,3,train
FFF,2014B,506674,3,train
FFF,2014B,507577,3,train
FFF,2014B,509292,0,test
FFF,2014B,509407,1,calib
FFF,2014B,509866,4,train
FFF,2014B,510142,0,test
FFF,2014B,510420,0,test
FFF,2014B,510693,3,train
FFF,2014B,511350,2,train
FFF,2014B,511912,3,train
FFF,2014B,512236,3,train
FFF,2014B,513701,0,test
FFF,2014B,513796,0,test
FFF,2014B,515965,2,train
FFF,2014B,516634,0,test
FFF,2014B,516770,1,calib
FFF,2014B,516894,1,calib
FFF,2014B,517274,0,test
FFF,2014B,517277,2,train
FFF,2014B,518210,2,train
FFF,2014B,518359,3,train
FFF,2014B,521032,2,train
FFF,2014B,521073,3,train
FFF,2014B,521377,3,train
FFF,2014B,524296,4,train
FFF,2014B,524379,0,test
FFF,2014B,525874,3,train
FFF,2014B,526303,0,test
FFF,2014B,526821,3,train
FFF,2014B,527744,1,calib
FFF,2014B,528538,2,train
FFF,2014B,528713,0,test
FFF,2014B,529390,2,train
FFF,2014B,529458,2,train
FFF,2014B,530196,1,calib
FFF,2014B,532062,4,train
FFF,2014B,532413,0,test
FFF,2014B,532575,1,calib
FFF,2014B,533140,1,calib
FFF,2014B,533141,2,train
FFF,2014B,533198,4,train
FFF,2014B,533217,4,train
FFF,2014B,534318,3,train
FFF,2014B,535460,2,train
FFF,2014B,536636,1,calib
FFF,2014B,536711,2,train
FFF,2014B,537322,1,calib
FFF,2014B,537703,3,train
FFF,2014B,537938,3,train
FFF,2014B,539401,4,train
FFF,2014B,539444,4,train
FFF,2014B,539922,1,calib
FFF,2014B,540909,0,test
FFF,2014B,541281,1,calib
FFF,2014B,541327,4,train
FFF,2014B,541478,4,train
FFF,2014B,542287,4,train
FFF,2014B,542557,1,calib
FFF,2014B,543686,1,calib
FFF,2014B,543785,0,test
FFF,2014B,544108,3,train
FFF,2014B,544140,0,test
FFF,2014B,544271,4,train
FFF,2014B,544276,3,train
FFF,2014B,544593,0,test
FFF,2014B,545119,3,train
FFF,2014B,545637,0,test
FFF,2014B,545741,4,train
FFF,2014B,546071,0,test
FFF,2014B,546394,1,calib
FFF,2014B,546627,1,calib
FFF,2014B,546961,4,train
FFF,2014B,547128,3,train
FFF,2014B,547413,1,calib
FFF,2014B,547506,3,train
FFF,2014B,547569,1,calib
FFF,2014B,547680,1,calib
FFF,2014B,547884,4,train
FFF,2014B,548332,4,train
FFF,2014B,548424,1,calib
FFF,2014B,548573,1,calib
FFF,2014B,548926,3,train
FFF,2014B,549792,3,train
FFF,2014B,550003,2,train
FFF,2014B,550038,1,calib
FFF,2014B,550097,3,train
FFF,2014B,550246,4,train
FFF,2014B,550498,0,test
FFF,2014B,550903,4,train
FFF,2014B,550925,1,calib
FFF,2014B,551636,3,train
FFF,2014B,552284,3,train
FFF,2014B,552395,3,train
FFF,2014B,552648,3,train
FFF,2014B,553032,1,calib
FFF,2014B,553160,3,train
FFF,2014B,554597,3,train
FFF,2014B,554881,4,train
FFF,2014B,555691,1,calib
FFF,2014B,555929,3,train
FFF,2014B,556052,1,calib
FFF,2014B,556126,0,test
FFF,2014B,556140,4,train
FFF,2014B,556492,4,train
FFF,2014B,557141,0,test
FFF,2014B,557469,4,train
FFF,2014B,557650,3,train
FFF,2014B,557708,2,train
FFF,2014B,557894,0,test
FFF,2014B,558105,0,test
FFF,2014B,558121,2,train
FFF,2014B,558244,1,calib
FFF,2014B,558284,4,train
FFF,2014B,558404,1,calib
FFF,2014B,559449,1,calib
FFF,2014B,559876,2,train
FFF,2014B,560168,0,test
FFF,2014B,560399,1,calib
FFF,2014B,560496,2,train
FFF,2014B,560595,4,train
FFF,2014B,560685,3,train
FFF,2014B,561009,3,train
FFF,2014B,561215,2,train
FFF,2014B,561796,0,test
FFF,2014B,561799,2,train
FFF,2014B,562064,2,train
FFF,2014B,562917,4,train
FFF,2014B,563813,0,test
FFF,2014B,563823,2,train
FFF,2014B,564632,2,train
FFF,2014B,565109,0,test
FFF,2014B,565257,0,test
FFF,2014B,565348,4,train
FFF,2014B,565373,0,test
FFF,2014B,565469,3,train
FFF,2014B,565526,1,calib
FFF,2014B,566460,3,train
FFF,2014B,567168,2,train
FFF,2014B,567629,4,train
FFF,2014B,567681,4,train
FFF,2014B,567859,1,calib
FFF,2014B,567873,2,train
FFF,2014B,568954,0,test
FFF,2014B,569065,0,test
FFF,2014B,569556,1,calib
FFF,2014B,569729,4,train
FFF,2014B,569783,0,test
FFF,2014B,570264,0,test
FFF,2014B,571050,1,calib
FFF,2014B,571190,2,train
FFF,2014B,571316,2,train
FFF,2014B,571612,2,train
FFF,2014B,571815,4,train
FFF,2014B,571844,3,train
FFF,2014B,571962,0,test
FFF,2014B,572154,3,train
FFF,2014B,572367,4,train
FFF,2014B,572395,0,test
FFF,2014B,572716,2,train
FFF,2014B,572804,3,train
FFF,2014B,572832,0,test
FFF,2014B,572870,3,train
FFF,2014B,572952,3,train
FFF,2014B,573549,3,train
FFF,2014B,574028,4,train
FFF,2014B,574605,0,test
FFF,2014B,574663,0,test
FFF,2014B,574671,4,train
FFF,2014B,574815,4,train
FFF,2014B,575855,0,test
FFF,2014B,576159,3,train
FFF,2014B,576557,3,train
FFF,2014B,577142,4,train
FFF,2014B,577600,0,test
FFF,2014B,577679,2,train
FFF,2014B,577795,3,train
FFF,2014B,578022,3,train
FFF,2014B,578258,1,calib
FFF,2014B,578754,0,test
FFF,2014B,578764,1,calib
FFF,2014B,579081,2,train
FFF,2014B,579376,4,train
FFF,2014B,580425,4,train
FFF,2014B,581065,0,test
FFF,2014B,581520,0,test
FFF,2014B,581598,0,test
FFF,2014B,581772,1,calib
FFF,2014B,582553,1,calib
FFF,2014B,582629,4,train
FFF,2014B,583056,1,calib
FFF,2014B,583138,4,train
FFF,2014B,584184,0,test
FFF,2014B,584571,2,train
FFF,2014B,584842,0,test
FFF,2014B,584843,4,train
FFF,2014B,584884,4,train
FFF,2014B,584990,3,train
FFF,2014B,585454,0,test
FFF,2014B,585921,1,calib
FFF,2014B,586351,3,train
FFF,2014B,586506,4,train
FFF,2014B,586543,1,calib
FFF,2014B,586592,1,calib
FFF,2014B,586917,0,test
FFF,2014B,587195,2,train
FFF,2014B,587248,1,calib
FFF,2014B,587600,3,train
FFF,2014B,587696,2,train
FFF,2014B,588107,0,test
FFF,2014B,588145,3,train
FFF,2014B,588436,1,calib
FFF,2014B,588913,4,train
FFF,2014B,589016,2,train
FFF,2014B,589029,1,calib
FFF,2014B,589449,4,train
FFF,2014B,589454,1,calib
FFF,2014B,589469,2,train
FFF,2014B,589548,2,train
FFF,2014B,589565,0,test
FFF,2014B,589798,3,train
FFF,2014B,590018,3,train
FFF,2014B,590508,1,calib
FFF,2014B,590543,1,calib
FFF,2014B,590548,4,train
FFF,2014B,590604,0,test
FFF,2014B,590970,0,test
FFF,2014B,591111,4,train
FFF,2014B,591132,4,train
FFF,2014B,591318,3,train
FFF,2014B,591550,0,test
FFF,2014B,591946,2,train
FFF,2014B,592422,3,train
FFF,2014B,592632,0,test
FFF,2014B,592766,4,train
FFF,2014B,592939,3,train
FFF,2014B,593004,1,calib
FFF,2014B,593206,0,test
FFF,2014B,593220,1,calib
FFF,2014B,593563,3,train
FFF,2014B,593617,4,train
FFF,2014B,594122,0,test
FFF,2014B,594136,2,train
FFF,2014B,594258,3,train
FFF,2014B,594374,2,train
FFF,2014B,594636,4,train
FFF,2014B,594909,0,test
FFF,2014B,595186,1,calib
FFF,2014B,595428,1,calib
FFF,2014B,595481,1,calib
FFF,2014B,595895,1,calib
FFF,2014B,595935,0,test
FFF,2014B,595978,4,train
FFF,2014B,596243,2,train
FFF,2014B,596482,0,test
FFF,2014B,596601,0,test
FFF,2014B,596637,1,calib
FFF,2014B,596663,3,train
FFF,2014B,596699,1,calib
FFF,2014B,596953,3,train
FFF,2014B,597234,3,train
FFF,2014B,597359,4,train
FFF,2014B,597378,1,calib
FFF,2014B,597386,4,train
FFF,2014B,597426,3,train
FFF,2014B,597495,0,test
FFF,2014B,597662,1,calib
FFF,2014B,597761,2,train
FFF,2014B,598113,1,calib
FFF,2014B,598300,0,test
FFF,2014B,598353,4,train
FFF,2014B,598362,1,calib
FFF,2014B,598571,4,train
FFF,2014B,598642,3,train
FFF,2014B,598713,4,train
FFF,2014B,599048,2,train
FFF,2014B,599105,2,train
FFF,2014B,599117,2,train
FFF,2014B,599398,3,train
FFF,2014B,599740,4,train
FFF,2014B,599812,2,train
FFF,2014B,600292,4,train
FFF,2014B,600388,0,test
FFF,2014B,600397,2,train
FFF,2014B,600702,2,train
FFF,2014B,600893,3,train
FFF,2014B,601155,0,test
FFF,2014B,601266,1,calib
FFF,2014B,601345,1,calib
FFF,2014B,601375,4,train
FFF,2014B,601435,1,calib
FFF,2014B,601560,4,train
FFF,2014B,601649,3,train
FFF,2014B,601678,3,train
FFF,2014B,601735,2,train
FFF,2014B,602571,0,test
FFF,2014B,602672,3,train
FFF,2014B,602681,2,train
FFF,2014B,602818,1,calib
FFF,2014B,602854,1,calib
FFF,2014B,602862,3,train
FFF,2014B,603111,3,train
FFF,2014B,603163,2,train
FFF,2014B,603319,2,train
FFF,2014B,603483,3,train
FFF,2014B,603539,1,calib
FFF,2014B,603694,3,train
FFF,2014B,603848,0,test
FFF,2014B,603972,1,calib
FFF,2014B,604174,2,train
FFF,2014B,604234,1,calib
FFF,2014B,604293,2,train
FFF,2014B,604326,4,train
FFF,2014B,604338,3,train
FFF,2014B,604614,3,train
FFF,2014B,604678,0,test
FFF,2014B,604698,4,train
FFF,2014B,604946,0,test
FFF,2014B,604969,1,calib
FFF,2014B,605228,4,train
FFF,2014B,605312,0,test
FFF,2014B,605370,0,test
FFF,2014B,605475,3,train
FFF,2014B,605493,4,train
FFF,2014B,605522,2,train
FFF,2014B,606300,3,train
FFF,2014B,606407,2,train
FFF,2014B,606713,3,train
FFF,2014B,606870,3,train
FFF,2014B,606911,0,test
FFF,2014B,606935,4,train
FFF,2014B,606967,0,test
FFF,2014B,606976,3,train
FFF,2014B,606977,2,train
FFF,2014B,607453,4,train
FFF,2014B,607702,0,test
FFF,2014B,607896,1,calib
FFF,2014B,607899,3,train
FFF,2014B,608111,3,train
FFF,2014B,608173,2,train
FFF,2014B,608618,3,train
FFF,2014B,608727,0,test
FFF,2014B,608864,4,train
FFF,2014B,608891,2,train
FFF,2014B,609171,4,train
FFF,2014B,609347,3,train
FFF,2014B,609868,0,test
FFF,2014B,609891,4,train
FFF,2014B,610094,1,calib
FFF,2014B,610267,4,train
FFF,2014B,610272,1,calib
FFF,2014B,610273,2,train
FFF,2014B,610771,3,train
FFF,2014B,610775,1,calib
FFF,2014B,610778,3,train
FFF,2014B,610992,0,test
FFF,2014B,611185,3,train
FFF,2014B,611245,2,train
FFF,2014B,611350,0,test
FFF,2014B,611427,3,train
FFF,2014B,611517,2,train
FFF,2014B,611542,4,train
FFF,2014B,611581,0,test
FFF,2014B,611595,0,test
FFF,2014B,611635,1,calib
FFF,2014B,611714,2,train
FFF,2014B,611763,0,test
FFF,2014B,611798,2,train
FFF,2014B,611813,1,calib
FFF,2014B,611855,4,train
FFF,2014B,611905,3,train
FFF,2014B,612248,2,train
FFF,2014B,612254,2,train
FFF,2014B,612338,2,train
FFF,2014B,612506,3,train
FFF,2014B,612528,0,test
FFF,2014B,612530,2,train
FFF,2014B,612535,3,train
FFF,2014B,612538,4,train
FFF,2014B,612539,3,train
FFF,2014B,612540,4,train
FFF,2014B,612542,0,test
FFF,2014B,612543,1,calib
FFF,2014B,612545,2,train
FFF,2014B,612547,0,test
FFF,2014B,612549,1,calib
FFF,2014B,612598,0,test
FFF,2014B,612607,4,train
FFF,2014B,612638,3,train
FFF,2014B,612740,3,train
FFF,2014B,612743,1,calib
FFF,2014B,612880,3,train
FFF,2014B,612982,1,calib
FFF,2014B,613013,4,train
FFF,2014B,613106,2,train
FFF,2014B,613146,3,train
FFF,2014B,613152,1,calib
FFF,2014B,613226,4,train
FFF,2014B,613255,2,train
FFF,2014B,613281,4,train
FFF,2014B,613417,2,train
FFF,2014B,613447,1,calib
FFF,2014B,613459,1,calib
FFF,2014B,613461,2,train
FFF,2014B,613464,3,train
FFF,2014B,613574,2,train
FFF,2014B,613593,0,test
FFF,2014B,613630,2,train
FFF,2014B,613676,1,calib
FFF,2014B,613677,2,train
FFF,2014B,613717,3,train
FFF,2014B,613775,2,train
FFF,2014B,613865,0,test
FFF,2014B,613900,0,test
FFF,2014B,613928,3,train
FFF,2014B,613952,1,calib
FFF,2014B,614059,1,calib
FFF,2014B,614083,2,train
FFF,2014B,614163,4,train
FFF,2014B,614172,0,test
FFF,2014B,614181,4,train
FFF,2014B,614381,0,test
FFF,2014B,614599,4,train
FFF,2014B,614661,1,calib
FFF,2014B,614730,1,calib
FFF,2014B,614733,4,train
FFF,2014B,614764,1,calib
FFF,2014B,614801,0,test
FFF,2014B,614812,4,train
FFF,2014B,614887,0,test
FFF,2014B,614907,3,train
FFF,2014B,614973,3,train
FFF,2014B,614984,4,train
FFF,2014B,614994,0,test
FFF,2014B,615225,1,calib
FFF,2014B,615241,0,test
FFF,2014B,615426,0,test
FFF,2014B,615429,4,train
FFF,2014B,615439,1,calib
FFF,2014B,616383,4,train
FFF,2014B,616453,4,train
FFF,2014B,616557,3,train
FFF,2014B,616613,0,test
FFF,2014B,616646,2,train
FFF,2014B,616688,1,calib
FFF,2014B,616789,1,calib
FFF,2014B,616794,2,train
FFF,2014B,616909,2,train
FFF,2014B,616913,0,test
FFF,2014B,617010,1,calib
FFF,2014B,617014,3,train
FFF,2014B,617015,4,train
FFF,2014B,617018,0,test
FFF,2014B,617053,1,calib
FFF,2014B,617130,0,test
FFF,2014B,617201,0,test
FFF,2014B,617212,2,train
FFF,2014B,617255,1,calib
FFF,2014B,617307,2,train
FFF,2014B,617318,4,train
FFF,2014B,617343,1,calib
FFF,2014B,617358,4,train
FFF,2014B,617382,1,calib
FFF,2014B,617406,3,train
FFF,2014B,617437,1,calib
FFF,2014B,617534,1,calib
FFF,2014B,617535,0,test
FFF,2014B,617540,1,calib
FFF,2014B,617543,2,train
FFF,2014B,617557,4,train
FFF,2014B,617564,1,calib
FFF,2014B,617638,1,calib
FFF,2014B,617647,3,train
FFF,2014B,617678,0,test
FFF,2014B,617734,4,train
FFF,2014B,617740,3,train
FFF,2014B,617751,1,calib
FFF,2014B,617805,2,train
FFF,2014B,617824,4,train
FFF,2014B,617829,0,test
FFF,2014B,617847,3,train
FFF,2014B,617868,1,calib
FFF,2014B,617945,4,train
FFF,2014B,617965,0,test
FFF,2014B,617976,2,train
FFF,2014B,617998,3,train
FFF,2014B,618004,2,train
FFF,2014B,618005,4,train
FFF,2014B,618015,0,test
FFF,2014B,618124,4,train
FFF,2014B,618216,1,calib
FFF,2014B,618279,3,train
FFF,2014B,618280,0,test
FFF,2014B,618293,0,test
FFF,2014B,618390,1,calib
FFF,2014B,618397,2,train
FFF,2014B,618412,4,train
FFF,2014B,618513,3,train
FFF,2014B,618519,2,train
FFF,2014B,618590,2,train
FFF,2014B,618642,2,train
FFF,2014B,618662,1,calib
FFF,2014B,618665,0,test
FFF,2014B,618667,1,calib
FFF,2014B,618684,3,train
FFF,2014B,618744,3,train
FFF,2014B,618843,0,test
FFF,2014B,618848,2,train
FFF,2014B,618875,2,train
FFF,2014B,618903,3,train
FFF,2014B,618914,4,train
FFF,2014B,618925,0,test
FFF,2014B,618942,2,train
FFF,2014B,619001,4,train
FFF,2014B,619112,4,train
FFF,2014B,619118,0,test
FFF,2014B,619204,3,train
FFF,2014B,619205,4,train
FFF,2014B,619341,3,train
FFF,2014B,619410,0,test
FFF,2014B,619461,2,train
FFF,2014B,619887,2,train
FFF,2014B,619921,4,train
FFF,2014B,619974,4,train
FFF,2014B,620004,3,train
FFF,2014B,620081,4,train
FFF,2014B,620112,4,train
FFF,2014B,620200,3,train
FFF,2014B,620277,4,train
FFF,2014B,620320,3,train
FFF,2014B,620337,4,train
FFF,2014B,620356,3,train
FFF,2014B,620364,2,train
FFF,2014B,620399,0,test
FFF,2014B,620423,3,train
FFF,2014B,620430,1,calib
FFF,2014B,620473,1,calib
FFF,2014B,620498,0,test
FFF,2014B,620801,3,train
FFF,2014B,620819,1,calib
FFF,2014B,620933,3,train
FFF,2014B,621345,4,train
FFF,2014B,621370,1,calib
FFF,2014B,621433,3,train
FFF,2014B,621436,4,train
FFF,2014B,621441,2,train
FFF,2014B,621464,3,train
FFF,2014B,621475,4,train
FFF,2014B,621531,1,calib
FFF,2014B,621580,3,train
FFF,2014B,621675,1,calib
FFF,2014B,621682,3,train
FFF,2014B,621690,4,train
FFF,2014B,621696,4,train
FFF,2014B,621698,1,calib
FFF,2014B,621722,0,test
FFF,2014B,621741,1,calib
FFF,2014B,621881,1,calib
FFF,2014B,621909,2,train
FFF,2014B,621952,1,calib
FFF,2014B,621971,2,train
FFF,2014B,621990,3,train
FFF,2014B,621998,4,train
FFF,2014B,622038,0,test
FFF,2014B,622096,4,train
FFF,2014B,622130,2,train
FFF,2014B,622164,0,test
FFF,2014B,622218,4,train
FFF,2014B,622239,2,train
FFF,2014B,622278,0,test
FFF,2014B,622374,3,train
FFF,2014B,622392,4,train
FFF,2014B,622430,2,train
FFF,2014B,622442,3,train
FFF,2014B,622639,4,train
FFF,2014B,622686,4,train
FFF,2014B,622701,0,test
FFF,2014B,622859,4,train
FFF,2014B,622894,0,test
FFF,2014B,622897,2,train
FFF,2014B,622899,1,calib
FFF,2014B,622918,3,train
FFF,2014B,622935,3,train
FFF,2014B,622976,1,calib
FFF,2014B,623138,0,test
FFF,2014B,623180,2,train
FFF,2014B,623232,2,train
FFF,2014B,623263,4,train
FFF,2014B,623314,2,train
FFF,2014B,623326,1,calib
FFF,2014B,623352,4,train
FFF,2014B,623366,3,train
FFF,2014B,623419,1,calib
FFF,2014B,623433,4,train
FFF,2014B,623438,2,train
FFF,2014B,623456,0,test
FFF,2014B,623474,0,test
FFF,2014B,623496,4,train
FFF,2014B,623537,0,test
FFF,2014B,623542,0,test
FFF,2014B,623554,4,train
FFF,2014B,623568,3,train
FFF,2014B,623579,0,test
FFF,2014B,623687,3,train
FFF,2014B,623786,4,train
FFF,2014B,623917,3,train
FFF,2014B,623924,4,train
FFF,2014B,623939,4,train
FFF,2014B,623948,1,calib
FFF,2014B,624014,4,train
FFF,2014B,624056,4,train
FFF,2014B,624152,1,calib
FFF,2014B,624178,3,train
FFF,2014B,624187,4,train
FFF,2014B,624197,4,train
FFF,2014B,624243,0,test
FFF,2014B,624259,2,train
FFF,2014B,624344,1,calib
FFF,2014B,624376,0,test
FFF,2014B,624499,3,train
FFF,2014B,624556,4,train
FFF,2014B,624586,0,test
FFF,2014B,624591,1,calib
FFF,2014B,624718,4,train
FFF,2014B,624751,0,test
FFF,2014B,624763,1,calib
FFF,2014B,624772,3,train
FFF,2014B,624773,0,test
FFF,2014B,624946,2,train
FFF,2014B,624959,0,test
FFF,2014B,624967,4,train
FFF,2014B,624975,2,train
FFF,2014B,624981,3,train
FFF,2014B,625004,2,train
FFF,2014B,625034,2,train
FFF,2014B,625043,3,train
FFF,2014B,625073,1,calib
FFF,2014B,625075,2,train
FFF,2014B,625182,1,calib
FFF,2014B,625191,2,train
FFF,2014B,625229,2,train
FFF,2014B,625291,0,test
FFF,2014B,625303,1,calib
FFF,2014B,625306,2,train
FFF,2014B,625341,1,calib
FFF,2014B,625349,0,test
FFF,2014B,625361,3,train
FFF,2014B,625373,4,train
FFF,2014B,625394,2,train
FFF,2014B,625406,2,train
FFF,2014B,625500,3,train
FFF,2014B,625536,0,test
FFF,2014B,625548,1,calib
FFF,2014B,625566,2,train
FFF,2014B,625588,4,train
FFF,2014B,625609,3,train
FFF,2014B,625642,2,train
FFF,2014B,625667,1,calib
FFF,2014B,625753,1,calib
FFF,2014B,625793,0,test
FFF,2014B,625794,3,train
FFF,2014B,625800,4,train
FFF,2014B,625812,1,calib
FFF,2014B,625828,0,test
FFF,2014B,625885,3,train
FFF,2014B,625903,2,train
FFF,2014B,625977,2,train
FFF,2014B,625986,0,test
FFF,2014B,625995,2,train
FFF,2014B,626047,4,train
FFF,2014B,626103,2,train
FFF,2014B,626128,4,train
FFF,2014B,626174,2,train
FFF,2014B,626198,2,train
FFF,2014B,626231,2,train
FFF,2014B,626259,4,train
FFF,2014B,626281,0,test
FFF,2014B,626320,4,train
FFF,2014B,626326,3,train
FFF,2014B,626349,1,calib
FFF,2014B,626403,2,train
FFF,2014B,626419,1,calib
FFF,2014B,626422,2,train
FFF,2014B,626448,0,test
FFF,2014B,626469,1,calib
FFF,2014B,626473,2,train
FFF,2014B,626530,3,train
FFF,2014B,626537,4,train
FFF,2014B,626539,0,test
FFF,2014B,626644,0,test
FFF,2014B,626692,0,test
FFF,2014B,626700,1,calib
FFF,2014B,626765,3,train
FFF,2014B,626777,4,train
FFF,2014B,626778,1,calib
FFF,2014B,626801,1,calib
FFF,2014B,626828,2,train
FFF,2014B,626875,3,train
FFF,2014B,626878,1,calib
FFF,2014B,626881,1,calib
FFF,2014B,626890,4,train
FFF,2014B,626987,2,train
FFF,2014B,627022,1,calib
FFF,2014B,627026,4,train
FFF,2014B,627061,1,calib
FFF,2014B,627067,3,train
FFF,2014B,627126,1,calib
FFF,2014B,627145,0,test
FFF,2014B,627176,1,calib
FFF,2014B,627238,1,calib
FFF,2014B,627247,4,train
FFF,2014B,627280,2,train
FFF,2014B,627307,2,train
FFF,2014B,627333,1,calib
FFF,2014B,627366,3,train
FFF,2014B,627379,3,train
FFF,2014B,627383,4,train
FFF,2014B,627395,3,train
FFF,2014B,627417,0,test
FFF,2014B,627442,4,train
FFF,2014B,627468,4,train
FFF,2014B,627521,2,train
FFF,2014B,627522,3,train
FFF,2014B,627524,4,train
FFF,2014B,627569,1,calib
FFF,2014B,627595,3,train
FFF,2014B,627620,1,calib
FFF,2014B,627622,3,train
FFF,2014B,627651,0,test
FFF,2014B,627679,0,test
FFF,2014B,627692,0,test
FFF,2014B,627717,3,train
FFF,2014B,627727,4,train
FFF,2014B,627751,3,train
FFF,2014B,627808,1,calib
FFF,2014B,627840,0,test
FFF,2014B,627847,2,train
FFF,2014B,627860,2,train
FFF,2014B,627886,1,calib
FFF,2014B,628004,0,test
FFF,2014B,628010,1,calib
FFF,2014B,628034,0,test
FFF,2014B,628038,2,train
FFF,2014B,628058,1,calib
FFF,2014B,628098,0,test
FFF,2014B,628110,2,train
FFF,2014B,628114,1,calib
FFF,2014B,628117,0,test
FFF,2014B,628140,3,train
FFF,2014B,628141,4,train
FFF,2014B,628143,2,train
FFF,2014B,628152,3,train
FFF,2014B,628174,1,calib
FFF,2014B,628296,1,calib
FFF,2014B,628307,1,calib
FFF,2014B,628323,2,train
FFF,2014B,628361,3,train
FFF,2014B,628370,2,train
FFF,2014B,628443,0,test
FFF,2014B,628476,1,calib
FFF,2014B,628561,0,test
FFF,2014B,628666,0,test
FFF,2014B,628720,0,test
FFF,2014B,628725,2,train
FFF,2014B,628736,3,train
FFF,2014B,628803,2,train
FFF,2014B,628837,1,calib
FFF,2014B,628841,3,train
FFF,2014B,628846,0,test
FFF,2014B,628925,1,calib
FFF,2014B,628972,2,train
FFF,2014B,628978,3,train
FFF,2014B,628995,2,train
FFF,2014B,629022,4,train
FFF,2014B,629096,3,train
FFF,2014B,629119,1,calib
FFF,2014B,629120,3,train
FFF,2014B,629163,0,test
FFF,2014B,629182,2,train
FFF,2014B,629228,3,train
FFF,2014B,629231,0,test
FFF,2014B,629244,2,train
FFF,2014B,629267,0,test
FFF,2014B,629291,4,train
FFF,2014B,629303,1,calib
FFF,2014B,629386,3,train
FFF,2014B,629404,4,train
FFF,2014B,629414,4,train
FFF,2014B,629459,2,train
FFF,2014B,629522,0,test
FFF,2014B,629540,1,calib
FFF,2014B,629541,2,train
FFF,2014B,629543,4,train
FFF,2014B,629603,2,train
FFF,2014B,629613,4,train
FFF,2014B,629655,0,test
FFF,2014B,629692,2,train
FFF,2014B,629693,0,test
FFF,2014B,629735,4,train
FFF,2014B,629739,3,train
FFF,2014B,629762,3,train
FFF,2014B,629767,0,test
FFF,2014B,629867,1,calib
FFF,2014B,629873,4,train
FFF,2014B,629879,1,calib
FFF,2014B,629881,2,train
FFF,2014B,629918,4,train
FFF,2014B,629928,2,train
FFF,2014B,629938,4,train
FFF,2014B,629993,1,calib
FFF,2014B,630013,2,train
FFF,2014B,630015,3,train
FFF,2014B,630032,3,train
FFF,2014B,630038,4,train
FFF,2014B,630045,0,test
FFF,2014B,630083,4,train
FFF,2014B,630129,0,test
FFF,2014B,630168,0,test
FFF,2014B,630177,2,train
FFF,2014B,630264,3,train
FFF,2014B,630269,0,test
FFF,2014B,630326,0,test
FFF,2014B,630426,0,test
FFF,2014B,630435,0,test
FFF,2014B,630452,3,train
FFF,2014B,630479,2,train
FFF,2014B,630488,3,train
FFF,2014B,630491,1,calib
FFF,2014B,630574,0,test
FFF,2014B,630634,3,train
FFF,2014B,630653,0,test
FFF,2014B,630654,1,calib
FFF,2014B,630655,2,train
FFF,2014B,630671,3,train
FFF,2014B,630734,0,test
FFF,2014B,630748,1,calib
FFF,2014B,630759,4,train
FFF,2014B,630782,2,train
FFF,2014B,630804,1,calib
FFF,2014B,630812,2,train
FFF,2014B,630830,0,test
FFF,2014B,630854,1,calib
FFF,2014B,630859,2,train
FFF,2014B,630867,1,calib
FFF,2014B,630868,2,train
FFF,2014B,630870,4,train
FFF,2014B,630891,3,train
FFF,2014B,630912,3,train
FFF,2014B,630924,4,train
FFF,2014B,630937,2,train
FFF,2014B,630950,0,test
FFF,2014B,630966,3,train
FFF,2014B,631023,3,train
FFF,2014B,631075,1,calib
FFF,2014B,631083,3,train
FFF,2014B,631099,4,train
FFF,2014B,631104,0,test
FFF,2014B,631111,2,train
FFF,2014B,631135,4,train
FFF,2014B,631195,2,train
FFF,2014B,631235,1,calib
FFF,2014B,631247,2,train
FFF,2014B,631300,3,train
FFF,2014B,631311,4,train
FFF,2014B,631327,4,train
FFF,2014B,631365,2,train
FFF,2014B,631467,1,calib
FFF,2014B,631473,3,train
FFF,2014B,631524,0,test
FFF,2014B,631654,0,test
FFF,2014B,631673,2,train
FFF,2014B,631680,4,train
FFF,2014B,631701,1,calib
FFF,2014B,631719,2,train
FFF,2014B,631765,2,train
FFF,2014B,631853,0,test
FFF,2014B,631860,1,calib
FFF,2014B,631880,0,test
FFF,2014B,631884,3,train
FFF,2014B,631913,0,test
FFF,2014B,631925,2,train
FFF,2014B,632019,2,train
FFF,2014B,632044,1,calib
FFF,2014B,632078,1,calib
FFF,2014B,632114,2,train
FFF,2014B,632124,4,train
FFF,2014B,632143,0,test
FFF,2014B,632235,2,train
FFF,2014B,632258,1,calib
FFF,2014B,632306,2,train
FFF,2014B,632316,4,train
FFF,2014B,632339,3,train
FFF,2014B,632363,2,train
FFF,2014B,632379,0,test
FFF,2014B,632380,1,calib
FFF,2014B,632402,1,calib
FFF,2014B,632513,0,test
FFF,2014B,632544,1,calib
FFF,2014B,632588,2,train
FFF,2014B,632620,2,train
FFF,2014B,632621,3,train
FFF,2014B,632623,1,calib
FFF,2014B,632634,2,train
FFF,2014B,632691,2,train
FFF,2014B,632698,1,calib
FFF,2014B,632705,4,train
FFF,2014B,632759,3,train
FFF,2014B,632773,4,train
FFF,2014B,632801,0,test
FFF,2014B,632840,2,train
FFF,2014B,632841,1,calib
FFF,2014B,632848,2,train
FFF,2014B,632895,0,test
FFF,2014B,632923,2,train
FFF,2014B,632927,4,train
FFF,2014B,632929,3,train
FFF,2014B,632947,1,calib
FFF,2014B,632958,0,test
FFF,2014B,632991,1,calib
FFF,2014B,633047,4,train
FFF,2014B,633077,3,train
FFF,2014B,633100,0,test
FFF,2014B,633102,2,train
FFF,2014B,633157,3,train
FFF,2014B,633179,1,calib
FFF,2014B,633205,2,train
FFF,2014B,633207,4,train
FFF,2014B,633219,4,train
FFF,2014B,633221,0,test
FFF,2014B,633233,3,train
FFF,2014B,633238,1,calib
FFF,2014B,633243,2,train
FFF,2014B,633292,1,calib
FFF,2014B,633297,4,train
FFF,2014B,633303,0,test
FFF,2014B,633305,3,train
FFF,2014B,633319,4,train
FFF,2014B,633328,1,calib
FFF,2014B,633388,4,train
FFF,2014B,633397,1,calib
FFF,2014B,633401,2,train
FFF,2014B,633403,0,test
FFF,2014B,633411,4,train
FFF,2014B,633504,2,train
FFF,2014B,633505,3,train
FFF,2014B,633558,4,train
FFF,2014B,633625,4,train
FFF,2014B,633676,0,test
FFF,2014B,633691,4,train
FFF,2014B,633717,2,train
FFF,2014B,633732,4,train
FFF,2014B,633739,0,test
FFF,2014B,633745,0,test
FFF,2014B,633756,3,train
FFF,2014B,633773,3,train
FFF,2014B,633840,4,train
FFF,2014B,633881,0,test
FFF,2014B,633884,2,train
FFF,2014B,633924,2,train
FFF,2014B,633983,3,train
FFF,2014B,634007,4,train
FFF,2014B,634057,4,train
FFF,2014B,634070,2,train
FFF,2014B,634099,3,train
FFF,2014B,634111,2,train
FFF,2014B,634114,0,test
FFF,2014B,634139,1,calib
FFF,2014B,634155,4,train
FFF,2014B,634165,1,calib
FFF,2014B,634176,3,train
FFF,2014B,634187,0,test
FFF,2014B,634200,3,train
FFF,2014B,634209,0,test
FFF,2014B,634245,1,calib
FFF,2014B,634252,4,train
FFF,2014B,634254,4,train
FFF,2014B,634260,1,calib
FFF,2014B,634279,4,train
FFF,2014B,634292,1,calib
FFF,2014B,634339,2,train
FFF,2014B,634343,1,calib
FFF,2014B,634349,3,train
FFF,2014B,634426,1,calib
FFF,2014B,634427,2,train
FFF,2014B,634429,0,test
FFF,2014B,634430,1,calib
FFF,2014B,634431,1,calib
FFF,2014B,634435,3,train
FFF,2014B,634479,3,train
FFF,2014B,634480,4,train
FFF,2014B,634500,1,calib
FFF,2014B,634536,0,test
FFF,2014B,634539,1,calib
FFF,2014B,634616,0,test
FFF,2014B,634635,3,train
FFF,2014B,634636,1,calib
FFF,2014B,634638,2,train
FFF,2014B,634682,2,train
FFF,2014B,634701,1,calib
FFF,2014B,634774,0,test
FFF,2014B,634784,0,test
FFF,2014B,634796,4,train
FFF,2014B,634820,2,train
FFF,2014B,634859,3,train
FFF,2014B,634918,1,calib
FFF,2014B,634919,0,test
FFF,2014B,634924,2,train
FFF,2014B,634946,3,train
FFF,2014B,634979,1,calib
FFF,2014B,634999,4,train
FFF,2014B,635034,1,calib
FFF,2014B,635046,1,calib
FFF,2014B,635079,4,train
FFF,2014B,635124,1,calib
FFF,2014B,1006742,3,train
FFF,2014B,1017773,4,train
FFF,2014B,1045091,4,train
FFF,2014B,1072259,1,calib
FFF,2014B,1290731,4,train
FFF,2014B,1340760,2,train
FFF,2014B,1398489,1,calib
FFF,2014B,1425806,3,train
FFF,2014B,1450604,0,test
FFF,2014B,1465407,0,test
FFF,2014B,1498823,4,train
FFF,2014B,1514245,1,calib
FFF,2014B,1526059,4,train
FFF,2014B,1528232,1,calib
FFF,2014B,1548052,4,train
FFF,2014B,1578222,2,train
FFF,2014B,1588621,0,test
FFF,2014B,1615392,1,calib
FFF,2014B,1627052,0,test
FFF,2014B,1641117,0,test
FFF,2014B,1683192,4,train
FFF,2014B,1683803,2,train
FFF,2014B,1738364,4,train
FFF,2014B,1744817,1,calib
FFF,2014B,1757662,2,train
FFF,2014B,1768223,2,train
FFF,2014B,1773925,2,train
FFF,2014B,1799963,2,train
FFF,2014B,1821249,2,train
FFF,2014B,1875728,0,test
FFF,2014B,1884024,2,train
FFF,2014B,1892879,1,calib
FFF,2014B,1919240,3,train
FFF,2014B,1928947,3,train
FFF,2014B,1933534,3,train
FFF,2014B,1936935,0,test
FFF,2014B,1939193,0,test
FFF,2014B,1961652,0,test
FFF,2014B,1962128,0,test
FFF,2014B,1984169,4,train
FFF,2014B,1999952,3,train
FFF,2014B,2010245,1,calib
FFF,2014B,2022750,3,train
FFF,2014B,2025233,1,calib
FFF,2014B,2055321,0,test
FFF,2014B,2058815,0,test
FFF,2014B,2074627,1,calib
FFF,2014B,2095576,0,test
FFF,2014B,2097046,1,calib
FFF,2014B,2114529,2,train
FFF,2014B,2131008,0,test
FFF,2014B,2156172,1,calib
FFF,2014B,2161710,0,test
FFF,2014B,2164266,3,train
FFF,2014B,2176759,3,train
FFF,2014B,2186992,0,test
FFF,2014B,2209846,2,train
FFF,2014B,2222615,3,train
FFF,2014B,2238019,1,calib
FFF,2014B,2239539,2,train
FFF,2014B,2242595,0,test
FFF,2014B,2242732,1,calib
FFF,2014B,2244285,0,test
FFF,2014B,2256318,0,test
FFF,2014B,2257112,1,calib
FFF,2014B,2264054,4,train
FFF,2014B,2265419,3,train
FFF,2014B,2270880,0,test
FFF,2014B,2298316,0,test
FFF,2014B,2299808,2,train
FFF,2014B,2303413,1,calib
FFF,2014B,2306016,1,calib
FFF,2014B,2322813,0,test
FFF,2014B,2327494,0,test
FFF,2014B,2336654,1,calib
FFF,2014B,2337362,4,train
FFF,2014B,2345438,3,train
FFF,2014B,2355214,3,train
FFF,2014B,2360071,2,train
FFF,2014B,2381745,0,test
FFF,2014B,2383307,3,train
FFF,2014B,2410519,3,train
FFF,2014B,2413895,4,train
FFF,2014B,2419081,0,test
FFF,2014B,2426332,2,train
FFF,2014B,2436584,0,test
FFF,2014B,2437930,1,calib
FFF,2014B,2448082,2,train
FFF,2014B,2462281,3,train
FFF,2014B,2463282,2,train
FFF,2014B,2465589,4,train
FFF,2014B,2480886,2,train
FFF,2014B,2481482,4,train
FFF,2014B,2492219,2,train
FFF,2014B,2492787,0,test
FFF,2014B,2494338,4,train
FFF,2014B,2503799,4,train
FFF,2014B,2516163,1,calib
FFF,2014B,2517983,0,test
FFF,2014B,2523915,2,train
FFF,2014B,2524794,3,train
FFF,2014B,2525633,0,test
FFF,2014B,2532785,0,test
FFF,2014B,2540424,2,train
FFF,2014B,2543637,1,calib
FFF,2014B,2545629,2,train
FFF,2014B,2554552,3,train
FFF,2014B,2558365,3,train
FFF,2014B,2561313,4,train
FFF,2014B,2561862,1,calib
FFF,2014B,2564619,4,train
FFF,2014B,2569942,4,train
FFF,2014B,2570929,3,train
FFF,2014B,2575119,3,train
FFF,2014B,2581536,0,test
FFF,2014B,2581654,4,train
FFF,2014B,2583997,1,calib
FFF,2014B,2585330,1,calib
FFF,2014B,2589352,0,test
FFF,2014B,2590531,3,train
FFF,2014B,2593175,3,train
FFF,2014B,2595058,0,test
FFF,2014B,2602542,3,train
FFF,2014B,2604975,1,calib
FFF,2014B,2606636,3,train
FFF,2014B,2606890,0,test
FFF,2014B,2609955,4,train
FFF,2014B,2616978,2,train
FFF,2014B,2619719,2,train
FFF,2014B,2620930,4,train
FFF,2014B,2625021,0,test
FFF,2014B,2630284,0,test
FFF,2014B,2634654,3,train
FFF,2014B,2636921,4,train
FFF,2014B,2652268,1,calib
FFF,2014B,2653007,0,test
FFF,2014B,2659650,1,calib
FFF,2014B,2661827,4,train
FFF,2014B,2666213,2,train
FFF,2014B,2666831,4,train
FFF,2014B,2667478,0,test
FFF,2014B,2674773,0,test
FFF,2014B,2675061,4,train
FFF,2014B,2681270,4,train
FFF,2014B,2684417,0,test
FFF,2014B,2689210,2,train
FFF,2014B,2697630,4,train
FFF,2014B,2697885,4,train
FFF,2014J,31296,4,train
FFF,2014J,35747,2,train
FFF,2014J,35796,4,train
FFF,2014J,40857,0,test
FFF,2014J,40878,0,test
FFF,2014J,42552,1,calib
FFF,2014J,43958,2,train
FFF,2014J,45423,3,train
FFF,2014J,47861,3,train
FFF,2014J,52275,4,train
FFF,2014J,54772,2,train
FFF,2014J,56637,2,train
FFF,2014J,56667,4,train
FFF,2014J,58884,3,train
FFF,2014J,61297,0,test
FFF,2014J,63112,3,train
FFF,2014J,64427,3,train
FFF,2014J,64777,3,train
FFF,2014J,66892,1,calib
FFF,2014J,69439,4,train
FFF,2014J,71159,0,test
FFF,2014J,74165,0,test
FFF,2014J,75107,0,test
FFF,2014J,77692,0,test
FFF,2014J,77995,2,train
FFF,2014J,79610,1,calib
FFF,2014J,80438,1,calib
FFF,2014J,82201,1,calib
FFF,2014J,84604,3,train
FFF,2014J,85241,0,test
FFF,2014J,87264,3,train
FFF,2014J,87322,0,test
FFF,2014J,90651,3,train
FFF,2014J,91801,1,calib
FFF,2014J,94749,4,train
FFF,2014J,98256,0,test
FFF,2014J,101217,2,train
FFF,2014J,102854,1,calib
FFF,2014J,103594,2,train
FFF,2014J,105125,0,test
FFF,2014J,105939,3,train
FFF,2014J,107455,0,test
FFF,2014J,108949,0,test
FFF,2014J,109577,2,train
FFF,2014J,109907,3,train
FFF,2014J,110820,0,test
FFF,2014J,113702,0,test
FFF,2014J,116529,4,train
FFF,2014J,119310,1,calib
FFF,2014J,119865,2,train
FFF,2014J,125063,1,calib
FFF,2014J,127179,2,train
FFF,2014J,129907,4,train
FFF,2014J,130409,2,train
FFF,2014J,131597,3,train
FFF,2014J,132423,0,test
FFF,2014J,132475,2,train
FFF,2014J,135280,4,train
FFF,2014J,136944,3,train
FFF,2014J,139206,2,train
FFF,2014J,142310,0,test
FFF,2014J,143755,3,train
FFF,2014J,144959,0,test
FFF,2014J,149178,2,train
FFF,2014J,149964,3,train
FFF,2014J,150282,3,train
FFF,2014J,152524,0,test
FFF,2014J,152917,4,train
FFF,2014J,155938,2,train
FFF,2014J,157225,1,calib
FFF,2014J,159906,3,train
FFF,2014J,159947,0,test
FFF,2014J,161837,3,train
FFF,2014J,164148,1,calib
FFF,2014J,166123,2,train
FFF,2014J,166607,2,train
FFF,2014J,169596,3,train
FFF,2014J,170874,1,calib
FFF,2014J,171692,0,test
FFF,2014J,172493,2,train
FFF,2014J,173412,2,train
FFF,2014J,177492,0,test
FFF,2014J,184627,1,calib
FFF,2014J,184720,4,train
FFF,2014J,185994,1,calib
FFF,2014J,191504,0,test
FFF,2014J,194163,1,calib
FFF,2014J,195246,4,train
FFF,2014J,195552,1,calib
FFF,2014J,197188,0,test
FFF,2014J,197536,4,train
FFF,2014J,199009,2,train
FFF,2014J,204117,2,train
FFF,2014J,226955,3,train
FFF,2014J,228633,3,train
FFF,2014J,229498,2,train
FFF,2014J,230656,1,calib
FFF,2014J,230947,1,calib
FFF,2014J,231980,2,train
FFF,2014J,232173,1,calib
FFF,2014J,234031,1,calib
FFF,2014J,234661,4,train
FFF,2014J,235747,1,calib
FFF,2014J,235768,2,train
FFF,2014J,235971,0,test
FFF,2014J,236090,0,test
FFF,2014J,237891,4,train
FFF,2014J,238301,4,train
FFF,2014J,242636,3,train
FFF,2014J,249357,4,train
FFF,2014J,251166,1,calib
FFF,2014J,251397,2,train
FFF,2014J,251916,3,train
FFF,2014J,253633,0,test
FFF,2014J,253763,1,calib
FFF,2014J,258245,2,train
FFF,2014J,258509,3,train
FFF,2014J,258978,4,train
FFF,2014J,260275,0,test
FFF,2014J,261863,0,test
FFF,2014J,262025,4,train
FFF,2014J,262332,0,test
FFF,2014J,262394,4,train
FFF,2014J,263143,3,train
FFF,2014J,263862,2,train
FFF,2014J,264589,1,calib
FFF,2014J,265497,2,train
FFF,2014J,268727,4,train
FFF,2014J,268823,2,train
FFF,2014J,269584,4,train
FFF,2014J,270421,3,train
FFF,2014J,271702,2,train
FFF,2014J,272704,0,test
FFF,2014J,275127,1,calib
FFF,2014J,276265,3,train
FFF,2014J,276337,1,calib
FFF,2014J,277384,3,train
FFF,2014J,278380,4,train
FFF,2014J,279440,1,calib
FFF,2014J,279653,3,train
FFF,2014J,279883,0,test
FFF,2014J,281134,0,test
FFF,2014J,281970,2,train
FFF,2014J,282849,4,train
FFF,2014J,283402,2,train
FFF,2014J,286778,4,train
FFF,2014J,287079,4,train
FFF,2014J,287258,3,train
FFF,2014J,287715,4,train
FFF,2014J,289179,3,train
FFF,2014J,289247,1,calib
FFF,2014J,289618,4,train
FFF,2014J,289676,0,test
FFF,2014J,294112,2,train
FFF,2014J,294219,4,train
FFF,2014J,294920,1,calib
FFF,2014J,294929,2,train
FFF,2014J,295893,0,test
FFF,2014J,297218,4,train
FFF,2014J,297341,4,train
FFF,2014J,300848,4,train
FFF,2014J,301074,1,calib
FFF,2014J,301561,4,train
FFF,2014J,305064,0,test
FFF,2014J,305659,3,train
FFF,2014J,310205,3,train
FFF,2014J,312126,1,calib
FFF,2014J,312231,2,train
FFF,2014J,312960,3,train
FFF,2014J,315795,1,calib
FFF,2014J,316061,0,test
FFF,2014J,316082,2,train
FFF,2014J,318139,3,train
FFF,2014J,318147,4,train
FFF,2014J,318289,0,test
FFF,2014J,319073,2,train
FFF,2014J,319461,3,train
FFF,2014J,320133,4,train
FFF,2014J,320612,4,train
FFF,2014J,322499,3,train
FFF,2014J,324331,4,train
FFF,2014J,325750,3,train
FFF,2014J,327664,1,calib
FFF,2014J,328377,4,train
FFF,2014J,328797,1,calib
FFF,2014J,329095,0,test
FFF,2014J,329895,4,train
FFF,2014J,331789,0,test
FFF,2014J,332237,3,train
FFF,2014J,332676,2,train
FFF,2014J,333993,1,calib
FFF,2014J,334224,4,train
FFF,2014J,335095,1,calib
FFF,2014J,337000,4,train
FFF,2014J,338689,4,train
FFF,2014J,338806,3,train
FFF,2014J,339519,3,train
FFF,2014J,340831,1,calib
FFF,2014J,341093,3,train
FFF,2014J,341457,3,train
FFF,2014J,341629,4,train
FFF,2014J,343709,4,train
FFF,2014J,345271,2,train
FFF,2014J,347197,3,train
FFF,2014J,348108,4,train
FFF,2014J,348324,2,train
FFF,2014J,348906,2,train
FFF,2014J,349515,4,train
FFF,2014J,349777,0,test
FFF,2014J,351147,0,test
FFF,2014J,351293,4,train
FFF,2014J,354698,1,calib
FFF,2014J,354713,1,calib
FFF,2014J,355293,0,test
FFF,2014J,357851,0,test
FFF,2014J,360278,1,calib
FFF,2014J,360752,4,train
FFF,2014J,364066,4,train
FFF,2014J,366140,0,test
FFF,2014J,367151,3,train
FFF,2014J,368389,2,train
FFF,2014J,369242,0,test
FFF,2014J,369450,0,test
FFF,2014J,369644,2,train
FFF,2014J,370735,2,train
FFF,2014J,372345,2,train
FFF,2014J,372509,4,train
FFF,2014J,372511,2,train
FFF,2014J,374353,3,train
FFF,2014J,375527,0,test
FFF,2014J,375993,1,calib
FFF,2014J,378705,4,train
FFF,2014J,378946,2,train
FFF,2014J,379278,4,train
FFF,2014J,379311,4,train
FFF,2014J,379563,3,train
FFF,2014J,380952,0,test
FFF,2014J,381257,0,test
FFF,2014J,381414,4,train
FFF,2014J,381428,3,train
FFF,2014J,381528,3,train
FFF,2014J,381529,1,calib
FFF,2014J,383445,3,train
FFF,2014J,383602,3,train
FFF,2014J,383629,0,test
FFF,2014J,384107,0,test
FFF,2014J,384331,3,train
FFF,2014J,386121,4,train
FFF,2014J,386389,4,train
FFF,2014J,386956,0,test
FFF,2014J,389853,1,calib
FFF,2014J,390070,3,train
FFF,2014J,393141,1,calib
FFF,2014J,395758,4,train
FFF,2014J,396136,2,train
FFF,2014J,396683,2,train
FFF,2014J,396834,2,train
FFF,2014J,396907,2,train
FFF,2014J,397219,1,calib
FFF,2014J,397292,3,train
FFF,2014J,397671,4,train
FFF,2014J,398550,2,train
FFF,2014J,398630,4,train
FFF,2014J,399429,2,train
FFF,2014J,402695,1,calib
FFF,2014J,405193,2,train
FFF,2014J,407232,0,test
FFF,2014J,408499,4,train
FFF,2014J,408872,0,test
FFF,2014J,410407,0,test
FFF,2014J,410883,0,test
FFF,2014J,411304,4,train
FFF,2014J,411688,4,train
FFF,2014J,412353,2,train
FFF,2014J,413180,1,calib
FFF,2014J,413709,0,test
FFF,2014J,413949,3,train
FFF,2014J,416199,0,test
FFF,2014J,416407,3,train
FFF,2014J,416426,3,train
FFF,2014J,418201,2,train
FFF,2014J,418486,1,calib
FFF,2014J,419059,2,train
FFF,2014J,419081,3,train
FFF,2014J,420834,3,train
FFF,2014J,421070,1,calib
FFF,2014J,423210,1,calib
FFF,2014J,423488,3,train
FFF,2014J,423781,2,train
FFF,2014J,425467,0,test
FFF,2014J,426410,3,train
FFF,2014J,427256,0,test
FFF,2014J,427485,1,calib
FFF,2014J,429832,3,train
FFF,2014J,431139,4,train
FFF,2014J,434476,4,train
FFF,2014J,435294,3,train
FFF,2014J,438063,2,train
FFF,2014J,438644,4,train
FFF,2014J,439950,1,calib
FFF,2014J,439995,3,train
FFF,2014J,440818,0,test
FFF,2014J,441020,3,train
FFF,2014J,441165,2,train
FFF,2014J,441170,4,train
FFF,2014J,441421,4,train
FFF,2014J,441540,1,calib
FFF,2014J,442199,0,test
FFF,2014J,442347,4,train
FFF,2014J,442563,3,train
FFF,2014J,442725,4,train
FFF,2014J,442802,2,train
FFF,2014J,443151,1,calib
FFF,2014J,443514,2,train
FFF,2014J,443696,4,train
FFF,2014J,444011,0,test
FFF,2014J,444619,3,train
FFF,2014J,444907,4,train
FFF,2014J,445459,1,calib
FFF,2014J,445686,4,train
FFF,2014J,446778,3,train
FFF,2014J,464522,4,train
FFF,2014J,465009,3,train
FFF,2014J,465078,1,calib
FFF,2014J,465121,2,train
FFF,2014J,465245,0,test
FFF,2014J,465294,2,train
FFF,2014J,466120,2,train
FFF,2014J,466717,4,train
FFF,2014J,466807,4,train
FFF,2014J,466987,2,train
FFF,2014J,467312,2,train
FFF,2014J,467363,1,calib
FFF,2014J,468623,3,train
FFF,2014J,469499,2,train
FFF,2014J,470121,0,test
FFF,2014J,471284,3,train
FFF,2014J,471374,2,train
FFF,2014J,472401,3,train
FFF,2014J,474667,4,train
FFF,2014J,475015,3,train
FFF,2014J,475566,0,test
FFF,2014J,475699,1,calib
FFF,2014J,476401,4,train
FFF,2014J,476629,3,train
FFF,2014J,477833,4,train
FFF,2014J,479939,3,train
FFF,2014J,480303,0,test
FFF,2014J,481240,0,test
FFF,2014J,481717,0,test
FFF,2014J,482644,1,calib
FFF,2014J,483037,0,test
FFF,2014J,483656,4,train
FFF,2014J,484010,2,train
FFF,2014J,484494,1,calib
FFF,2014J,484594,1,calib
FFF,2014J,485228,1,calib
FFF,2014J,486087,0,test
FFF,2014J,486964,3,train
FFF,2014J,488136,2,train
FFF,2014J,488525,0,test
FFF,2014J,489048,2,train
FFF,2014J,489104,0,test
FFF,2014J,489493,1,calib
FFF,2014J,489553,3,train
FFF,2014J,490297,3,train
FFF,2014J,491077,4,train
FFF,2014J,491126,1,calib
FFF,2014J,491756,3,train
FFF,2014J,491863,2,train
FFF,2014J,491959,2,train
FFF,2014J,492024,0,test
FFF,2014J,492557,4,train
FFF,2014J,493793,1,calib
FFF,2014J,494046,2,train
FFF,2014J,494184,1,calib
FFF,2014J,496493,1,calib
FFF,2014J,496815,3,train
FFF,2014J,497415,1,calib
FFF,2014J,498442,0,test
FFF,2014J,499244,3,train
FFF,2014J,499404,2,train
FFF,2014J,500068,4,train
FFF,2014J,500618,2,train
FFF,2014J,501444,0,test
FFF,2014J,501897,1,calib
FFF,2014J,502011,2,train
FFF,2014J,503684,2,train
FFF,2014J,504270,2,train
FFF,2014J,504700,0,test
FFF,2014J,505773,2,train
FFF,2014J,506705,0,test
FFF,2014J,507031,2,train
FFF,2014J,507311,1,calib
FFF,2014J,507743,2,train
FFF,2014J,507935,4,train
FFF,2014J,508626,0,test
FFF,2014J,509177,2,train
FFF,2014J,509536,3,train
FFF,2014J,510762,1,calib
FFF,2014J,511246,3,train
FFF,2014J,511309,4,train
FFF,2014J,511350,2,train
FFF,2014J,511859,4,train
FFF,2014J,511981,1,calib
FFF,2014J,512335,3,train
FFF,2014J,513272,1,calib
FFF,2014J,513422,2,train
FFF,2014J,513428,4,train
FFF,2014J,514078,2,train
FFF,2014J,514556,2,train
FFF,2014J,516602,4,train
FFF,2014J,517551,2,train
FFF,2014J,518599,0,test
FFF,2014J,519115,2,train
FFF,2014J,520265,0,test
FFF,2014J,521032,2,train
FFF,2014J,521115,1,calib
FFF,2014J,521153,4,train
FFF,2014J,521255,3,train
FFF,2014J,521703,1,calib
FFF,2014J,522082,4,train
FFF,2014J,523017,0,test
FFF,2014J,523249,0,test
FFF,2014J,523589,0,test
FFF,2014J,524827,0,test
FFF,2014J,525523,1,calib
FFF,2014J,526721,4,train
FFF,2014J,526819,4,train
FFF,2014J,527619,0,test
FFF,2014J,529693,4,train
FFF,2014J,529991,4,train
FFF,2014J,530148,3,train
FFF,2014J,530196,1,calib
FFF,2014J,531018,4,train
FFF,2014J,531871,2,train
FFF,2014J,532254,2,train
FFF,2014J,532744,2,train
FFF,2014J,533418,4,train
FFF,2014J,534018,4,train
FFF,2014J,534112,3,train
FFF,2014J,534457,3,train
FFF,2014J,535542,4,train
FFF,2014J,535671,3,train
FFF,2014J,535997,3,train
FFF,2014J,536351,2,train
FFF,2014J,536475,4,train
FFF,2014J,536963,2,train
FFF,2014J,537321,4,train
FFF,2014J,537322,1,calib
FFF,2014J,537606,1,calib
FFF,2014J,537811,4,train
FFF,2014J,539308,1,calib
FFF,2014J,539913,2,train
FFF,2014J,539945,0,test
FFF,2014J,540155,2,train
FFF,2014J,540723,3,train
FFF,2014J,541184,4,train
FFF,2014J,541532,4,train
FFF,2014J,541921,2,train
FFF,2014J,542202,4,train
FFF,2014J,542550,3,train
FFF,2014J,543010,0,test
FFF,2014J,543432,3,train
FFF,2014J,544141,2,train
FFF,2014J,544745,2,train
FFF,2014J,545164,4,train
FFF,2014J,545962,4,train
FFF,2014J,546547,2,train
FFF,2014J,546645,0,test
FFF,2014J,547347,1,calib
FFF,2014J,549219,2,train
FFF,2014J,549321,4,train
FFF,2014J,549523,1,calib
FFF,2014J,549847,1,calib
FFF,2014J,550420,3,train
FFF,2014J,550703,0,test
FFF,2014J,552173,4,train
FFF,2014J,552832,1,calib
FFF,2014J,553031,0,test
FFF,2014J,553284,2,train
FFF,2014J,553813,0,test
FFF,2014J,554063,1,calib
FFF,2014J,554525,2,train
FFF,2014J,555049,1,calib
FFF,2014J,555277,1,calib
FFF,2014J,555827,3,train
FFF,2014J,556126,0,test
FFF,2014J,557085,2,train
FFF,2014J,557290,2,train
FFF,2014J,557792,4,train
FFF,2014J,557830,4,train
FFF,2014J,558044,4,train
FFF,2014J,558342,1,calib
FFF,2014J,558764,0,test
FFF,2014J,559882,3,train
FFF,2014J,560047,4,train
FFF,2014J,560459,1,calib
FFF,2014J,560645,3,train
FFF,2014J,560659,4,train
FFF,2014J,560765,0,test
FFF,2014J,560823,3,train
FFF,2014J,561231,4,train
FFF,2014J,561311,3,train
FFF,2014J,561519,4,train
FFF,2014J,562064,2,train
FFF,2014J,562754,0,test
FFF,2014J,562762,3,train
FFF,2014J,562990,3,train
FFF,2014J,563108,3,train
FFF,2014J,563414,3,train
FFF,2014J,564243,3,train
FFF,2014J,564617,3,train
FFF,2014J,564770,0,test
FFF,2014J,564821,4,train
FFF,2014J,564933,0,test
FFF,2014J,565017,4,train
FFF,2014J,565474,1,calib
FFF,2014J,566823,2,train
FFF,2014J,567213,4,train
FFF,2014J,568443,4,train
FFF,2014J,568447,0,test
FFF,2014J,568987,4,train
FFF,2014J,568998,0,test
FFF,2014J,569034,2,train
FFF,2014J,569080,2,train
FFF,2014J,569108,1,calib
FFF,2014J,569556,1,calib
FFF,2014J,569745,2,train
FFF,2014J,569876,4,train
FFF,2014J,570004,3,train
FFF,2014J,570213,2,train
FFF,2014J,570280,0,test
FFF,2014J,570689,2,train
FFF,2014J,571074,2,train
FFF,2014J,571932,0,test
FFF,2014J,571950,2,train
FFF,2014J,572071,0,test
FFF,2014J,572074,1,calib
FFF,2014J,572213,3,train
FFF,2014J,572265,4,train
FFF,2014J,572804,3,train
FFF,2014J,573007,2,train
FFF,2014J,573291,4,train
FFF,2014J,573481,1,calib
FFF,2014J,573583,4,train
FFF,2014J,573697,4,train
FFF,2014J,574068,4,train
FFF,2014J,574527,2,train
FFF,2014J,574638,4,train
FFF,2014J,574695,3,train
FFF,2014J,575069,4,train
FFF,2014J,575112,0,test
FFF,2014J,575302,3,train
FFF,2014J,575685,2,train
FFF,2014J,575710,0,test
FFF,2014J,575983,4,train
FFF,2014J,576140,0,test
FFF,2014J,576423,2,train
FFF,2014J,577032,2,train
FFF,2014J,577429,1,calib
FFF,2014J,577533,4,train
FFF,2014J,577950,3,train
FFF,2014J,578152,2,train
FFF,2014J,578495,4,train
FFF,2014J,578573,1,calib
FFF,2014J,578847,2,train
FFF,2014J,579221,2,train
FFF,2014J,579660,2,train
FFF,2014J,579686,1,calib
FFF,2014J,580459,1,calib
FFF,2014J,580834,4,train
FFF,2014J,580845,3,train
FFF,2014J,580926,1,calib
FFF,2014J,581219,0,test
FFF,2014J,581253,2,train
FFF,2014J,581659,4,train
FFF,2014J,581779,2,train
FFF,2014J,582034,4,train
FFF,2014J,582117,3,train
FFF,2014J,582141,3,train
FFF,2014J,582266,1,calib
FFF,2014J,582332,3,train
FFF,2014J,582530,1,calib
FFF,2014J,582653,1,calib
FFF,2014J,582670,4,train
FFF,2014J,582749,0,test
FFF,2014J,583056,1,calib
FFF,2014J,583318,3,train
FFF,2014J,583487,3,train
FFF,2014J,584210,4,train
FFF,2014J,584362,0,test
FFF,2014J,584515,3,train
FFF,2014J,584594,4,train
FFF,2014J,584673,0,test
FFF,2014J,585021,1,calib
FFF,2014J,585224,2,train
FFF,2014J,585261,2,train
FFF,2014J,585284,4,train
FFF,2014J,585301,2,train
FFF,2014J,585503,3,train
FFF,2014J,585572,4,train
FFF,2014J,585724,3,train
FFF,2014J,585825,1,calib
FFF,2014J,585958,3,train
FFF,2014J,586282,4,train
FFF,2014J,586811,3,train
FFF,2014J,586906,1,calib
FFF,2014J,587509,4,train
FFF,2014J,587571,1,calib
FFF,2014J,587654,2,train
FFF,2014J,587706,1,calib
FFF,2014J,588128,4,train
FFF,2014J,588628,2,train
FFF,2014J,589080,2,train
FFF,2014J,589162,2,train
FFF,2014J,589332,3,train
FFF,2014J,589389,2,train
FFF,2014J,589441,1,calib
FFF,2014J,589798,3,train
FFF,2014J,589828,2,train
FFF,2014J,590120,3,train
FFF,2014J,590381,4,train
FFF,2014J,590462,1,calib
FFF,2014J,590543,1,calib
FFF,2014J,590818,3,train
FFF,2014J,591525,2,train
FFF,2014J,591581,2,train
FFF,2014J,591655,0,test
FFF,2014J,591746,3,train
FFF,2014J,591946,2,train
FFF,2014J,592218,1,calib
FFF,2014J,592233,4,train
FFF,2014J,592295,2,train
FFF,2014J,592558,1,calib
FFF,2014J,592657,1,calib
FFF,2014J,592939,3,train
FFF,2014J,593136,1,calib
FFF,2014J,593563,3,train
FFF,2014J,593722,2,train
FFF,2014J,593796,2,train
FFF,2014J,594065,0,test
FFF,2014J,594122,0,test
FFF,2014J,594229,3,train
FFF,2014J,594258,3,train
FFF,2014J,594406,0,test
FFF,2014J,594615,1,calib
FFF,2014J,594636,4,train
FFF,2014J,595246,4,train
FFF,2014J,595262,2,train
FFF,2014J,595673,0,test
FFF,2014J,595676,2,train
FFF,2014J,595721,4,train
FFF,2014J,595943,4,train
FFF,2014J,596052,0,test
FFF,2014J,596203,1,calib
FFF,2014J,596243,2,train
FFF,2014J,596245,0,test
FFF,2014J,596253,3,train
FFF,2014J,596464,3,train
FFF,2014J,596693,4,train
FFF,2014J,596758,2,train
FFF,2014J,596805,2,train
FFF,2014J,597391,1,calib
FFF,2014J,597740,1,calib
FFF,2014J,597937,1,calib
FFF,2014J,598308,1,calib
FFF,2014J,598442,0,test
FFF,2014J,598540,4,train
FFF,2014J,598559,2,train
FFF,2014J,598582,1,calib
FFF,2014J,598757,0,test
FFF,2014J,598939,4,train
FFF,2014J,599007,4,train
FFF,2014J,599297,2,train
FFF,2014J,599865,3,train
FFF,2014J,600071,3,train
FFF,2014J,600405,0,test
FFF,2014J,600615,0,test
FFF,2014J,600773,2,train
FFF,2014J,600893,3,train
FFF,2014J,601008,2,train
FFF,2014J,601180,2,train
FFF,2014J,601235,1,calib
FFF,2014J,601271,3,train
FFF,2014J,601680,0,test
FFF,2014J,601820,1,calib
FFF,2014J,602502,2,train
FFF,2014J,602594,0,test
FFF,2014J,603423,0,test
FFF,2014J,603648,2,train
FFF,2014J,603931,3,train
FFF,2014J,604142,3,train
FFF,2014J,604567,3,train
FFF,2014J,604614,3,train
FFF,2014J,604652,4,train
FFF,2014J,604907,3,train
FFF,2014J,605091,1,calib
FFF,2014J,605180,3,train
FFF,2014J,605228,4,train
FFF,2014J,605394,1,calib
FFF,2014J,605682,1,calib
FFF,2014J,606257,1,calib
FFF,2014J,606293,0,test
FFF,2014J,606428,1,calib
FFF,2014J,606805,3,train
FFF,2014J,606904,0,test
FFF,2014J,607243,2,train
FFF,2014J,607303,2,train
FFF,2014J,607501,0,test
FFF,2014J,607533,0,test
FFF,2014J,607679,1,calib
FFF,2014J,607700,3,train
FFF,2014J,607733,4,train
FFF,2014J,607866,3,train
FFF,2014J,608248,4,train
FFF,2014J,609142,3,train
FFF,2014J,609240,4,train
FFF,2014J,611465,4,train
FFF,2014J,611603,2,train
FFF,2014J,612763,0,test
FFF,2014J,612842,2,train
FFF,2014J,613165,1,calib
FFF,2014J,613330,0,test
FFF,2014J,613634,3,train
FFF,2014J,613899,1,calib
FFF,2014J,613966,3,train
FFF,2014J,614059,1,calib
FFF,2014J,614984,4,train
FFF,2014J,615266,0,test
FFF,2014J,615299,2,train
FFF,2014J,615301,4,train
FFF,2014J,615302,1,calib
FFF,2014J,615306,2,train
FFF,2014J,615328,4,train
FFF,2014J,615340,4,train
FFF,2014J,615342,0,test
FFF,2014J,615356,1,calib
FFF,2014J,616517,0,test
FFF,2014J,616912,3,train
FFF,2014J,617010,1,calib
FFF,2014J,617119,4,train
FFF,2014J,617130,0,test
FFF,2014J,617150,1,calib
FFF,2014J,617332,0,test
FFF,2014J,617436,4,train
FFF,2014J,617580,4,train
FFF,2014J,617783,3,train
FFF,2014J,617922,0,test
FFF,2014J,618252,1,calib
FFF,2014J,618663,2,train
FFF,2014J,619204,3,train
FFF,2014J,619292,2,train
FFF,2014J,619321,4,train
FFF,2014J,619502,1,calib
FFF,2014J,619863,3,train
FFF,2014J,619887,2,train
FFF,2014J,620094,1,calib
FFF,2014J,620112,4,train
FFF,2014J,620269,0,test
FFF,2014J,620349,1,calib
FFF,2014J,620431,1,calib
FFF,2014J,620740,2,train
FFF,2014J,620750,0,test
FFF,2014J,620810,0,test
FFF,2014J,620824,2,train
FFF,2014J,621307,2,train
FFF,2014J,622029,2,train
FFF,2014J,622275,4,train
FFF,2014J,622362,1,calib
FFF,2014J,622481,0,test
FFF,2014J,622760,1,calib
FFF,2014J,622899,1,calib
FFF,2014J,622910,1,calib
FFF,2014J,622934,3,train
FFF,2014J,622967,2,train
FFF,2014J,623166,2,train
FFF,2014J,623230,3,train
FFF,2014J,623471,3,train
FFF,2014J,623589,4,train
FFF,2014J,623763,0,test
FFF,2014J,623765,2,train
FFF,2014J,623917,3,train
FFF,2014J,623945,0,test
FFF,2014J,623955,0,test
FFF,2014J,624282,4,train
FFF,2014J,624740,3,train
FFF,2014J,624864,4,train
FFF,2014J,624970,0,test
FFF,2014J,625245,3,train
FFF,2014J,625330,0,test
FFF,2014J,625515,4,train
FFF,2014J,625609,3,train
FFF,2014J,625743,4,train
FFF,2014J,625802,0,test
FFF,2014J,625838,4,train
FFF,2014J,626033,2,train
FFF,2014J,626349,1,calib
FFF,2014J,626416,1,calib
FFF,2014J,626454,4,train
FFF,2014J,626477,3,train
FFF,2014J,626514,2,train
FFF,2014J,626539,0,test
FFF,2014J,626552,1,calib
FFF,2014J,626579,4,train
FFF,2014J,627238,1,calib
FFF,2014J,627365,2,train
FFF,2014J,627379,3,train
FFF,2014J,627443,0,test
FFF,2014J,627829,3,train
FFF,2014J,627840,0,test
FFF,2014J,628054,3,train
FFF,2014J,628149,4,train
FFF,2014J,628157,0,test
FFF,2014J,628308,2,train
FFF,2014J,628363,0,test
FFF,2014J,628383,1,calib
FFF,2014J,628521,3,train
FFF,2014J,628888,3,train
FFF,2014J,628964,2,train
FFF,2014J,629029,0,test
FFF,2014J,629182,2,train
FFF,2014J,629394,1,calib
FFF,2014J,629491,0,test
FFF,2014J,629522,0,test
FFF,2014J,629594,0,test
FFF,2014J,629686,3,train
FFF,2014J,629818,1,calib
FFF,2014J,629907,3,train
FFF,2014J,629922,0,test
FFF,2014J,629944,0,test
FFF,2014J,630024,4,train
FFF,2014J,630109,0,test
FFF,2014J,630158,3,train
FFF,2014J,630168,0,test
FFF,2014J,630186,0,test
FFF,2014J,630289,1,calib
FFF,2014J,630358,0,test
FFF,2014J,630510,4,train
FFF,2014J,630745,2,train
FFF,2014J,630835,2,train
FFF,2014J,630905,1,calib
FFF,2014J,630910,2,train
FFF,2014J,630992,4,train
FFF,2014J,631075,1,calib
FFF,2014J,631193,1,calib
FFF,2014J,631438,3,train
FFF,2014J,631524,0,test
FFF,2014J,631658,0,test
FFF,2014J,631681,4,train
FFF,2014J,631715,0,test
FFF,2014J,631740,1,calib
FFF,2014J,631750,3,train
FFF,2014J,631772,1,calib
FFF,2014J,631837,3,train
FFF,2014J,631924,1,calib
FFF,2014J,632074,0,test
FFF,2014J,632179,0,test
FFF,2014J,632276,1,calib
FFF,2014J,632290,4,train
FFF,2014J,632458,3,train
FFF,2014J,632556,4,train
FFF,2014J,632597,4,train
FFF,2014J,632634,2,train
FFF,2014J,632773,4,train
FFF,2014J,632826,2,train
FFF,2014J,632836,0,test
FFF,2014J,633079,2,train
FFF,2014J,633516,4,train
FFF,2014J,633555,4,train
FFF,2014J,633568,1,calib
FFF,2014J,633628,1,calib
FFF,2014J,633867,4,train
FFF,2014J,633931,0,test
FFF,2014J,634088,1,calib
FFF,2014J,634114,0,test
FFF,2014J,634512,3,train
FFF,2014J,634526,2,train
FFF,2014J,634601,4,train
FFF,2014J,634749,0,test
FFF,2014J,634888,1,calib
FFF,2014J,634943,2,train
FFF,2014J,635079,4,train
FFF,2014J,635165,1,calib
FFF,2014J,635184,0,test
FFF,2014J,635191,1,calib
FFF,2014J,635271,1,calib
FFF,2014J,635410,0,test
FFF,2014J,635746,3,train
FFF,2014J,635751,4,train
FFF,2014J,635795,1,calib
FFF,2014J,635903,3,train
FFF,2014J,635985,4,train
FFF,2014J,636314,0,test
FFF,2014J,636375,2,train
FFF,2014J,636400,0,test
FFF,2014J,636407,2,train
FFF,2014J,636408,4,train
FFF,2014J,636469,2,train
FFF,2014J,636492,2,train
FFF,2014J,636547,3,train
FFF,2014J,636565,3,train
FFF,2014J,636634,1,calib
FFF,2014J,636653,2,train
FFF,2014J,636656,2,train
FFF,2014J,636704,0,test
FFF,2014J,636749,4,train
FFF,2014J,636783,1,calib
FFF,2014J,636830,3,train
FFF,2014J,636832,0,test
FFF,2014J,637004,0,test
FFF,2014J,637089,1,calib
FFF,2014J,637338,1,calib
FFF,2014J,637358,3,train
FFF,2014J,637474,4,train
FFF,2014J,637509,0,test
FFF,2014J,637514,1,calib
FFF,2014J,637563,3,train
FFF,2014J,637582,4,train
FFF,2014J,637708,1,calib
FFF,2014J,637788,2,train
FFF,2014J,637800,4,train
FFF,2014J,637906,2,train
FFF,2014J,637939,3,train
FFF,2014J,637980,4,train
FFF,2014J,638034,1,calib
FFF,2014J,638388,2,train
FFF,2014J,638411,1,calib
FFF,2014J,638414,3,train
FFF,2014J,638425,4,train
FFF,2014J,638498,2,train
FFF,2014J,638515,4,train
FFF,2014J,638625,0,test
FFF,2014J,638655,2,train
FFF,2014J,638677,4,train
FFF,2014J,638831,0,test
FFF,2014J,639028,3,train
FFF,2014J,639231,2,train
FFF,2014J,639234,4,train
FFF,2014J,639238,0,test
FFF,2014J,639522,4,train
FFF,2014J,639919,1,calib
FFF,2014J,639993,2,train
FFF,2014J,640098,0,test
FFF,2014J,640140,3,train
FFF,2014J,640278,1,calib
FFF,2014J,640329,0,test
FFF,2014J,640393,3,train
FFF,2014J,640429,2,train
FFF,2014J,640552,4,train
FFF,2014J,640584,1,calib
FFF,2014J,640711,1,calib
FFF,2014J,640752,0,test
FFF,2014J,640774,1,calib
FFF,2014J,640848,0,test
FFF,2014J,640892,4,train
FFF,2014J,640913,1,calib
FFF,2014J,640927,2,train
FFF,2014J,641028,3,train
FFF,2014J,641085,0,test
FFF,2014J,641137,4,train
FFF,2014J,641169,4,train
FFF,2014J,641265,1,calib
FFF,2014J,641275,4,train
FFF,2014J,641307,3,train
FFF,2014J,641309,0,test
FFF,2014J,641311,3,train
FFF,2014J,641363,0,test
FFF,2014J,641401,3,train
FFF,2014J,641404,1,calib
FFF,2014J,641433,2,train
FFF,2014J,641461,0,test
FFF,2014J,641470,1,calib
FFF,2014J,641547,0,test
FFF,2014J,641565,3,train
FFF,2014J,641804,4,train
FFF,2014J,641864,3,train
FFF,2014J,641866,4,train
FFF,2014J,641914,4,train
FFF,2014J,642013,0,test
FFF,2014J,642029,1,calib
FFF,2014J,642056,2,train
FFF,2014J,642128,2,train
FFF,2014J,642375,1,calib
FFF,2014J,642448,2,train
FFF,2014J,642449,2,train
FFF,2014J,642493,3,train
FFF,2014J,642496,1,calib
FFF,2014J,642498,1,calib
FFF,2014J,642536,2,train
FFF,2014J,642551,4,train
FFF,2014J,642560,3,train
FFF,2014J,642626,4,train
FFF,2014J,642730,0,test
FFF,2014J,642740,3,train
FFF,2014J,642750,4,train
FFF,2014J,642790,4,train
FFF,2014J,642840,3,train
FFF,2014J,642843,4,train
FFF,2014J,642872,3,train
FFF,2014J,642909,4,train
FFF,2014J,642939,2,train
FFF,2014J,643024,4,train
FFF,2014J,643069,2,train
FFF,2014J,643202,3,train
FFF,2014J,643220,1,calib
FFF,2014J,643273,1,calib
FFF,2014J,643326,3,train
FFF,2014J,643372,4,train
FFF,2014J,643379,1,calib
FFF,2014J,643455,4,train
FFF,2014J,643466,3,train
FFF,2014J,643477,0,test
FFF,2014J,643496,2,train
FFF,2014J,643502,4,train
FFF,2014J,643591,3,train
FFF,2014J,643653,1,calib
FFF,2014J,643690,0,test
FFF,2014J,643696,1,calib
FFF,2014J,643751,2,train
FFF,2014J,643754,0,test
FFF,2014J,643757,3,train
FFF,2014J,644025,0,test
FFF,2014J,644210,3,train
FFF,2014J,644303,0,test
FFF,2014J,644343,0,test
FFF,2014J,644361,2,train
FFF,2014J,644369,0,test
FFF,2014J,644430,4,train
FFF,2014J,644450,0,test
FFF,2014J,644508,4,train
FFF,2014J,644761,0,test
FFF,2014J,644784,2,train
FFF,2014J,644791,3,train
FFF,2014J,644818,0,test
FFF,2014J,644834,3,train
FFF,2014J,644847,2,train
FFF,2014J,644871,4,train
FFF,2014J,644885,3,train
FFF,2014J,644934,3,train
FFF,2014J,644936,4,train
FFF,2014J,644967,2,train
FFF,2014J,644974,3,train
FFF,2014J,645003,0,test
FFF,2014J,645020,2,train
FFF,2014J,645078,4,train
FFF,2014J,645145,3,train
FFF,2014J,645194,3,train
FFF,2014J,645366,0,test
FFF,2014J,645401,3,train
FFF,2014J,645405,4,train
FFF,2014J,645407,1,calib
FFF,2014J,645433,0,test
FFF,2014J,645496,2,train
FFF,2014J,645518,2,train
FFF,2014J,645529,1,calib
FFF,2014J,645586,3,train
FFF,2014J,645618,2,train
FFF,2014J,645638,4,train
FFF,2014J,645705,2,train
FFF,2014J,645732,2,train
FFF,2014J,645784,3,train
FFF,2014J,645787,0,test
FFF,2014J,645790,4,train
FFF,2014J,645800,4,train
FFF,2014J,645840,2,train
FFF,2014J,645880,4,train
FFF,2014J,645948,1,calib
FFF,2014J,645960,0,test
FFF,2014J,645997,2,train
FFF,2014J,646015,4,train
FFF,2014J,646017,0,test
FFF,2014J,646053,2,train
FFF,2014J,646074,4,train
FFF,2014J,646083,2,train
FFF,2014J,646085,3,train
FFF,2014J,646091,1,calib
FFF,2014J,646120,3,train
FFF,2014J,646138,0,test
FFF,2014J,646313,3,train
FFF,2014J,646357,0,test
FFF,2014J,646402,0,test
FFF,2014J,646460,4,train
FFF,2014J,646498,3,train
FFF,2014J,646539,4,train
FFF,2014J,646540,3,train
FFF,2014J,646551,2,train
FFF,2014J,646613,4,train
FFF,2014J,646638,0,test
FFF,2014J,646670,4,train
FFF,2014J,646734,4,train
FFF,2014J,646742,0,test
FFF,2014J,646750,2,train
FFF,2014J,646778,1,calib
FFF,2014J,646807,0,test
FFF,2014J,646972,3,train
FFF,2014J,646990,4,train
FFF,2014J,647005,3,train
FFF,2014J,647033,0,test
FFF,2014J,647040,3,train
FFF,2014J,647045,4,train
FFF,2014J,647072,3,train
FFF,2014J,647111,3,train
FFF,2014J,647154,1,calib
FFF,2014J,647169,0,test
FFF,2014J,647171,1,calib
FFF,2014J,647194,4,train
FFF,2014J,647210,2,train
FFF,2014J,647245,3,train
FFF,2014J,647284,1,calib
FFF,2014J,647320,1,calib
FFF,2014J,647321,4,train
FFF,2014J,647324,0,test
FFF,2014J,647339,0,test
FFF,2014J,647348,1,calib
FFF,2014J,647391,1,calib
FFF,2014J,647398,1,calib
FFF,2014J,647399,0,test
FFF,2014J,647417,4,train
FFF,2014J,647425,2,train
FFF,2014J,647485,2,train
FFF,2014J,647496,1,calib
FFF,2014J,647525,2,train
FFF,2014J,647594,4,train
FFF,2014J,647598,0,test
FFF,2014J,647765,4,train
FFF,2014J,647784,4,train
FFF,2014J,647799,2,train
FFF,2014J,647841,2,train
FFF,2014J,647898,3,train
FFF,2014J,647910,4,train
FFF,2014J,647915,0,test
FFF,2014J,647945,2,train
FFF,2014J,647987,1,calib
FFF,2014J,648027,2,train
FFF,2014J,648037,4,train
FFF,2014J,648038,3,train
FFF,2014J,648040,3,train
FFF,2014J,648086,2,train
FFF,2014J,648105,3,train
FFF,2014J,648114,1,calib
FFF,2014J,648116,4,train
FFF,2014J,648118,3,train
FFF,2014J,648137,2,train
FFF,2014J,648140,3,train
FFF,2014J,648190,0,test
FFF,2014J,648244,1,calib
FFF,2014J,648254,2,train
FFF,2014J,648287,4,train
FFF,2014J,648348,0,test
FFF,2014J,648353,1,calib
FFF,2014J,648365,4,train
FFF,2014J,648366,0,test
FFF,2014J,648373,3,train
FFF,2014J,648455,2,train
FFF,2014J,648457,3,train
FFF,2014J,648470,4,train
FFF,2014J,648477,1,calib
FFF,2014J,648508,4,train
FFF,2014J,648515,2,train
FFF,2014J,648521,3,train
FFF,2014J,648531,4,train
FFF,2014J,648536,1,calib
FFF,2014J,648546,0,test
FFF,2014J,648564,0,test
FFF,2014J,648571,3,train
FFF,2014J,648576,1,calib
FFF,2014J,648590,2,train
FFF,2014J,648605,4,train
FFF,2014J,648611,3,train
FFF,2014J,648613,0,test
FFF,2014J,648650,2,train
FFF,2014J,648661,1,calib
FFF,2014J,648667,4,train
FFF,2014J,648685,1,calib
FFF,2014J,648698,1,calib
FFF,2014J,648725,2,train
FFF,2014J,648804,1,calib
FFF,2014J,648815,2,train
FFF,2014J,648819,0,test
FFF,2014J,648840,1,calib
FFF,2014J,648863,3,train
FFF,2014J,648867,4,train
FFF,2014J,648872,0,test
FFF,2014J,648903,2,train
FFF,2014J,648927,4,train
FFF,2014J,648930,3,train
FFF,2014J,648972,1,calib
FFF,2014J,648995,3,train
FFF,2014J,649004,4,train
FFF,2014J,649009,2,train
FFF,2014J,649020,3,train
FFF,2014J,649028,2,train
FFF,2014J,649036,3,train
FFF,2014J,649079,4,train
FFF,2014J,649084,1,calib
FFF,2014J,649093,3,train
FFF,2014J,649118,3,train
FFF,2014J,649141,1,calib
FFF,2014J,649147,0,test
FFF,2014J,649159,3,train
FFF,2014J,649161,4,train
FFF,2014J,649165,2,train
FFF,2014J,649207,2,train
FFF,2014J,649212,2,train
FFF,2014J,649230,1,calib
FFF,2014J,649258,4,train
FFF,2014J,649284,1,calib
FFF,2014J,649325,1,calib
FFF,2014J,649336,3,train
FFF,2014J,649379,4,train
FFF,2014J,649385,3,train
FFF,2014J,649389,0,test
FFF,2014J,649400,2,train
FFF,2014J,649434,3,train
FFF,2014J,649435,3,train
FFF,2014J,649457,4,train
FFF,2014J,649469,1,calib
FFF,2014J,649523,0,test
FFF,2014J,649547,2,train
FFF,2014J,649555,3,train
FFF,2014J,649566,3,train
FFF,2014J,649580,1,calib
FFF,2014J,649619,1,calib
FFF,2014J,649735,4,train
FFF,2014J,649764,3,train
FFF,2014J,649806,2,train
FFF,2014J,649849,3,train
FFF,2014J,649891,4,train
FFF,2014J,649926,3,train
FFF,2014J,649952,2,train
FFF,2014J,649954,0,test
FFF,2014J,649979,2,train
FFF,2014J,650031,3,train
FFF,2014J,650048,4,train
FFF,2014J,650052,4,train
FFF,2014J,650054,1,calib
FFF,2014J,650085,0,test
FFF,2014J,650108,0,test
FFF,2014J,650123,2,train
FFF,2014J,650148,3,train
FFF,2014J,650160,4,train
FFF,2014J,650170,0,test
FFF,2014J,650180,2,train
FFF,2014J,650251,3,train
FFF,2014J,650285,4,train
FFF,2014J,650287,4,train
FFF,2014J,650321,1,calib
FFF,2014J,650353,0,test
FFF,2014J,650363,4,train
FFF,2014J,650370,1,calib
FFF,2014J,650398,4,train
FFF,2014J,650400,0,test
FFF,2014J,650424,1,calib
FFF,2014J,650461,3,train
FFF,2014J,650464,4,train
FFF,2014J,650469,0,test
FFF,2014J,650473,3,train
FFF,2014J,650543,1,calib
FFF,2014J,650544,2,train
FFF,2014J,650570,0,test
FFF,2014J,650637,0,test
FFF,2014J,650682,1,calib
FFF,2014J,650716,4,train
FFF,2014J,650717,4,train
FFF,2014J,650758,1,calib
FFF,2014J,650791,2,train
FFF,2014J,650861,0,test
FFF,2014J,650866,2,train
FFF,2014J,650923,0,test
FFF,2014J,650952,0,test
FFF,2014J,650960,0,test
FFF,2014J,651040,2,train
FFF,2014J,651121,2,train
FFF,2014J,651126,4,train
FFF,2014J,651182,1,calib
FFF,2014J,651200,4,train
FFF,2014J,651238,3,train
FFF,2014J,651253,4,train
FFF,2014J,651255,0,test
FFF,2014J,651330,4,train
FFF,2014J,651334,0,test
FFF,2014J,651351,1,calib
FFF,2014J,651354,3,train
FFF,2014J,651381,1,calib
FFF,2014J,651398,0,test
FFF,2014J,651419,2,train
FFF,2014J,651473,2,train
FFF,2014J,651478,3,train
FFF,2014J,651498,0,test
FFF,2014J,651555,2,train
FFF,2014J,651598,4,train
FFF,2014J,651608,3,train
FFF,2014J,651611,2,train
FFF,2014J,651639,0,test
FFF,2014J,651693,4,train
FFF,2014J,651697,1,calib
FFF,2014J,651879,0,test
FFF,2014J,651881,1,calib
FFF,2014J,651886,2,train
FFF,2014J,651927,4,train
FFF,2014J,651972,4,train
FFF,2014J,651990,1,calib
FFF,2014J,652008,0,test
FFF,2014J,652025,4,train
FFF,2014J,652064,4,train
FFF,2014J,652087,1,calib
FFF,2014J,652311,1,calib
FFF,2014J,652333,0,test
FFF,2014J,652335,4,train
FFF,2014J,652336,1,calib
FFF,2014J,652438,4,train
FFF,2014J,652569,2,train
FFF,2014J,652576,0,test
FFF,2014J,652593,2,train
FFF,2014J,652625,2,train
FFF,2014J,652647,3,train
FFF,2014J,652659,0,test
FFF,2014J,652664,4,train
FFF,2014J,652672,2,train
FFF,2014J,652684,3,train
FFF,2014J,652706,0,test
FFF,2014J,652711,1,calib
FFF,2014J,652752,2,train
FFF,2014J,652753,3,train
FFF,2014J,652769,4,train
FFF,2014J,652788,1,calib
FFF,2014J,652801,2,train
FFF,2014J,652824,3,train
FFF,2014J,652832,4,train
FFF,2014J,652887,1,calib
FFF,2014J,652890,2,train
FFF,2014J,652898,3,train
FFF,2014J,652994,0,test
FFF,2014J,652998,1,calib
FFF,2014J,653045,1,calib
FFF,2014J,653051,3,train
FFF,2014J,653115,2,train
FFF,2014J,653144,3,train
FFF,2014J,653174,4,train
FFF,2014J,653183,4,train
FFF,2014J,653206,3,train
FFF,2014J,653255,2,train
FFF,2014J,653297,4,train
FFF,2014J,653301,2,train
FFF,2014J,653336,1,calib
FFF,2014J,653356,1,calib
FFF,2014J,653372,3,train
FFF,2014J,653381,0,test
FFF,2014J,653417,3,train
FFF,2014J,653536,3,train
FFF,2014J,653558,1,calib
FFF,2014J,653567,4,train
FFF,2014J,653595,3,train
FFF,2014J,653616,3,train
FFF,2014J,653653,0,test
FFF,2014J,653659,1,calib
FFF,2014J,653747,1,calib
FFF,2014J,653773,4,train
FFF,2014J,653797,1,calib
FFF,2014J,653841,3,train
FFF,2014J,653846,4,train
FFF,2014J,653848,2,train
FFF,2014J,653854,0,test
FFF,2014J,653857,1,calib
FFF,2014J,653988,3,train
FFF,2014J,654045,4,train
FFF,2014J,654048,2,train
FFF,2014J,654094,0,test
FFF,2014J,654112,4,train
FFF,2014J,654114,0,test
FFF,2014J,654169,1,calib
FFF,2014J,654217,1,calib
FFF,2014J,654228,4,train
FFF,2014J,654236,0,test
FFF,2014J,654260,2,train
FFF,2014J,654289,4,train
FFF,2014J,654322,1,calib
FFF,2014J,654338,1,calib
FFF,2014J,654339,0,test
FFF,2014J,654351,2,train
FFF,2014J,654407,4,train
FFF,2014J,654432,3,train
FFF,2014J,654441,4,train
FFF,2014J,654563,4,train
FFF,2014J,654565,0,test
FFF,2014J,654578,0,test
FFF,2014J,654597,2,train
FFF,2014J,654619,3,train
FFF,2014J,654620,4,train
FFF,2014J,654671,1,calib
FFF,2014J,654677,3,train
FFF,2014J,654684,0,test
FFF,2014J,654692,1,calib
FFF,2014J,654698,2,train
FFF,2014J,654732,2,train
FFF,2014J,654738,0,test
FFF,2014J,654816,4,train
FFF,2014J,654819,2,train
FFF,2014J,654824,3,train
FFF,2014J,654834,2,train
FFF,2014J,654852,0,test
FFF,2014J,654867,3,train
FFF,2014J,654943,3,train
FFF,2014J,654947,1,calib
FFF,2014J,654960,1,calib
FFF,2014J,655028,3,train
FFF,2014J,655088,3,train
FFF,2014J,655113,0,test
FFF,2014J,655115,3,train
FFF,2014J,655124,1,calib
FFF,2014J,655127,0,test
FFF,2014J,655353,0,test
FFF,2014J,655386,3,train
FFF,2014J,655402,1,calib
FFF,2014J,655412,3,train
FFF,2014J,655416,0,test
FFF,2014J,655417,1,calib
FFF,2014J,655445,2,train
FFF,2014J,655492,1,calib
FFF,2014J,655569,0,test
FFF,2014J,655627,0,test
FFF,2014J,655629,2,train
FFF,2014J,655720,1,calib
FFF,2014J,655747,2,train
FFF,2014J,655796,0,test
FFF,2014J,655852,0,test
FFF,2014J,655927,1,calib
FFF,2014J,655981,4,train
FFF,2014J,656029,1,calib
FFF,2014J,656065,2,train
FFF,2014J,656086,1,calib
FFF,2014J,656092,3,train
FFF,2014J,656102,4,train
FFF,2014J,656107,2,train
FFF,2014J,656131,3,train
FFF,2014J,656145,1,calib
FFF,2014J,656150,2,train
FFF,2014J,656158,3,train
FFF,2014J,656159,4,train
FFF,2014J,656165,0,test
FFF,2014J,656234,1,calib
FFF,2014J,656323,3,train
FFF,2014J,656353,2,train
FFF,2014J,656360,4,train
FFF,2014J,656414,3,train
FFF,2014J,656436,4,train
FFF,2014J,656441,3,train
FFF,2014J,656510,2,train
FFF,2014J,656512,3,train
FFF,2014J,656519,4,train
FFF,2014J,656529,2,train
FFF,2014J,656565,3,train
FFF,2014J,656579,2,train
FFF,2014J,656599,4,train
FFF,2014J,656607,1,calib
FFF,2014J,656622,4,train
FFF,2014J,656651,3,train
FFF,2014J,656677,0,test
FFF,2014J,656693,0,test
FFF,2014J,656734,1,calib
FFF,2014J,656791,1,calib
FFF,2014J,656800,3,train
FFF,2014J,656882,1,calib
FFF,2014J,656988,0,test
FFF,2014J,656996,4,train
FFF,2014J,657048,4,train
FFF,2014J,657118,4,train
FFF,2014J,657181,0,test
FFF,2014J,657184,2,train
FFF,2014J,657211,1,calib
FFF,2014J,657220,3,train
FFF,2014J,657330,0,test
FFF,2014J,657344,1,calib
FFF,2014J,674222,0,test
FFF,2014J,674226,2,train
FFF,2014J,674236,4,train
FFF,2014J,674260,2,train
FFF,2014J,674261,3,train
FFF,2014J,674262,1,calib
FFF,2014J,674320,2,train
FFF,2014J,674387,3,train
FFF,2014J,674406,2,train
FFF,2014J,674451,1,calib
FFF,2014J,674478,3,train
FFF,2014J,674484,2,train
FFF,2014J,674497,4,train
FFF,2014J,674509,0,test
FFF,2014J,674584,2,train
FFF,2014J,674594,0,test
FFF,2014J,674617,4,train
FFF,2014J,674644,0,test
FFF,2014J,674657,3,train
FFF,2014J,674671,0,test
FFF,2014J,674691,1,calib
FFF,2014J,674694,4,train
FFF,2014J,674699,2,train
FFF,2014J,674751,4,train
FFF,2014J,674764,1,calib
FFF,2014J,674814,0,test
FFF,2014J,674831,2,train
FFF,2014J,674870,1,calib
FFF,2014J,674911,2,train
FFF,2014J,674921,3,train
FFF,2014J,674935,0,test
FFF,2014J,674970,3,train
FFF,2014J,675002,3,train
FFF,2014J,675021,1,calib
FFF,2014J,675046,1,calib
FFF,2014J,675054,4,train
FFF,2014J,675127,2,train
FFF,2014J,675193,4,train
FFF,2014J,675225,0,test
FFF,2014J,675233,2,train
FFF,2014J,675261,2,train
FFF,2014J,675273,0,test
FFF,2014J,675279,1,calib
FFF,2014J,675315,2,train
FFF,2014J,675328,3,train
FFF,2014J,675337,4,train
FFF,2014J,675474,1,calib
FFF,2014J,675486,1,calib
FFF,2014J,675514,2,train
FFF,2014J,675566,3,train
FFF,2014J,675577,1,calib
FFF,2014J,675613,0,test
FFF,2014J,675636,2,train
FFF,2014J,675669,1,calib
FFF,2014J,675710,2,train
FFF,2014J,675818,1,calib
FFF,2014J,675824,2,train
FFF,2014J,675829,3,train
FFF,2014J,675843,0,test
FFF,2014J,675947,3,train
FFF,2014J,675989,0,test
FFF,2014J,676007,4,train
FFF,2014J,676040,3,train
FFF,2014J,676064,0,test
FFF,2014J,676103,4,train
FFF,2014J,676128,4,train
FFF,2014J,676139,0,test
FFF,2014J,676190,2,train
FFF,2014J,676194,0,test
FFF,2014J,676265,1,calib
FFF,2014J,676272,0,test
FFF,2014J,676303,2,train
FFF,2014J,676320,3,train
FFF,2014J,676324,0,test
FFF,2014J,676378,1,calib
FFF,2014J,676444,3,train
FFF,2014J,676458,2,train
FFF,2014J,676459,4,train
FFF,2014J,676478,4,train
FFF,2014J,676492,1,calib
FFF,2014J,676600,2,train
FFF,2014J,676610,1,calib
FFF,2014J,676626,4,train
FFF,2014J,676627,0,test
FFF,2014J,676866,4,train
FFF,2014J,676882,0,test
FFF,2014J,676930,1,calib
FFF,2014J,677027,1,calib
FFF,2014J,677081,0,test
FFF,2014J,677085,2,train
FFF,2014J,677111,1,calib
FFF,2014J,677138,2,train
FFF,2014J,677155,3,train
FFF,2014J,677167,0,test
FFF,2014J,677206,3,train
FFF,2014J,677221,2,train
FFF,2014J,677235,1,calib
FFF,2014J,677327,3,train
FFF,2014J,677369,3,train
FFF,2014J,677382,4,train
FFF,2014J,677400,2,train
FFF,2014J,677436,4,train
FFF,2014J,677456,1,calib
FFF,2014J,677486,0,test
FFF,2014J,677546,2,train
FFF,2014J,677582,0,test
FFF,2014J,677608,2,train
FFF,2014J,677643,2,train
FFF,2014J,677655,0,test
FFF,2014J,677687,4,train
FFF,2014J,677701,1,calib
FFF,2014J,677748,2,train
FFF,2014J,677767,3,train
FFF,2014J,677782,0,test
FFF,2014J,677828,2,train
FFF,2014J,677833,3,train
FFF,2014J,677867,1,calib
FFF,2014J,677869,0,test
FFF,2014J,678005,4,train
FFF,2014J,678044,1,calib
FFF,2014J,678088,3,train
FFF,2014J,678090,3,train
FFF,2014J,678127,3,train
FFF,2014J,678203,0,test
FFF,2014J,678235,3,train
FFF,2014J,678270,0,test
FFF,2014J,678287,2,train
FFF,2014J,678346,0,test
FFF,2014J,678381,4,train
FFF,2014J,678397,1,calib
FFF,2014J,678407,2,train
FFF,2014J,678452,1,calib
FFF,2014J,678474,4,train
FFF,2014J,678528,3,train
FFF,2014J,678619,3,train
FFF,2014J,678628,4,train
FFF,2014J,678639,0,test
FFF,2014J,678659,2,train
FFF,2014J,678769,2,train
FFF,2014J,678819,3,train
FFF,2014J,678831,1,calib
FFF,2014J,678859,1,calib
FFF,2014J,678877,2,train
FFF,2014J,678946,1,calib
FFF,2014J,678954,3,train
FFF,2014J,679019,1,calib
FFF,2014J,679036,0,test
FFF,2014J,679111,0,test
FFF,2014J,679119,1,calib
FFF,2014J,679189,2,train
FFF,2014J,679227,1,calib
FFF,2014J,679237,2,train
FFF,2014J,679251,0,test
FFF,2014J,679262,3,train
FFF,2014J,679269,4,train
FFF,2014J,679278,0,test
FFF,2014J,679337,4,train
FFF,2014J,679342,0,test
FFF,2014J,679384,3,train
FFF,2014J,679386,3,train
FFF,2014J,679402,0,test
FFF,2014J,679445,3,train
FFF,2014J,679448,0,test
FFF,2014J,679498,3,train
FFF,2014J,679502,4,train
FFF,2014J,679509,2,train
FFF,2014J,679594,0,test
FFF,2014J,679676,0,test
FFF,2014J,679688,1,calib
FFF,2014J,679749,3,train
FFF,2014J,679788,1,calib
FFF,2014J,679790,2,train
FFF,2014J,679938,3,train
FFF,2014J,679939,4,train
FFF,2014J,679949,2,train
FFF,2014J,680014,1,calib
FFF,2014J,680018,2,train
FFF,2014J,680027,4,train
FFF,2014J,680072,0,test
FFF,2014J,680080,0,test
FFF,2014J,680145,1,calib
FFF,2014J,680212,0,test
FFF,2014J,680222,1,calib
FFF,2014J,680231,4,train
FFF,2014J,680255,3,train
FFF,2014J,680266,0,test
FFF,2014J,680270,4,train
FFF,2014J,680273,2,train
FFF,2014J,680312,4,train
FFF,2014J,680322,4,train
FFF,2014J,680343,1,calib
FFF,2014J,680348,2,train
FFF,2014J,680349,3,train
FFF,2014J,680374,3,train
FFF,2014J,680410,0,test
FFF,2014J,680443,3,train
FFF,2014J,680464,2,train
FFF,2014J,680506,2,train
FFF,2014J,680517,3,train
FFF,2014J,680572,0,test
FFF,2014J,680708,1,calib
FFF,2014J,680713,2,train
FFF,2014J,680714,1,calib
FFF,2014J,680715,2,train
FFF,2014J,680747,4,train
FFF,2014J,680766,2,train
FFF,2014J,680775,0,test
FFF,2014J,680810,1,calib
FFF,2014J,680855,3,train
FFF,2014J,680872,0,test
FFF,2014J,680912,3,train
FFF,2014J,680938,1,calib
FFF,2014J,680955,2,train
FFF,2014J,680974,2,train
FFF,2014J,681004,4,train
FFF,2014J,681052,1,calib
FFF,2014J,681063,3,train
FFF,2014J,681073,0,test
FFF,2014J,681120,4,train
FFF,2014J,681152,0,test
FFF,2014J,681235,0,test
FFF,2014J,681277,4,train
FFF,2014J,681298,0,test
FFF,2014J,681328,3,train
FFF,2014J,681335,0,test
FFF,2014J,681341,1,calib
FFF,2014J,681352,2,train
FFF,2014J,681354,3,train
FFF,2014J,681393,2,train
FFF,2014J,681397,3,train
FFF,2014J,681452,0,test
FFF,2014J,681490,1,calib
FFF,2014J,681608,4,train
FFF,2014J,681633,0,test
FFF,2014J,681652,2,train
FFF,2014J,681655,1,calib
FFF,2014J,681658,4,train
FFF,2014J,681691,0,test
FFF,2014J,681735,3,train
FFF,2014J,681755,3,train
FFF,2014J,681763,4,train
FFF,2014J,681938,3,train
FFF,2014J,681973,2,train
FFF,2014J,682015,0,test
FFF,2014J,682019,2,train
FFF,2014J,682025,0,test
FFF,2014J,682050,3,train
FFF,2014J,682070,4,train
FFF,2014J,682098,0,test
FFF,2014J,682142,2,train
FFF,2014J,682276,0,test
FFF,2014J,682298,0,test
FFF,2014J,682358,2,train
FFF,2014J,682359,3,train
FFF,2014J,682390,4,train
FFF,2014J,682391,1,calib
FFF,2014J,682436,0,test
FFF,2014J,682437,0,test
FFF,2014J,682482,3,train
FFF,2014J,682504,0,test
FFF,2014J,682505,3,train
FFF,2014J,682511,1,calib
FFF,2014J,682524,2,train
FFF,2014J,682539,0,test
FFF,2014J,682546,4,train
FFF,2014J,682565,1,calib
FFF,2014J,682569,3,train
FFF,2014J,682578,0,test
FFF,2014J,682588,2,train
FFF,2014J,682596,1,calib
FFF,2014J,682613,3,train
FFF,2014J,682617,2,train
FFF,2014J,682632,1,calib
FFF,2014J,682671,2,train
FFF,2014J,682695,1,calib
FFF,2014J,682719,1,calib
FFF,2014J,682753,3,train
FFF,2014J,682839,3,train
FFF,2014J,682863,4,train
FFF,2014J,682894,1,calib
FFF,2014J,682946,1,calib
FFF,2014J,682963,2,train
FFF,2014J,682981,4,train
FFF,2014J,682982,3,train
FFF,2014J,682983,0,test
FFF,2014J,682985,3,train
FFF,2014J,682990,1,calib
FFF,2014J,683033,4,train
FFF,2014J,683094,3,train
FFF,2014J,683144,3,train
FFF,2014J,683177,0,test
FFF,2014J,683178,2,train
FFF,2014J,683243,2,train
FFF,2014J,683273,2,train
FFF,2014J,683305,0,test
FFF,2014J,683323,4,train
FFF,2014J,683346,4,train
FFF,2014J,683347,1,calib
FFF,2014J,683352,0,test
FFF,2014J,683353,3,train
FFF,2014J,683360,2,train
FFF,2014J,683375,0,test
FFF,2014J,683403,2,train
FFF,2014J,683427,3,train
FFF,2014J,683446,2,train
FFF,2014J,683467,1,calib
FFF,2014J,683508,2,train
FFF,2014J,683530,4,train
FFF,2014J,683547,0,test
FFF,2014J,683550,2,train
FFF,2014J,683555,1,calib
FFF,2014J,683576,3,train
FFF,2014J,683604,4,train
FFF,2014J,683624,3,train
FFF,2014J,683628,2,train
FFF,2014J,683642,2,train
FFF,2014J,683699,4,train
FFF,2014J,683745,4,train
FFF,2014J,683764,0,test
FFF,2014J,683772,1,calib
FFF,2014J,683820,4,train
FFF,2014J,683832,3,train
FFF,2014J,683902,2,train
FFF,2014J,683912,1,calib
FFF,2014J,683934,3,train
FFF,2014J,684013,2,train
FFF,2014J,684014,3,train
FFF,2014J,684040,4,train
FFF,2014J,684075,4,train
FFF,2014J,684183,0,test
FFF,2014J,684311,0,test
FFF,2014J,684313,3,train
FFF,2014J,684383,3,train
FFF,2014J,684386,0,test
FFF,2014J,684526,2,train
FFF,2014J,684572,4,train
FFF,2014J,684579,4,train
FFF,2014J,684592,4,train
FFF,2014J,684594,0,test
FFF,2014J,684671,0,test
FFF,2014J,684675,1,calib
FFF,2014J,684676,2,train
FFF,2014J,684726,3,train
FFF,2014J,684882,1,calib
FFF,2014J,684981,1,calib
FFF,2014J,684983,3,train
FFF,2014J,685004,3,train
FFF,2014J,685042,3,train
FFF,2014J,685100,1,calib
FFF,2014J,685105,2,train
FFF,2014J,685128,4,train
FFF,2014J,685140,3,train
FFF,2014J,685155,1,calib
FFF,2014J,685192,0,test
FFF,2014J,685212,1,calib
FFF,2014J,685276,4,train
FFF,2014J,685283,2,train
FFF,2014J,685330,0,test
FFF,2014J,685333,4,train
FFF,2014J,685339,3,train
FFF,2014J,685367,3,train
FFF,2014J,685373,1,calib
FFF,2014J,685378,4,train
FFF,2014J,685410,2,train
FFF,2014J,685439,3,train
FFF,2014J,685512,2,train
FFF,2014J,685565,2,train
FFF,2014J,685619,4,train
FFF,2014J,685657,4,train
FFF,2014J,685663,2,train
FFF,2014J,685683,3,train
FFF,2014J,685705,0,test
FFF,2014J,685708,2,train
FFF,2014J,685772,0,test
FFF,2014J,685802,2,train
FFF,2014J,685807,0,test
FFF,2014J,685831,4,train
FFF,2014J,685860,3,train
FFF,2014J,685920,4,train
FFF,2014J,685928,0,test
FFF,2014J,685952,3,train
FFF,2014J,685998,2,train
FFF,2014J,686065,0,test
FFF,2014J,686100,3,train
FFF,2014J,686164,2,train
FFF,2014J,686314,4,train
FFF,2014J,686317,2,train
FFF,2014J,686344,4,train
FFF,2014J,686348,3,train
FFF,2014J,686358,4,train
FFF,2014J,686390,0,test
FFF,2014J,686448,0,test
FFF,2014J,686458,2,train
FFF,2014J,686498,2,train
FFF,2014J,686522,2,train
FFF,2014J,686558,1,calib
FFF,2014J,686700,3,train
FFF,2014J,686705,1,calib
FFF,2014J,686760,2,train
FFF,2014J,686786,3,train
FFF,2014J,686799,2,train
FFF,2014J,686852,0,test
FFF,2014J,686869,4,train
FFF,2014J,686946,4,train
FFF,2014J,687007,1,calib
FFF,2014J,687033,4,train
FFF,2014J,687073,3,train
FFF,2014J,687112,0,test
FFF,2014J,687115,1,calib
FFF,2014J,687288,2,train
FFF,2014J,687304,1,calib
FFF,2014J,687319,4,train
FFF,2014J,687331,3,train
FFF,2014J,687341,2,train
FFF,2014J,687345,0,test
FFF,2014J,687351,2,train
FFF,2014J,687410,0,test
FFF,2014J,687434,4,train
FFF,2014J,687448,4,train
FFF,2014J,687468,1,calib
FFF,2014J,687485,3,train
FFF,2014J,687503,3,train
FFF,2014J,687510,0,test
FFF,2014J,687511,2,train
FFF,2014J,687525,0,test
FFF,2014J,687686,2,train
FFF,2014J,687747,2,train
FFF,2014J,687752,3,train
FFF,2014J,687795,3,train
FFF,2014J,687828,1,calib
FFF,2014J,687846,2,train
FFF,2014J,687910,2,train
FFF,2014J,687930,4,train
FFF,2014J,687931,0,test
FFF,2014J,687988,3,train
FFF,2014J,688005,0,test
FFF,2014J,688008,1,calib
FFF,2014J,688071,0,test
FFF,2014J,688097,4,train
FFF,2014J,688127,3,train
FFF,2014J,688136,4,train
FFF,2014J,688159,1,calib
FFF,2014J,688187,4,train
FFF,2014J,688192,2,train
FFF,2014J,688203,4,train
FFF,2014J,688225,1,calib
FFF,2014J,688250,0,test
FFF,2014J,688251,2,train
FFF,2014J,688265,4,train
FFF,2014J,688297,3,train
FFF,2014J,688326,1,calib
FFF,2014J,688337,2,train
FFF,2014J,688442,1,calib
FFF,2014J,688453,2,train
FFF,2014J,688470,4,train
FFF,2014J,688475,0,test
FFF,2014J,688509,1,calib
FFF,2014J,688532,3,train
FFF,2014J,688543,4,train
FFF,2014J,688664,1,calib
FFF,2014J,688667,3,train
FFF,2014J,688685,4,train
FFF,2014J,688727,0,test
FFF,2014J,688752,4,train
FFF,2014J,688881,2,train
FFF,2014J,688891,4,train
FFF,2014J,688895,2,train
FFF,2014J,688904,3,train
FFF,2014J,688937,0,test
FFF,2014J,688964,0,test
FFF,2014J,688976,3,train
FFF,2014J,689005,4,train
FFF,2014J,689042,1,calib
FFF,2014J,689051,3,train
FFF,2014J,689052,0,test
FFF,2014J,689056,2,train
FFF,2014J,689225,3,train
FFF,2014J,689260,4,train
FFF,2014J,689280,2,train
FFF,2014J,689290,0,test
FFF,2014J,689347,2,train
FFF,2014J,689352,3,train
FFF,2014J,689444,3,train
FFF,2014J,689498,3,train
FFF,2014J,689533,2,train
FFF,2014J,689582,0,test
FFF,2014J,689585,1,calib
FFF,2014J,689626,1,calib
FFF,2014J,689640,4,train
FFF,2014J,689747,2,train
FFF,2014J,689751,2,train
FFF,2014J,689761,1,calib
FFF,2014J,689796,4,train
FFF,2014J,689827,3,train
FFF,2014J,689832,2,train
FFF,2014J,689855,0,test
FFF,2014J,689924,3,train
FFF,2014J,689977,4,train
FFF,2014J,690075,2,train
FFF,2014J,690137,3,train
FFF,2014J,690174,2,train
FFF,2014J,690198,1,calib
FFF,2014J,690296,3,train
FFF,2014J,690382,0,test
FFF,2014J,690559,3,train
FFF,2014J,690585,1,calib
FFF,2014J,690628,0,test
FFF,2014J,690631,0,test
FFF,2014J,690635,2,train
FFF,2014J,690656,4,train
FFF,2014J,690687,3,train
FFF,2014J,690746,2,train
FFF,2014J,690832,1,calib
FFF,2014J,690872,0,test
FFF,2014J,690962,3,train
FFF,2014J,691056,4,train
FFF,2014J,691177,3,train
FFF,2014J,691253,3,train
FFF,2014J,691269,0,test
FFF,2014J,691280,1,calib
FFF,2014J,691288,2,train
FFF,2014J,691326,0,test
FFF,2014J,691375,4,train
FFF,2014J,691465,2,train
FFF,2014J,691563,1,calib
FFF,2014J,691699,0,test
FFF,2014J,691722,4,train
FFF,2014J,691805,4,train
FFF,2014J,691873,3,train
FFF,2014J,691932,0,test
FFF,2014J,692010,4,train
FFF,2014J,692097,0,test
FFF,2014J,692189,4,train
FFF,2014J,692219,4,train
FFF,2014J,692220,1,calib
FFF,2014J,692273,3,train
FFF,2014J,692297,2,train
FFF,2014J,692301,0,test
FFF,2014J,692334,3,train
FFF,2014J,692454,0,test
FFF,2014J,692612,1,calib
FFF,2014J,692632,4,train
FFF,2014J,692740,1,calib
FFF,2014J,692893,1,calib
FFF,2014J,692898,2,train
FFF,2014J,692946,4,train
FFF,2014J,692962,3,train
FFF,2014J,692968,4,train
FFF,2014J,692976,2,train
FFF,2014J,693114,1,calib
FFF,2014J,693160,0,test
FFF,2014J,693162,2,train
FFF,2014J,693197,4,train
FFF,2014J,693223,4,train
FFF,2014J,693236,1,calib
FFF,2014J,693246,2,train
FFF,2014J,693345,0,test
FFF,2014J,693373,4,train
FFF,2014J,693448,4,train
FFF,2014J,693497,3,train
FFF,2014J,693519,4,train
FFF,2014J,693573,1,calib
FFF,2014J,693628,3,train
FFF,2014J,693629,4,train
FFF,2014J,693764,0,test
FFF,2014J,693806,1,calib
FFF,2014J,693812,4,train
FFF,2014J,693873,3,train
FFF,2014J,693903,0,test
FFF,2014J,693906,1,calib
FFF,2014J,693907,3,train
FFF,2014J,694059,2,train
FFF,2014J,694128,0,test
FFF,2014J,694144,4,train
FFF,2014J,694221,0,test
FFF,2014J,694272,3,train
FFF,2014J,694284,4,train
FFF,2014J,694376,4,train
FFF,2014J,694415,4,train
FFF,2014J,694428,3,train
FFF,2014J,694456,0,test
FFF,2014J,694464,4,train
FFF,2014J,694536,1,calib
FFF,2014J,694622,0,test
FFF,2014J,694669,3,train
FFF,2014J,694715,2,train
FFF,2014J,694716,2,train
FFF,2014J,694827,0,test
FFF,2014J,694836,3,train
FFF,2014J,694848,1,calib
FFF,2014J,695090,3,train
FFF,2014J,695169,1,calib
FFF,2014J,695220,1,calib
FFF,2014J,695250,3,train
FFF,2014J,695251,0,test
FFF,2014J,695369,4,train
FFF,2014J,695380,0,test
FFF,2014J,695416,4,train
FFF,2014J,695449,0,test
FFF,2014J,695471,2,train
FFF,2014J,695485,0,test
FFF,2014J,695550,1,calib
FFF,2014J,695574,2,train
FFF,2014J,695637,2,train
FFF,2014J,695676,1,calib
FFF,2014J,695700,0,test
FFF,2014J,695729,1,calib
FFF,2014J,695748,4,train
FFF,2014J,695764,2,train
FFF,2014J,695803,4,train
FFF,2014J,695825,0,test
FFF,2014J,695869,2,train
FFF,2014J,695879,2,train
FFF,2014J,695926,2,train
FFF,2014J,695964,2,train
FFF,2014J,696039,3,train
FFF,2014J,696043,2,train
FFF,2014J,696071,0,test
FFF,2014J,696082,1,calib
FFF,2014J,696091,0,test
FFF,2014J,696188,0,test
FFF,2014J,696253,1,calib
FFF,2014J,696275,1,calib
FFF,2014J,696276,2,train
FFF,2014J,696318,1,calib
FFF,2014J,696329,3,train
FFF,2014J,696347,2,train
FFF,2014J,696364,0,test
FFF,2014J,696410,1,calib
FFF,2014J,696456,0,test
FFF,2014J,696583,4,train
FFF,2014J,696615,2,train
FFF,2014J,696653,0,test
FFF,2014J,696659,3,train
FFF,2014J,696662,1,calib
FFF,2014J,696664,2,train
FFF,2014J,696666,0,test
FFF,2014J,696671,4,train
FFF,2014J,696672,1,calib
FFF,2014J,696674,0,test
FFF,2014J,696678,3,train
FFF,2014J,696729,0,test
FFF,2014J,696943,1,calib
FFF,2014J,696981,3,train
FFF,2014J,696985,0,test
FFF,2014J,697027,2,train
FFF,2014J,697042,4,train
FFF,2014J,697114,2,train
FFF,2014J,697160,4,train
FFF,2014J,697192,0,test
FFF,2014J,697204,1,calib
FFF,2014J,697215,2,train
FFF,2014J,697255,4,train
FFF,2014J,697257,1,calib
FFF,2014J,697299,3,train
FFF,2014J,697438,0,test
FFF,2014J,697478,0,test
FFF,2014J,697529,2,train
FFF,2014J,697554,4,train
FFF,2014J,697581,3,train
FFF,2014J,697665,3,train
FFF,2014J,697878,1,calib
FFF,2014J,697998,0,test
FFF,2014J,698015,0,test
FFF,2014J,698020,2,train
FFF,2014J,698112,3,train
FFF,2014J,698157,0,test
FFF,2014J,698193,2,train
FFF,2014J,698233,1,calib
FFF,2014J,698237,1,calib
FFF,2014J,698278,2,train
FFF,2014J,698384,3,train
FFF,2014J,698407,1,calib
FFF,2014J,698485,4,train
FFF,2014J,698656,2,train
FFF,2014J,698762,4,train
FFF,2014J,699126,4,train
FFF,2014J,699127,1,calib
FFF,2014J,699128,0,test
FFF,2014J,836614,3,train
FFF,2014J,884652,2,train
FFF,2014J,895524,3,train
FFF,2014J,900936,0,test
FFF,2014J,1021350,3,train
FFF,2014J,1042726,2,train
FFF,2014J,1318759,1,calib
FFF,2014J,1348205,4,train
FFF,2014J,1391717,1,calib
FFF,2014J,1409532,1,calib
FFF,2014J,1413902,0,test
FFF,2014J,1424608,2,train
FFF,2014J,1448966,4,train
FFF,2014J,1449171,1,calib
FFF,2014J,1450604,0,test
FFF,2014J,1459010,3,train
FFF,2014J,1473878,0,test
FFF,2014J,1477284,2,train
FFF,2014J,1501577,0,test
FFF,2014J,1514245,1,calib
FFF,2014J,1532711,2,train
FFF,2014J,1537796,1,calib
FFF,2014J,1585671,1,calib
FFF,2014J,1588621,0,test
FFF,2014J,1603549,3,train
FFF,2014J,1629444,2,train
FFF,2014J,1631797,4,train
FFF,2014J,1639699,3,train
FFF,2014J,1640680,2,train
FFF,2014J,1658963,2,train
FFF,2014J,1677677,2,train
FFF,2014J,1683192,4,train
FFF,2014J,1722493,3,train
FFF,2014J,1733664,3,train
FFF,2014J,1745145,3,train
FFF,2014J,1752994,1,calib
FFF,2014J,1755594,3,train
FFF,2014J,1765045,4,train
FFF,2014J,1766102,1,calib
FFF,2014J,1771775,1,calib
FFF,2014J,1796402,3,train
FFF,2014J,1810759,1,calib
FFF,2014J,1816458,4,train
FFF,2014J,1817710,0,test
FFF,2014J,1818385,1,calib
FFF,2014J,1836241,1,calib
FFF,2014J,1837138,2,train
FFF,2014J,1856869,1,calib
FFF,2014J,1866233,2,train
FFF,2014J,1871598,2,train
FFF,2014J,1871684,4,train
FFF,2014J,1873360,0,test
FFF,2014J,1877902,3,train
FFF,2014J,1879321,2,train
FFF,2014J,1881231,1,calib
FFF,2014J,1887108,3,train
FFF,2014J,1889752,3,train
FFF,2014J,1895399,2,train
FFF,2014J,1929219,4,train
FFF,2014J,1944167,1,calib
FFF,2014J,1948159,2,train
FFF,2014J,1961652,0,test
FFF,2014J,1962049,2,train
FFF,2014J,1962062,4,train
FFF,2014J,1972092,2,train
FFF,2014J,1972368,4,train
FFF,2014J,1995177,0,test
FFF,2014J,1998834,4,train
FFF,2014J,2017487,2,train
FFF,2014J,2020628,1,calib
FFF,2014J,2026075,3,train
FFF,2014J,2028523,0,test
FFF,2014J,2029571,2,train
FFF,2014J,2035700,1,calib
FFF,2014J,2036893,4,train
FFF,2014J,2047575,1,calib
FFF,2014J,2065972,4,train
FFF,2014J,2067799,2,train
FFF,2014J,2071670,1,calib
FFF,2014J,2081123,2,train
FFF,2014J,2088982,4,train
FFF,2014J,2096251,2,train
FFF,2014J,2103552,0,test
FFF,2014J,2104819,4,train
FFF,2014J,2106955,2,train
FFF,2014J,2107747,3,train
FFF,2014J,2113446,0,test
FFF,2014J,2128283,3,train
FFF,2014J,2137697,1,calib
FFF,2014J,2138970,1,calib
FFF,2014J,2140300,3,train
FFF,2014J,2143312,4,train
FFF,2014J,2143440,3,train
FFF,2014J,2146013,4,train
FFF,2014J,2154361,1,calib
FFF,2014J,2160316,2,train
FFF,2014J,2161710,0,test
FFF,2014J,2178837,4,train
FFF,2014J,2180090,2,train
FFF,2014J,2182293,2,train
FFF,2014J,2185729,2,train
FFF,2014J,2195853,3,train
FFF,2014J,2197766,4,train
FFF,2014J,2198970,2,train
FFF,2014J,2223401,4,train
FFF,2014J,2254637,0,test
FFF,2014J,2256134,4,train
FFF,2014J,2268069,2,train
FFF,2014J,2272023,1,calib
FFF,2014J,2274542,1,calib
FFF,2014J,2278101,1,calib
FFF,2014J,2282620,1,calib
FFF,2014J,2283708,3,train
FFF,2014J,2293511,4,train
FFF,2014J,2298106,3,train
FFF,2014J,2298895,3,train
FFF,2014J,2301830,0,test
FFF,2014J,2306410,2,train
FFF,2014J,2316717,3,train
FFF,2014J,2332934,2,train
FFF,2014J,2339267,3,train
FFF,2014J,2341420,0,test
FFF,2014J,2342045,3,train
FFF,2014J,2343785,1,calib
FFF,2014J,2351969,1,calib
FFF,2014J,2360559,1,calib
FFF,2014J,2366656,3,train
FFF,2014J,2371481,4,train
FFF,2014J,2378208,2,train
FFF,2014J,2386732,2,train
FFF,2014J,2395016,3,train
FFF,2014J,2398260,4,train
FFF,2014J,2399758,3,train
FFF,2014J,2403701,4,train
FFF,2014J,2411981,0,test
FFF,2014J,2417433,0,test
FFF,2014J,2417975,1,calib
FFF,2014J,2424257,3,train
FFF,2014J,2427845,0,test
FFF,2014J,2438784,1,calib
FFF,2014J,2449490,3,train
FFF,2014J,2457440,4,train
FFF,2014J,2459292,3,train
FFF,2014J,2462281,3,train
FFF,2014J,2463282,2,train
FFF,2014J,2468232,2,train
FFF,2014J,2470326,0,test
FFF,2014J,2480886,2,train
FFF,2014J,2482710,1,calib
FFF,2014J,2486215,2,train
FFF,2014J,2486930,0,test
FFF,2014J,2497090,0,test
FFF,2014J,2499307,1,calib
FFF,2014J,2504129,2,train
FFF,2014J,2505058,0,test
FFF,2014J,2509531,2,train
FFF,2014J,2519138,1,calib
FFF,2014J,2521574,3,train
FFF,2014J,2529052,4,train
FFF,2014J,2529419,0,test
FFF,2014J,2530976,1,calib
FFF,2014J,2535160,1,calib
FFF,2014J,2537777,1,calib
FFF,2014J,2540871,4,train
FFF,2014J,2542209,4,train
FFF,2014J,2544643,2,train
FFF,2014J,2544766,0,test
FFF,2014J,2546315,2,train
FFF,2014J,2550534,0,test
FFF,2014J,2557008,4,train
FFF,2014J,2558365,3,train
FFF,2014J,2559144,3,train
FFF,2014J,2563095,1,calib
FFF,2014J,2579891,0,test
FFF,2014J,2584244,3,train
FFF,2014J,2586748,1,calib
FFF,2014J,2597117,1,calib
FFF,2014J,2599162,3,train
FFF,2014J,2599883,4,train
FFF,2014J,2602253,0,test
FFF,2014J,2602542,3,train
FFF,2014J,2603027,3,train
FFF,2014J,2612102,3,train
FFF,2014J,2612728,3,train
FFF,2014J,2613827,2,train
FFF,2014J,2622634,4,train
FFF,2014J,2624028,3,train
FFF,2014J,2626417,2,train
FFF,2014J,2630284,0,test
FFF,2014J,2641156,3,train
FFF,2014J,2642532,2,train
FFF,2014J,2643472,2,train
FFF,2014J,2643829,4,train
FFF,2014J,2649121,1,calib
FFF,2014J,2649948,0,test
FFF,2014J,2652532,3,train
FFF,2014J,2657913,4,train
FFF,2014J,2658856,4,train
FFF,2014J,2661012,3,train
FFF,2014J,2667478,0,test
FFF,2014J,2678580,4,train
FFF,2014J,2681198,3,train
FFF,2014J,2682682,2,train
FFF,2014J,2682745,3,train
FFF,2014J,2683857,2,train
FFF,2014J,2684048,0,test
FFF,2014J,2686035,1,calib
FFF,2014J,2687012,4,train
FFF,2014J,2693932,2,train
FFF,2014J,2694139,4,train
FFF,2014J,2697921,1,calib
FFF,2014J,2702660,1,calib
GGG,2013J,24391,3,train
GGG,2013J,26023,4,train
GGG,2013J,32239,0,test
GGG,2013J,35001,4,train
GGG,2013J,60405,0,test
GGG,2013J,62975,0,test
GGG,2013J,67182,3,train
GGG,2013J,75442,2,train
GGG,2013J,80448,2,train
GGG,2013J,82341,3,train
GGG,2013J,87929,1,calib
GGG,2013J,96117,4,train
GGG,2013J,121056,3,train
GGG,2013J,122459,4,train
GGG,2013J,122636,0,test
GGG,2013J,122846,1,calib
GGG,2013J,122928,3,train
GGG,2013J,129212,3,train
GGG,2013J,135331,0,test
GGG,2013J,138710,0,test
GGG,2013J,142990,4,train
GGG,2013J,155256,1,calib
GGG,2013J,156127,1,calib
GGG,2013J,159484,1,calib
GGG,2013J,164922,3,train
GGG,2013J,166183,4,train
GGG,2013J,189664,2,train
GGG,2013J,204745,1,calib
GGG,2013J,233153,4,train
GGG,2013J,236848,2,train
GGG,2013J,239095,2,train
GGG,2013J,249965,3,train
GGG,2013J,253208,3,train
GGG,2013J,253567,1,calib
GGG,2013J,261718,4,train
GGG,2013J,266626,1,calib
GGG,2013J,268391,3,train
GGG,2013J,276830,0,test
GGG,2013J,279747,3,train
GGG,2013J,281619,3,train
GGG,2013J,285705,0,test
GGG,2013J,286160,0,test
GGG,2013J,286762,3,train
GGG,2013J,290658,1,calib
GGG,2013J,292136,2,train
GGG,2013J,296993,0,test
GGG,2013J,297990,3,train
GGG,2013J,298186,3,train
GGG,2013J,300508,0,test
GGG,2013J,303165,1,calib
GGG,2013J,306610,0,test
GGG,2013J,308634,0,test
GGG,2013J,311158,2,train
GGG,2013J,313070,0,test
GGG,2013J,319331,4,train
GGG,2013J,324095,0,test
GGG,2013J,325909,0,test
GGG,2013J,330177,0,test
GGG,2013J,332715,4,train
GGG,2013J,338446,4,train
GGG,2013J,339727,4,train
GGG,2013J,339853,4,train
GGG,2013J,340486,2,train
GGG,2013J,348579,3,train
GGG,2013J,349360,4,train
GGG,2013J,352382,1,calib
GGG,2013J,360683,0,test
GGG,2013J,365192,2,train
GGG,2013J,368245,0,test
GGG,2013J,368969,0,test
GGG,2013J,369378,4,train
GGG,2013J,372691,1,calib
GGG,2013J,375600,4,train
GGG,2013J,375882,1,calib
GGG,2013J,379113,2,train
GGG,2013J,379844,1,calib
GGG,2013J,383420,1,calib
GGG,2013J,387550,3,train
GGG,2013J,392215,3,train
GGG,2013J,393451,1,calib
GGG,2013J,395954,1,calib
GGG,2013J,396145,3,train
GGG,2013J,401139,1,calib
GGG,2013J,404325,0,test
GGG,2013J,410573,4,train
GGG,2013J,411105,2,train
GGG,2013J,416355,2,train
GGG,2013J,417220,0,test
GGG,2013J,418032,3,train
GGG,2013J,421999,0,test
GGG,2013J,426736,2,train
GGG,2013J,427321,2,train
GGG,2013J,428301,1,calib
GGG,2013J,433165,2,train
GGG,2013J,434478,0,test
GGG,2013J,439677,0,test
GGG,2013J,444943,3,train
GGG,2013J,445086,3,train
GGG,2013J,465724,4,train
GGG,2013J,466900,1,calib
GGG,2013J,470340,2,train
GGG,2013J,472911,0,test
GGG,2013J,473271,0,test
GGG,2013J,473924,2,train
GGG,2013J,474067,1,calib
GGG,2013J,474272,1,calib
GGG,2013J,476921,3,train
GGG,2013J,477165,1,calib
GGG,2013J,477468,1,calib
GGG,2013J,477650,3,train
GGG,2013J,478556,2,train
GGG,2013J,478784,4,train
GGG,2013J,479442,0,test
GGG,2013J,479595,4,train
GGG,2013J,480959,2,train
GGG,2013J,481404,0,test
GGG,2013J,481772,2,train
GGG,2013J,483123,2,train
GGG,2013J,483158,0,test
GGG,2013J,483959,4,train
GGG,2013J,488853,0,test
GGG,2013J,489222,2,train
GGG,2013J,489624,4,train
GGG,2013J,493763,0,test
GGG,2013J,494212,0,test
GGG,2013J,494291,3,train
GGG,2013J,495276,1,calib
GGG,2013J,496224,1,calib
GGG,2013J,497074,1,calib
GGG,2013J,497190,0,test
GGG,2013J,497278,4,train
GGG,2013J,498702,3,train
GGG,2013J,499006,3,train
GGG,2013J,499446,3,train
GGG,2013J,500112,0,test
GGG,2013J,500720,0,test
GGG,2013J,503663,4,train
GGG,2013J,505503,2,train
GGG,2013J,505754,0,test
GGG,2013J,506679,1,calib
GGG,2013J,509034,3,train
GGG,2013J,509277,0,test
GGG,2013J,510533,4,train
GGG,2013J,510737,0,test
GGG,2013J,511571,2,train
GGG,2013J,512258,3,train
GGG,2013J,514699,0,test
GGG,2013J,515496,3,train
GGG,2013J,516434,4,train
GGG,2013J,519091,4,train
GGG,2013J,519185,0,test
GGG,2013J,521164,0,test
GGG,2013J,522561,3,train
GGG,2013J,522731,2,train
GGG,2013J,523419,3,train
GGG,2013J,523803,1,calib
GGG,2013J,527742,0,test
GGG,2013J,528515,4,train
GGG,2013J,530826,3,train
GGG,2013J,531224,2,train
GGG,2013J,534251,1,calib
GGG,2013J,534647,4,train
GGG,2013J,536647,2,train
GGG,2013J,537181,1,calib
GGG,2013J,537662,3,train
GGG,2013J,537670,0,test
GGG,2013J,539436,1,calib
GGG,2013J,541252,4,train
GGG,2013J,543557,1,calib
GGG,2013J,544615,1,calib
GGG,2013J,544898,1,calib
GGG,2013J,545313,3,train
GGG,2013J,545785,3,train
GGG,2013J,546097,3,train
GGG,2013J,546192,3,train
GGG,2013J,546457,2,train
GGG,2013J,546754,4,train
GGG,2013J,547440,0,test
GGG,2013J,548190,1,calib
GGG,2013J,548388,4,train
GGG,2013J,549887,4,train
GGG,2013J,549909,3,train
GGG,2013J,549973,4,train
GGG,2013J,551389,4,train
GGG,2013J,551545,1,calib
GGG,2013J,552750,1,calib
GGG,2013J,553643,4,train
GGG,2013J,554967,4,train
GGG,2013J,556509,2,train
GGG,2013J,556520,4,train
GGG,2013J,556523,0,test
GGG,2013J,557031,4,train
GGG,2013J,557085,2,train
GGG,2013J,559919,4,train
GGG,2013J,560328,0,test
GGG,2013J,560374,0,test
GGG,2013J,560653,0,test
GGG,2013J,561148,4,train
GGG,2013J,561163,1,calib
GGG,2013J,561884,3,train
GGG,2013J,562696,4,train
GGG,2013J,562913,1,calib
GGG,2013J,563612,1,calib
GGG,2013J,564190,3,train
GGG,2013J,564609,0,test
GGG,2013J,565002,0,test
GGG,2013J,565222,4,train
GGG,2013J,565525,0,test
GGG,2013J,565640,1,calib
GGG,2013J,565892,0,test
GGG,2013J,565993,1,calib
GGG,2013J,566153,4,train
GGG,2013J,566183,2,train
GGG,2013J,566603,0,test
GGG,2013J,566923,4,train
GGG,2013J,566963,3,train
GGG,2013J,567009,2,train
GGG,2013J,567211,3,train
GGG,2013J,567325,3,train
GGG,2013J,567831,0,test
GGG,2013J,567987,3,train
GGG,2013J,568118,0,test
GGG,2013J,568288,0,test
GGG,2013J,568539,0,test
GGG,2013J,568973,2,train
GGG,2013J,569253,3,train
GGG,2013J,569381,1,calib
GGG,2013J,569490,2,train
GGG,2013J,569511,0,test
GGG,2013J,569595,0,test
GGG,2013J,569679,0,test
GGG,2013J,569974,4,train
GGG,2013J,569984,0,test
GGG,2013J,570141,0,test
GGG,2013J,570529,1,calib
GGG,2013J,570801,3,train
GGG,2013J,571334,3,train
GGG,2013J,571359,0,test
GGG,2013J,571380,3,train
GGG,2013J,571458,0,test
GGG,2013J,571577,3,train
GGG,2013J,571696,0,test
GGG,2013J,571768,4,train
GGG,2013J,571787,2,train
GGG,2013J,571883,0,test
GGG,2013J,571896,0,test
GGG,2013J,571952,4,train
GGG,2013J,572335,0,test
GGG,2013J,572388,2,train
GGG,2013J,572663,2,train
GGG,2013J,572714,0,test
GGG,2013J,573134,0,test
GGG,2013J,573294,1,calib
GGG,2013J,573331,2,train
GGG,2013J,573460,4,train
GGG,2013J,573464,0,test
GGG,2013J,573510,4,train
GGG,2013J,573554,0,test
GGG,2013J,573666,4,train
GGG,2013J,574238,2,train
GGG,2013J,574351,0,test
GGG,2013J,574504,2,train
GGG,2013J,574512,1,calib
GGG,2013J,574606,1,calib
GGG,2013J,574642,2,train
GGG,2013J,574857,0,test
GGG,2013J,574948,4,train
GGG,2013J,574957,1,calib
GGG,2013J,574960,1,calib
GGG,2013J,574988,1,calib
GGG,2013J,575000,3,train
GGG,2013J,575061,4,train
GGG,2013J,575080,1,calib
GGG,2013J,575136,1,calib
GGG,2013J,575214,3,train
GGG,2013J,575355,1,calib
GGG,2013J,575454,1,calib
GGG,2013J,575488,4,train
GGG,2013J,575554,4,train
GGG,2013J,575559,3,train
GGG,2013J,575691,3,train
GGG,2013J,575720,4,train
GGG,2013J,575984,1,calib
GGG,2013J,576141,1,calib
GGG,2013J,576143,2,train
GGG,2013J,576371,1,calib
GGG,2013J,576425,4,train
GGG,2013J,576445,2,train
GGG,2013J,576447,4,train
GGG,2013J,576455,2,train
GGG,2013J,576488,0,test
GGG,2013J,576593,3,train
GGG,2013J,576654,2,train
GGG,2013J,576761,0,test
GGG,2013J,576948,2,train
GGG,2013J,577439,0,test
GGG,2013J,577456,3,train
GGG,2013J,577471,2,train
GGG,2013J,577780,4,train
GGG,2013J,577820,1,calib
GGG,2013J,577827,1,calib
GGG,2013J,577888,4,train
GGG,2013J,578140,2,train
GGG,2013J,578207,4,train
GGG,2013J,578375,2,train
GGG,2013J,578378,0,test
GGG,2013J,578555,1,calib
GGG,2013J,578666,2,train
GGG,2013J,578781,2,train
GGG,2013J,578940,4,train
GGG,2013J,578941,3,train
GGG,2013J,578977,3,train
GGG,2013J,579015,3,train
GGG,2013J,579020,0,test
GGG,2013J,579086,3,train
GGG,2013J,579164,0,test
GGG,2013J,579201,0,test
GGG,2013J,579203,4,train
GGG,2013J,579309,3,train
GGG,2013J,579381,0,test
GGG,2013J,579528,4,train
GGG,2013J,579572,4,train
GGG,2013J,579661,4,train
GGG,2013J,580095,1,calib
GGG,2013J,580469,3,train
GGG,2013J,580669,1,calib
GGG,2013J,580860,1,calib
GGG,2013J,580870,0,test
GGG,2013J,580925,0,test
GGG,2013J,581003,3,train
GGG,2013J,581062,2,train
GGG,2013J,581063,4,train
GGG,2013J,581118,2,train
GGG,2013J,581178,2,train
GGG,2013J,581200,2,train
GGG,2013J,581239,0,test
GGG,2013J,581414,3,train
GGG,2013J,581485,0,test
GGG,2013J,581510,2,train
GGG,2013J,581606,1,calib
GGG,2013J,581652,3,train
GGG,2013J,581806,3,train
GGG,2013J,581889,4,train
GGG,2013J,581956,0,test
GGG,2013J,581965,3,train
GGG,2013J,582005,2,train
GGG,2013J,582039,0,test
GGG,2013J,582226,2,train
GGG,2013J,582250,4,train
GGG,2013J,582309,2,train
GGG,2013J,582420,1,calib
GGG,2013J,582460,0,test
GGG,2013J,582486,1,calib
GGG,2013J,582536,2,train
GGG,2013J,582568,0,test
GGG,2013J,582649,0,test
GGG,2013J,582697,4,train
GGG,2013J,582709,2,train
GGG,2013J,582710,0,test
GGG,2013J,583031,4,train
GGG,2013J,583146,0,test
GGG,2013J,583423,2,train
GGG,2013J,583502,0,test
GGG,2013J,583532,4,train
GGG,2013J,583607,1,calib
GGG,2013J,583623,0,test
GGG,2013J,583625,2,train
GGG,2013J,583664,3,train
GGG,2013J,583721,0,test
GGG,2013J,583730,1,calib
GGG,2013J,583827,2,train
GGG,2013J,583973,0,test
GGG,2013J,584143,3,train
GGG,2013J,584195,2,train
GGG,2013J,584299,3,train
GGG,2013J,584442,1,calib
GGG,2013J,584448,1,calib
GGG,2013J,584500,4,train
GGG,2013J,584509,0,test
GGG,2013J,584512,2,train
GGG,2013J,584710,3,train
GGG,2013J,584712,1,calib
GGG,2013J,584733,3,train
GGG,2013J,584827,2,train
GGG,2013J,584836,4,train
GGG,2013J,584844,0,test
GGG,2013J,584850,1,calib
GGG,2013J,584908,1,calib
GGG,2013J,584942,4,train
GGG,2013J,584969,1,calib
GGG,2013J,585025,2,train
GGG,2013J,585041,4,train
GGG,2013J,585058,3,train
GGG,2013J,585114,1,calib
GGG,2013J,585141,4,train
GGG,2013J,585145,2,train
GGG,2013J,585147,3,train
GGG,2013J,585156,4,train
GGG,2013J,585199,1,calib
GGG,2013J,585201,3,train
GGG,2013J,585236,0,test
GGG,2013J,585297,1,calib
GGG,2013J,585445,3,train
GGG,2013J,585457,2,train
GGG,2013J,585518,4,train
GGG,2013J,585577,3,train
GGG,2013J,585608,1,calib
GGG,2013J,585613,3,train
GGG,2013J,585668,2,train
GGG,2013J,585702,4,train
GGG,2013J,585768,0,test
GGG,2013J,585801,2,train
GGG,2013J,585841,2,train
GGG,2013J,585847,3,train
GGG,2013J,586083,3,train
GGG,2013J,586120,3,train
GGG,2013J,586158,3,train
GGG,2013J,586196,1,calib
GGG,2013J,586287,0,test
GGG,2013J,586324,4,train
GGG,2013J,586337,2,train
GGG,2013J,586367,1,calib
GGG,2013J,586370,4,train
GGG,2013J,586423,1,calib
GGG,2013J,586493,0,test
GGG,2013J,586502,3,train
GGG,2013J,586524,1,calib
GGG,2013J,586563,4,train
GGG,2013J,586598,4,train
GGG,2013J,586639,4,train
GGG,2013J,586660,0,test
GGG,2013J,586689,1,calib
GGG,2013J,586787,4,train
GGG,2013J,586814,3,train
GGG,2013J,586818,0,test
GGG,2013J,586914,4,train
GGG,2013J,586981,0,test
GGG,2013J,587004,0,test
GGG,2013J,587150,0,test
GGG,2013J,587161,2,train
GGG,2013J,587183,3,train
GGG,2013J,587275,3,train
GGG,2013J,587283,2,train
GGG,2013J,587330,4,train
GGG,2013J,587362,2,train
GGG,2013J,587374,0,test
GGG,2013J,587478,4,train
GGG,2013J,587506,2,train
GGG,2013J,587509,4,train
GGG,2013J,587523,0,test
GGG,2013J,587529,1,calib
GGG,2013J,587555,4,train
GGG,2013J,587852,2,train
GGG,2013J,587975,3,train
GGG,2013J,587997,0,test
GGG,2013J,588008,4,train
GGG,2013J,588014,3,train
GGG,2013J,588078,0,test
GGG,2013J,588105,4,train
GGG,2013J,588106,3,train
GGG,2013J,588133,1,calib
GGG,2013J,588138,2,train
GGG,2013J,588233,4,train
GGG,2013J,588289,2,train
GGG,2013J,588314,4,train
GGG,2013J,588363,4,train
GGG,2013J,588367,0,test
GGG,2013J,588382,1,calib
GGG,2013J,588391,2,train
GGG,2013J,588411,0,test
GGG,2013J,588469,3,train
GGG,2013J,588505,3,train
GGG,2013J,588522,1,calib
GGG,2013J,588528,2,train
GGG,2013J,588781,1,calib
GGG,2013J,588944,2,train
GGG,2013J,588963,1,calib
GGG,2013J,589048,3,train
GGG,2013J,589126,4,train
GGG,2013J,589147,3,train
GGG,2013J,589198,4,train
GGG,2013J,589377,0,test
GGG,2013J,589395,3,train
GGG,2013J,589493,4,train
GGG,2013J,589507,2,train
GGG,2013J,589558,2,train
GGG,2013J,589690,4,train
GGG,2013J,589691,4,train
GGG,2013J,589702,0,test
GGG,2013J,589734,1,calib
GGG,2013J,589744,4,train
GGG,2013J,589748,4,train
GGG,2013J,589845,2,train
GGG,2013J,589914,3,train
GGG,2013J,589919,0,test
GGG,2013J,589927,1,calib
GGG,2013J,589990,2,train
GGG,2013J,590028,1,calib
GGG,2013J,590034,0,test
GGG,2013J,590046,1,calib
GGG,2013J,590147,1,calib
GGG,2013J,590213,2,train
GGG,2013J,590215,3,train
GGG,2013J,590248,1,calib
GGG,2013J,590251,0,test
GGG,2013J,590353,3,train
GGG,2013J,590540,1,calib
GGG,2013J,590590,3,train
GGG,2013J,590593,4,train
GGG,2013J,590662,2,train
GGG,2013J,590711,2,train
GGG,2013J,590764,2,train
GGG,2013J,590835,1,calib
GGG,2013J,590836,3,train
GGG,2013J,590864,2,train
GGG,2013J,591179,0,test
GGG,2013J,591198,1,calib
GGG,2013J,591216,4,train
GGG,2013J,591225,0,test
GGG,2013J,591243,2,train
GGG,2013J,591255,3,train
GGG,2013J,591294,2,train
GGG,2013J,591321,0,test
GGG,2013J,591409,1,calib
GGG,2013J,591464,2,train
GGG,2013J,591549,3,train
GGG,2013J,591588,1,calib
GGG,2013J,591602,2,train
GGG,2013J,591671,2,train
GGG,2013J,591804,1,calib
GGG,2013J,591814,2,train
GGG,2013J,591819,0,test
GGG,2013J,591822,3,train
GGG,2013J,591837,3,train
GGG,2013J,591849,4,train
GGG,2013J,591859,1,calib
GGG,2013J,591873,3,train
GGG,2013J,592043,0,test
GGG,2013J,592056,3,train
GGG,2013J,592059,4,train
GGG,2013J,592127,2,train
GGG,2013J,592245,0,test
GGG,2013J,592248,1,calib
GGG,2013J,592272,0,test
GGG,2013J,592287,0,test
GGG,2013J,592361,2,train
GGG,2013J,592444,2,train
GGG,2013J,592448,4,train
GGG,2013J,592451,2,train
GGG,2013J,592660,2,train
GGG,2013J,592737,0,test
GGG,2013J,592880,4,train
GGG,2013J,592882,0,test
GGG,2013J,593010,2,train
GGG,2013J,593013,3,train
GGG,2013J,593017,4,train
GGG,2013J,593127,0,test
GGG,2013J,593246,3,train
GGG,2013J,593337,0,test
GGG,2013J,593431,1,calib
GGG,2013J,593438,2,train
GGG,2013J,593540,1,calib
GGG,2013J,593546,2,train
GGG,2013J,593569,4,train
GGG,2013J,593734,0,test
GGG,2013J,593793,1,calib
GGG,2013J,593819,4,train
GGG,2013J,593840,0,test
GGG,2013J,593842,4,train
GGG,2013J,593858,3,train
GGG,2013J,593954,0,test
GGG,2013J,594185,4,train
GGG,2013J,594188,1,calib
GGG,2013J,594196,2,train
GGG,2013J,594450,1,calib
GGG,2013J,594554,3,train
GGG,2013J,594625,2,train
GGG,2013J,594727,2,train
GGG,2013J,594745,0,test
GGG,2013J,594771,2,train
GGG,2013J,594816,4,train
GGG,2013J,594834,0,test
GGG,2013J,594901,4,train
GGG,2013J,594910,1,calib
GGG,2013J,594943,0,test
GGG,2013J,595185,4,train
GGG,2013J,595256,1,calib
GGG,2013J,595305,1,calib
GGG,2013J,595335,1,calib
GGG,2013J,595365,3,train
GGG,2013J,595434,2,train
GGG,2013J,595440,3,train
GGG,2013J,595474,0,test
GGG,2013J,595496,2,train
GGG,2013J,595501,3,train
GGG,2013J,595535,2,train
GGG,2013J,595686,2,train
GGG,2013J,595908,2,train
GGG,2013J,595927,2,train
GGG,2013J,595977,2,train
GGG,2013J,596071,4,train
GGG,2013J,596075,1,calib
GGG,2013J,596089,2,train
GGG,2013J,596091,2,train
GGG,2013J,596143,1,calib
GGG,2013J,596208,0,test
GGG,2013J,596214,1,calib
GGG,2013J,596221,2,train
GGG,2013J,596255,1,calib
GGG,2013J,596301,0,test
GGG,2013J,596358,2,train
GGG,2013J,596376,2,train
GGG,2013J,596527,2,train
GGG,2013J,596618,0,test
GGG,2013J,596636,0,test
GGG,2013J,596694,3,train
GGG,2013J,596697,4,train
GGG,2013J,596801,1,calib
GGG,2013J,596819,0,test
GGG,2013J,596824,4,train
GGG,2013J,596943,1,calib
GGG,2013J,597023,4,train
GGG,2013J,597045,2,train
GGG,2013J,597058,4,train
GGG,2013J,597060,0,test
GGG,2013J,597097,4,train
GGG,2013J,597114,1,calib
GGG,2013J,597152,4,train
GGG,2013J,597212,1,calib
GGG,2013J,597253,1,calib
GGG,2013J,597289,3,train
GGG,2013J,597299,1,calib
GGG,2013J,597333,1,calib
GGG,2013J,597360,2,train
GGG,2013J,597515,2,train
GGG,2013J,597597,3,train
GGG,2013J,597617,2,train
GGG,2013J,597669,0,test
GGG,2013J,597936,0,test
GGG,2013J,597941,3,train
GGG,2013J,597971,0,test
GGG,2013J,598107,1,calib
GGG,2013J,598139,3,train
GGG,2013J,598176,2,train
GGG,2013J,598178,1,calib
GGG,2013J,598226,4,train
GGG,2013J,598327,4,train
GGG,2013J,598406,2,train
GGG,2013J,598420,4,train
GGG,2013J,598421,3,train
GGG,2013J,598546,0,test
GGG,2013J,598667,0,test
GGG,2013J,598717,0,test
GGG,2013J,598731,3,train
GGG,2013J,598762,1,calib
GGG,2013J,598788,0,test
GGG,2013J,598824,4,train
GGG,2013J,598840,3,train
GGG,2013J,598921,3,train
GGG,2013J,598923,4,train
GGG,2013J,599000,4,train
GGG,2013J,599009,2,train
GGG,2013J,599080,1,calib
GGG,2013J,599267,0,test
GGG,2013J,599278,0,test
GGG,2013J,599306,2,train
GGG,2013J,599385,1,calib
GGG,2013J,599410,2,train
GGG,2013J,599448,4,train
GGG,2013J,599499,4,train
GGG,2013J,599503,0,test
GGG,2013J,599529,4,train
GGG,2013J,599553,2,train
GGG,2013J,599804,0,test
GGG,2013J,599815,3,train
GGG,2013J,599853,1,calib
GGG,2013J,599963,4,train
GGG,2013J,600032,4,train
GGG,2013J,600081,1,calib
GGG,2013J,600097,3,train
GGG,2013J,600202,1,calib
GGG,2013J,600266,0,test
GGG,2013J,600273,1,calib
GGG,2013J,600277,2,train
GGG,2013J,600305,1,calib
GGG,2013J,600315,2,train
GGG,2013J,600320,3,train
GGG,2013J,600325,4,train
GGG,2013J,600461,0,test
GGG,2013J,600471,1,calib
GGG,2013J,600514,3,train
GGG,2013J,600566,2,train
GGG,2013J,600606,4,train
GGG,2013J,600645,0,test
GGG,2013J,600733,4,train
GGG,2013J,600895,2,train
GGG,2013J,600906,3,train
GGG,2013J,600908,0,test
GGG,2013J,601122,3,train
GGG,2013J,601123,2,train
GGG,2013J,601125,1,calib
GGG,2013J,601126,3,train
GGG,2013J,601132,1,calib
GGG,2013J,601199,2,train
GGG,2013J,601239,2,train
GGG,2013J,601275,4,train
GGG,2013J,601276,1,calib
GGG,2013J,601280,2,train
GGG,2013J,601319,0,test
GGG,2013J,601360,4,train
GGG,2013J,601414,2,train
GGG,2013J,601464,3,train
GGG,2013J,601465,0,test
GGG,2013J,601511,4,train
GGG,2013J,601529,3,train
GGG,2013J,601534,4,train
GGG,2013J,601546,2,train
GGG,2013J,601576,0,test
GGG,2013J,601581,0,test
GGG,2013J,601605,4,train
GGG,2013J,601645,2,train
GGG,2013J,601854,3,train
GGG,2013J,601892,2,train
GGG,2013J,601914,4,train
GGG,2013J,601939,1,calib
GGG,2013J,601963,0,test
GGG,2013J,601983,1,calib
GGG,2013J,601997,3,train
GGG,2013J,602004,4,train
GGG,2013J,602023,4,train
GGG,2013J,602026,1,calib
GGG,2013J,602072,4,train
GGG,2013J,602168,2,train
GGG,2013J,602175,3,train
GGG,2013J,602401,0,test
GGG,2013J,602470,3,train
GGG,2013J,602531,4,train
GGG,2013J,602573,1,calib
GGG,2013J,602604,3,train
GGG,2013J,602607,4,train
GGG,2013J,602655,0,test
GGG,2013J,602711,4,train
GGG,2013J,602768,4,train
GGG,2013J,602780,0,test
GGG,2013J,602820,2,train
GGG,2013J,602997,4,train
GGG,2013J,603044,0,test
GGG,2013J,603058,0,test
GGG,2013J,603164,2,train
GGG,2013J,603230,3,train
GGG,2013J,603328,2,train
GGG,2013J,603365,1,calib
GGG,2013J,603573,0,test
GGG,2013J,603579,2,train
GGG,2013J,603585,2,train
GGG,2013J,603685,0,test
GGG,2013J,603740,0,test
GGG,2013J,603763,4,train
GGG,2013J,603827,0,test
GGG,2013J,603913,0,test
GGG,2013J,603918,4,train
GGG,2013J,604064,2,train
GGG,2013J,604096,1,calib
GGG,2013J,604110,2,train
GGG,2013J,604153,0,test
GGG,2013J,604213,1,calib
GGG,2013J,604336,2,train
GGG,2013J,604423,4,train
GGG,2013J,604471,3,train
GGG,2013J,604498,4,train
GGG,2013J,604534,4,train
GGG,2013J,604536,2,train
GGG,2013J,604539,2,train
GGG,2013J,604588,3,train
GGG,2013J,604721,3,train
GGG,2013J,604930,2,train
GGG,2013J,604980,2,train
GGG,2013J,605027,4,train
GGG,2013J,605072,3,train
GGG,2013J,605156,4,train
GGG,2013J,605225,2,train
GGG,2013J,605301,2,train
GGG,2013J,605306,3,train
GGG,2013J,605325,2,train
GGG,2013J,605521,3,train
GGG,2013J,605692,1,calib
GGG,2013J,605733,0,test
GGG,2013J,605861,1,calib
GGG,2013J,605901,3,train
GGG,2013J,605920,4,train
GGG,2013J,605939,1,calib
GGG,2013J,605977,1,calib
GGG,2013J,606028,1,calib
GGG,2013J,606052,4,train
GGG,2013J,606233,1,calib
GGG,2013J,606245,4,train
GGG,2013J,606391,4,train
GGG,2013J,606409,3,train
GGG,2013J,606418,1,calib
GGG,2013J,606435,2,train
GGG,2013J,606463,1,calib
GGG,2013J,606471,3,train
GGG,2013J,606497,4,train
GGG,2013J,606570,3,train
GGG,2013J,606574,2,train
GGG,2013J,606815,1,calib
GGG,2013J,606864,1,calib
GGG,2013J,606869,2,train
GGG,2013J,606895,0,test
GGG,2013J,607018,2,train
GGG,2013J,607163,1,calib
GGG,2013J,607256,1,calib
GGG,2013J,607293,3,train
GGG,2013J,607337,3,train
GGG,2013J,607443,3,train
GGG,2013J,607483,1,calib
GGG,2013J,607507,1,calib
GGG,2013J,607510,2,train
GGG,2013J,607514,4,train
GGG,2013J,607548,2,train
GGG,2013J,607754,3,train
GGG,2013J,607797,2,train
GGG,2013J,607798,3,train
GGG,2013J,607827,1,calib
GGG,2013J,607849,4,train
GGG,2013J,607912,3,train
GGG,2013J,607957,0,test
GGG,2013J,608114,2,train
GGG,2013J,608115,4,train
GGG,2013J,608195,4,train
GGG,2013J,608306,1,calib
GGG,2013J,608318,2,train
GGG,2013J,608672,4,train
GGG,2013J,608693,0,test
GGG,2013J,608714,2,train
GGG,2013J,609330,2,train
GGG,2013J,609399,3,train
GGG,2013J,609403,3,train
GGG,2013J,609535,4,train
GGG,2013J,609538,1,calib
GGG,2013J,609557,3,train
GGG,2013J,609567,4,train
GGG,2013J,609761,0,test
GGG,2013J,609837,0,test
GGG,2013J,609900,0,test
GGG,2013J,609912,2,train
GGG,2013J,609979,2,train
GGG,2013J,610012,4,train
GGG,2013J,610016,3,train
GGG,2013J,610057,0,test
GGG,2013J,610347,2,train
GGG,2013J,610380,4,train
GGG,2013J,610405,1,calib
GGG,2013J,610530,0,test
GGG,2013J,610557,0,test
GGG,2013J,610569,3,train
GGG,2013J,610573,4,train
GGG,2013J,610597,1,calib
GGG,2013J,610738,0,test
GGG,2013J,610739,2,train
GGG,2013J,610749,2,train
GGG,2013J,611058,0,test
GGG,2013J,611138,1,calib
GGG,2013J,611177,2,train
GGG,2013J,611215,4,train
GGG,2013J,611218,3,train
GGG,2013J,611241,1,calib
GGG,2013J,611331,0,test
GGG,2013J,611580,4,train
GGG,2013J,612986,2,train
GGG,2013J,1319732,4,train
GGG,2013J,1341096,4,train
GGG,2013J,1347253,2,train
GGG,2013J,1470552,1,calib
GGG,2013J,1498979,1,calib
GGG,2013J,1516666,3,train
GGG,2013J,1537673,4,train
GGG,2013J,1615575,2,train
GGG,2013J,1674804,0,test
GGG,2013J,1678445,0,test
GGG,2013J,1699264,1,calib
GGG,2013J,1720448,3,train
GGG,2013J,1729833,0,test
GGG,2013J,1756915,3,train
GGG,2013J,1813731,3,train
GGG,2013J,1828078,2,train
GGG,2013J,1830666,4,train
GGG,2013J,1873505,2,train
GGG,2013J,1930019,2,train
GGG,2013J,1932526,2,train
GGG,2013J,1953764,2,train
GGG,2013J,1969985,3,train
GGG,2013J,1986974,1,calib
GGG,2013J,1993905,1,calib
GGG,2013J,2002057,1,calib
GGG,2013J,2019921,0,test
GGG,2013J,2035700,1,calib
GGG,2013J,2048119,4,train
GGG,2013J,2067146,0,test
GGG,2013J,2152928,0,test
GGG,2013J,2174129,2,train
GGG,2013J,2180994,3,train
GGG,2013J,2181700,1,calib
GGG,2013J,2237783,4,train
GGG,2013J,2246073,0,test
GGG,2013J,2248072,3,train
GGG,2013J,2248779,1,calib
GGG,2013J,2248789,2,train
GGG,2013J,2254271,3,train
GGG,2013J,2271264,3,train
GGG,2013J,2280643,2,train
GGG,2013J,2285156,0,test
GGG,2013J,2312783,2,train
GGG,2013J,2343354,0,test
GGG,2013J,2349926,3,train
GGG,2013J,2365602,1,calib
GGG,2013J,2369187,1,calib
GGG,2013J,2379431,2,train
GGG,2013J,2386281,0,test
GGG,2013J,2387566,4,train
GGG,2013J,2394352,0,test
GGG,2013J,2417702,3,train
GGG,2013J,2420364,0,test
GGG,2013J,2440133,4,train
GGG,2013J,2458203,4,train
GGG,2013J,2462584,2,train
GGG,2013J,2464917,1,calib
GGG,2013J,2477040,3,train
GGG,2013J,2482885,2,train
GGG,2013J,2498139,1,calib
GGG,2013J,2511859,2,train
GGG,2013J,2516931,3,train
GGG,2013J,2519972,3,train
GGG,2013J,2540288,4,train
GGG,2013J,2540450,0,test
GGG,2013J,2542291,2,train
GGG,2013J,2542342,0,test
GGG,2013J,2555098,4,train
GGG,2013J,2561971,2,train
GGG,2013J,2591672,4,train
GGG,2013J,2599817,1,calib
GGG,2013J,2621695,2,train
GGG,2013J,2638532,1,calib
GGG,2013J,2643122,0,test
GGG,2013J,2649341,0,test
GGG,2013J,2653027,1,calib
GGG,2013J,2656100,2,train
GGG,2013J,2670570,1,calib
GGG,2013J,2673510,2,train
GGG,2013J,2674822,1,calib
GGG,2013J,2679386,3,train
GGG,2013J,2679694,4,train
GGG,2014B,24186,4,train
GGG,2014B,29985,3,train
GGG,2014B,31107,4,train
GGG,2014B,38187,0,test
GGG,2014B,41414,3,train
GGG,2014B,49123,1,calib
GGG,2014B,64901,0,test
GGG,2014B,81754,4,train
GGG,2014B,96423,3,train
GGG,2014B,109772,2,train
GGG,2014B,112441,1,calib
GGG,2014B,116319,4,train
GGG,2014B,117969,4,train
GGG,2014B,118474,1,calib
GGG,2014B,119444,4,train
GGG,2014B,120611,0,test
GGG,2014B,122337,3,train
GGG,2014B,124944,3,train
GGG,2014B,131820,4,train
GGG,2014B,133068,0,test
GGG,2014B,134123,1,calib
GGG,2014B,139329,1,calib
GGG,2014B,145388,0,test
GGG,2014B,146192,3,train
GGG,2014B,152671,0,test
GGG,2014B,159571,0,test
GGG,2014B,160479,3,train
GGG,2014B,160945,1,calib
GGG,2014B,164211,2,train
GGG,2014B,164451,0,test
GGG,2014B,165898,1,calib
GGG,2014B,168845,1,calib
GGG,2014B,178935,0,test
GGG,2014B,184137,3,train
GGG,2014B,191235,2,train
GGG,2014B,198315,4,train
GGG,2014B,203963,4,train
GGG,2014B,204550,1,calib
GGG,2014B,204738,4,train
GGG,2014B,233461,4,train
GGG,2014B,245802,3,train
GGG,2014B,254417,1,calib
GGG,2014B,261342,0,test
GGG,2014B,278962,1,calib
GGG,2014B,279839,1,calib
GGG,2014B,282388,1,calib
GGG,2014B,282962,0,test
GGG,2014B,283035,2,train
GGG,2014B,285193,2,train
GGG,2014B,285223,4,train
GGG,2014B,285861,3,train
GGG,2014B,299536,1,calib
GGG,2014B,301498,3,train
GGG,2014B,304106,1,calib
GGG,2014B,305792,3,train
GGG,2014B,324773,4,train
GGG,2014B,344098,3,train
GGG,2014B,345737,1,calib
GGG,2014B,345881,2,train
GGG,2014B,350473,2,train
GGG,2014B,359645,0,test
GGG,2014B,365084,4,train
GGG,2014B,366371,0,test
GGG,2014B,366771,2,train
GGG,2014B,372837,0,test
GGG,2014B,374266,4,train
GGG,2014B,380238,4,train
GGG,2014B,380894,1,calib
GGG,2014B,383420,1,calib
GGG,2014B,384035,1,calib
GGG,2014B,385228,1,calib
GGG,2014B,387294,3,train
GGG,2014B,391937,2,train
GGG,2014B,393682,0,test
GGG,2014B,394024,2,train
GGG,2014B,398029,2,train
GGG,2014B,399120,2,train
GGG,2014B,401909,2,train
GGG,2014B,406751,4,train
GGG,2014B,411546,0,test
GGG,2014B,414668,1,calib
GGG,2014B,414696,4,train
GGG,2014B,415399,4,train
GGG,2014B,415818,4,train
GGG,2014B,417096,2,train
GGG,2014B,425257,2,train
GGG,2014B,426547,1,calib
GGG,2014B,441791,0,test
GGG,2014B,442561,2,train
GGG,2014B,442618,1,calib
GGG,2014B,442877,2,train
GGG,2014B,442949,4,train
GGG,2014B,443387,2,train
GGG,2014B,447475,0,test
GGG,2014B,469284,0,test
GGG,2014B,472511,4,train
GGG,2014B,480086,2,train
GGG,2014B,480590,3,train
GGG,2014B,481762,1,calib
GGG,2014B,482677,3,train
GGG,2014B,483582,1,calib
GGG,2014B,485448,0,test
GGG,2014B,486279,4,train
GGG,2014B,487278,2,train
GGG,2014B,488445,4,train
GGG,2014B,491474,0,test
GGG,2014B,491607,4,train
GGG,2014B,492909,1,calib
GGG,2014B,495976,4,train
GGG,2014B,496978,0,test
GGG,2014B,497619,1,calib
GGG,2014B,501755,4,train
GGG,2014B,502182,0,test
GGG,2014B,502709,2,train
GGG,2014B,502763,3,train
GGG,2014B,503201,4,train
GGG,2014B,506533,3,train
GGG,2014B,507334,3,train
GGG,2014B,508573,2,train
GGG,2014B,508924,0,test
GGG,2014B,510874,4,train
GGG,2014B,511228,0,test
GGG,2014B,511492,3,train
GGG,2014B,515051,0,test
GGG,2014B,518145,3,train
GGG,2014B,518661,2,train
GGG,2014B,519910,3,train
GGG,2014B,521644,3,train
GGG,2014B,523427,4,train
GGG,2014B,532441,2,train
GGG,2014B,532473,1,calib
GGG,2014B,533054,1,calib
GGG,2014B,538918,1,calib
GGG,2014B,541044,0,test
GGG,2014B,541890,4,train
GGG,2014B,542562,4,train
GGG,2014B,543910,0,test
GGG,2014B,545665,4,train
GGG,2014B,547155,2,train
GGG,2014B,548578,3,train
GGG,2014B,549603,2,train
GGG,2014B,550515,4,train
GGG,2014B,550662,2,train
GGG,2014B,550758,1,calib
GGG,2014B,551562,3,train
GGG,2014B,552486,4,train
GGG,2014B,552509,3,train
GGG,2014B,553640,4,train
GGG,2014B,556406,4,train
GGG,2014B,556463,0,test
GGG,2014B,561441,2,train
GGG,2014B,562628,1,calib
GGG,2014B,563301,4,train
GGG,2014B,566818,1,calib
GGG,2014B,568572,3,train
GGG,2014B,568863,2,train
GGG,2014B,569093,4,train
GGG,2014B,571089,0,test
GGG,2014B,573834,4,train
GGG,2014B,575199,2,train
GGG,2014B,575217,3,train
GGG,2014B,575324,1,calib
GGG,2014B,575693,4,train
GGG,2014B,575709,4,train
GGG,2014B,576416,1,calib
GGG,2014B,576658,3,train
GGG,2014B,577000,2,train
GGG,2014B,577136,2,train
GGG,2014B,577275,3,train
GGG,2014B,577474,3,train
GGG,2014B,577792,0,test
GGG,2014B,578389,3,train
GGG,2014B,578452,2,train
GGG,2014B,578845,3,train
GGG,2014B,579692,3,train
GGG,2014B,582033,4,train
GGG,2014B,582283,2,train
GGG,2014B,583101,4,train
GGG,2014B,583148,4,train
GGG,2014B,583686,4,train
GGG,2014B,583687,0,test
GGG,2014B,586054,2,train
GGG,2014B,586494,1,calib
GGG,2014B,587287,1,calib
GGG,2014B,587613,0,test
GGG,2014B,588031,4,train
GGG,2014B,588489,4,train
GGG,2014B,588940,0,test
GGG,2014B,589009,4,train
GGG,2014B,589053,4,train
GGG,2014B,589973,0,test
GGG,2014B,590445,0,test
GGG,2014B,590739,4,train
GGG,2014B,590758,1,calib
GGG,2014B,591563,1,calib
GGG,2014B,592001,0,test
GGG,2014B,592190,4,train
GGG,2014B,593121,2,train
GGG,2014B,593785,3,train
GGG,2014B,593965,1,calib
GGG,2014B,594167,0,test
GGG,2014B,594723,3,train
GGG,2014B,594908,3,train
GGG,2014B,595102,1,calib
GGG,2014B,595343,4,train
GGG,2014B,595572,4,train
GGG,2014B,596307,4,train
GGG,2014B,596382,4,train
GGG,2014B,596513,3,train
GGG,2014B,596588,2,train
GGG,2014B,596751,1,calib
GGG,2014B,597010,3,train
GGG,2014B,597037,1,calib
GGG,2014B,598017,4,train
GGG,2014B,598127,2,train
GGG,2014B,598496,4,train
GGG,2014B,598564,3,train
GGG,2014B,599144,1,calib
GGG,2014B,599276,3,train
GGG,2014B,599277,3,train
GGG,2014B,599467,3,train
GGG,2014B,599620,4,train
GGG,2014B,600035,2,train
GGG,2014B,600390,1,calib
GGG,2014B,600714,3,train
GGG,2014B,601064,1,calib
GGG,2014B,602045,0,test
GGG,2014B,602061,1,calib
GGG,2014B,602616,1,calib
GGG,2014B,602655,0,test
GGG,2014B,602858,2,train
GGG,2014B,602997,4,train
GGG,2014B,603064,4,train
GGG,2014B,603124,4,train
GGG,2014B,603612,4,train
GGG,2014B,603921,1,calib
GGG,2014B,604482,0,test
GGG,2014B,604504,2,train
GGG,2014B,604901,4,train
GGG,2014B,605176,4,train
GGG,2014B,605375,4,train
GGG,2014B,605445,4,train
GGG,2014B,605556,1,calib
GGG,2014B,605702,3,train
GGG,2014B,605828,1,calib
GGG,2014B,606101,3,train
GGG,2014B,606175,3,train
GGG,2014B,606274,3,train
GGG,2014B,606296,2,train
GGG,2014B,606389,1,calib
GGG,2014B,606602,4,train
GGG,2014B,606705,3,train
GGG,2014B,606707,2,train
GGG,2014B,606858,0,test
GGG,2014B,607235,4,train
GGG,2014B,607530,4,train
GGG,2014B,607536,1,calib
GGG,2014B,607547,4,train
GGG,2014B,607738,0,test
GGG,2014B,607762,1,calib
GGG,2014B,608109,0,test
GGG,2014B,608221,0,test
GGG,2014B,608263,1,calib
GGG,2014B,608292,3,train
GGG,2014B,608596,1,calib
GGG,2014B,608628,0,test
GGG,2014B,608649,3,train
GGG,2014B,608907,0,test
GGG,2014B,609297,0,test
GGG,2014B,609326,1,calib
GGG,2014B,609365,4,train
GGG,2014B,609754,4,train
GGG,2014B,610127,3,train
GGG,2014B,610336,0,test
GGG,2014B,610398,3,train
GGG,2014B,610461,3,train
GGG,2014B,610917,2,train
GGG,2014B,610967,2,train
GGG,2014B,611195,1,calib
GGG,2014B,611351,2,train
GGG,2014B,611489,4,train
GGG,2014B,611496,0,test
GGG,2014B,611534,1,calib
GGG,2014B,611612,2,train
GGG,2014B,611629,3,train
GGG,2014B,611962,1,calib
GGG,2014B,612002,4,train
GGG,2014B,612039,2,train
GGG,2014B,612089,4,train
GGG,2014B,612149,0,test
GGG,2014B,612207,3,train
GGG,2014B,612319,1,calib
GGG,2014B,612363,0,test
GGG,2014B,612385,4,train
GGG,2014B,612459,4,train
GGG,2014B,612565,4,train
GGG,2014B,612620,1,calib
GGG,2014B,612621,2,train
GGG,2014B,612690,1,calib
GGG,2014B,612709,0,test
GGG,2014B,612711,4,train
GGG,2014B,612797,1,calib
GGG,2014B,612870,1,calib
GGG,2014B,612903,4,train
GGG,2014B,612929,3,train
GGG,2014B,613015,4,train
GGG,2014B,613039,2,train
GGG,2014B,613131,4,train
GGG,2014B,613227,1,calib
GGG,2014B,613235,2,train
GGG,2014B,613300,4,train
GGG,2014B,613407,3,train
GGG,2014B,613611,4,train
GGG,2014B,613616,0,test
GGG,2014B,613639,4,train
GGG,2014B,613646,0,test
GGG,2014B,613675,2,train
GGG,2014B,613683,4,train
GGG,2014B,613691,0,test
GGG,2014B,613720,1,calib
GGG,2014B,613972,4,train
GGG,2014B,613981,1,calib
GGG,2014B,613988,4,train
GGG,2014B,613993,2,train
GGG,2014B,614073,4,train
GGG,2014B,614129,4,train
GGG,2014B,614142,3,train
GGG,2014B,614162,2,train
GGG,2014B,614204,1,calib
GGG,2014B,614224,4,train
GGG,2014B,614233,0,test
GGG,2014B,614249,2,train
GGG,2014B,614262,0,test
GGG,2014B,614398,0,test
GGG,2014B,614419,4,train
GGG,2014B,614424,1,calib
GGG,2014B,614571,3,train
GGG,2014B,614582,2,train
GGG,2014B,614892,2,train
GGG,2014B,614893,3,train
GGG,2014B,615001,1,calib
GGG,2014B,615078,2,train
GGG,2014B,615085,3,train
GGG,2014B,615103,1,calib
GGG,2014B,615283,1,calib
GGG,2014B,615300,3,train
GGG,2014B,615327,3,train
GGG,2014B,615377,3,train
GGG,2014B,615401,2,train
GGG,2014B,615404,2,train
GGG,2014B,615425,3,train
GGG,2014B,615487,1,calib
GGG,2014B,616338,0,test
GGG,2014B,616457,1,calib
GGG,2014B,616512,4,train
GGG,2014B,616595,4,train
GGG,2014B,616629,1,calib
GGG,2014B,616672,1,calib
GGG,2014B,616706,0,test
GGG,2014B,616727,2,train
GGG,2014B,616728,3,train
GGG,2014B,616742,4,train
GGG,2014B,616851,3,train
GGG,2014B,616866,1,calib
GGG,2014B,617107,3,train
GGG,2014B,617114,2,train
GGG,2014B,617133,4,train
GGG,2014B,617238,2,train
GGG,2014B,617346,2,train
GGG,2014B,617347,0,test
GGG,2014B,617391,2,train
GGG,2014B,617470,2,train
GGG,2014B,617578,3,train
GGG,2014B,617611,2,train
GGG,2014B,617700,3,train
GGG,2014B,617745,0,test
GGG,2014B,617883,3,train
GGG,2014B,617886,1,calib
GGG,2014B,617889,0,test
GGG,2014B,617909,4,train
GGG,2014B,618024,4,train
GGG,2014B,618088,3,train
GGG,2014B,618119,2,train
GGG,2014B,618176,0,test
GGG,2014B,618244,3,train
GGG,2014B,618338,2,train
GGG,2014B,618444,0,test
GGG,2014B,618579,2,train
GGG,2014B,618580,3,train
GGG,2014B,618621,4,train
GGG,2014B,618767,2,train
GGG,2014B,618846,1,calib
GGG,2014B,618887,0,test
GGG,2014B,618893,1,calib
GGG,2014B,619013,2,train
GGG,2014B,619107,3,train
GGG,2014B,619212,4,train
GGG,2014B,619284,1,calib
GGG,2014B,619363,1,calib
GGG,2014B,619478,0,test
GGG,2014B,619481,3,train
GGG,2014B,619483,3,train
GGG,2014B,619520,2,train
GGG,2014B,619926,0,test
GGG,2014B,619945,0,test
GGG,2014B,619952,1,calib
GGG,2014B,620179,0,test
GGG,2014B,620190,2,train
GGG,2014B,620197,3,train
GGG,2014B,620218,1,calib
GGG,2014B,620317,2,train
GGG,2014B,620460,0,test
GGG,2014B,620490,3,train
GGG,2014B,620522,4,train
GGG,2014B,620552,2,train
GGG,2014B,620561,3,train
GGG,2014B,620564,4,train
GGG,2014B,620590,1,calib
GGG,2014B,620629,3,train
GGG,2014B,620726,1,calib
GGG,2014B,620728,3,train
GGG,2014B,620808,1,calib
GGG,2014B,620915,4,train
GGG,2014B,620946,0,test
GGG,2014B,620956,3,train
GGG,2014B,620982,4,train
GGG,2014B,621017,2,train
GGG,2014B,621025,3,train
GGG,2014B,621319,4,train
GGG,2014B,621331,1,calib
GGG,2014B,621342,3,train
GGG,2014B,621459,2,train
GGG,2014B,621473,3,train
GGG,2014B,621478,0,test
GGG,2014B,621676,2,train
GGG,2014B,621693,0,test
GGG,2014B,621716,2,train
GGG,2014B,621755,2,train
GGG,2014B,621888,3,train
GGG,2014B,621923,3,train
GGG,2014B,622074,1,calib
GGG,2014B,622166,4,train
GGG,2014B,622245,0,test
GGG,2014B,622252,1,calib
GGG,2014B,622352,0,test
GGG,2014B,622356,0,test
GGG,2014B,622382,0,test
GGG,2014B,622387,3,train
GGG,2014B,622432,0,test
GGG,2014B,622433,1,calib
GGG,2014B,622480,1,calib
GGG,2014B,622482,2,train
GGG,2014B,622500,0,test
GGG,2014B,622516,1,calib
GGG,2014B,622570,3,train
GGG,2014B,622618,0,test
GGG,2014B,622646,0,test
GGG,2014B,622886,3,train
GGG,2014B,623010,2,train
GGG,2014B,623029,4,train
GGG,2014B,623072,3,train
GGG,2014B,623081,3,train
GGG,2014B,623233,0,test
GGG,2014B,623322,0,test
GGG,2014B,623335,0,test
GGG,2014B,623416,2,train
GGG,2014B,623418,0,test
GGG,2014B,623442,2,train
GGG,2014B,623457,1,calib
GGG,2014B,623495,3,train
GGG,2014B,623575,4,train
GGG,2014B,623602,3,train
GGG,2014B,623778,3,train
GGG,2014B,623804,1,calib
GGG,2014B,623831,4,train
GGG,2014B,623859,1,calib
GGG,2014B,623903,0,test
GGG,2014B,623909,0,test
GGG,2014B,623919,4,train
GGG,2014B,623953,2,train
GGG,2014B,623988,1,calib
GGG,2014B,624099,1,calib
GGG,2014B,624199,0,test
GGG,2014B,624226,0,test
GGG,2014B,624230,3,train
GGG,2014B,624297,4,train
GGG,2014B,624321,4,train
GGG,2014B,624327,2,train
GGG,2014B,624430,1,calib
GGG,2014B,624433,1,calib
GGG,2014B,624455,3,train
GGG,2014B,624522,2,train
GGG,2014B,624569,1,calib
GGG,2014B,624650,2,train
GGG,2014B,624667,1,calib
GGG,2014B,624679,3,train
GGG,2014B,624706,2,train
GGG,2014B,624714,4,train
GGG,2014B,624727,0,test
GGG,2014B,624767,4,train
GGG,2014B,624777,2,train
GGG,2014B,624795,0,test
GGG,2014B,624828,2,train
GGG,2014B,624906,4,train
GGG,2014B,624912,1,calib
GGG,2014B,624938,3,train
GGG,2014B,624940,1,calib
GGG,2014B,625033,0,test
GGG,2014B,625079,2,train
GGG,2014B,625089,1,calib
GGG,2014B,625106,0,test
GGG,2014B,625376,0,test
GGG,2014B,625399,3,train
GGG,2014B,625446,4,train
GGG,2014B,625494,1,calib
GGG,2014B,625540,1,calib
GGG,2014B,625544,3,train
GGG,2014B,625545,4,train
GGG,2014B,625603,2,train
GGG,2014B,625649,3,train
GGG,2014B,625651,4,train
GGG,2014B,625676,3,train
GGG,2014B,625722,2,train
GGG,2014B,625775,1,calib
GGG,2014B,625875,0,test
GGG,2014B,625903,2,train
GGG,2014B,625912,1,calib
GGG,2014B,625930,4,train
GGG,2014B,626023,1,calib
GGG,2014B,626091,2,train
GGG,2014B,626092,3,train
GGG,2014B,626096,4,train
GGG,2014B,626145,3,train
GGG,2014B,626159,0,test
GGG,2014B,626213,4,train
GGG,2014B,626256,2,train
GGG,2014B,626282,1,calib
GGG,2014B,626287,2,train
GGG,2014B,626306,0,test
GGG,2014B,626307,2,train
GGG,2014B,626317,1,calib
GGG,2014B,626372,2,train
GGG,2014B,626379,4,train
GGG,2014B,626585,4,train
GGG,2014B,626589,0,test
GGG,2014B,626618,0,test
GGG,2014B,626629,3,train
GGG,2014B,626667,2,train
GGG,2014B,626675,3,train
GGG,2014B,626708,3,train
GGG,2014B,626751,0,test
GGG,2014B,626927,4,train
GGG,2014B,626940,3,train
GGG,2014B,626982,1,calib
GGG,2014B,627043,3,train
GGG,2014B,627050,4,train
GGG,2014B,627057,0,test
GGG,2014B,627076,3,train
GGG,2014B,627217,4,train
GGG,2014B,627251,1,calib
GGG,2014B,627264,3,train
GGG,2014B,627327,3,train
GGG,2014B,627330,4,train
GGG,2014B,627441,3,train
GGG,2014B,627530,4,train
GGG,2014B,627597,4,train
GGG,2014B,627661,4,train
GGG,2014B,627764,4,train
GGG,2014B,627773,1,calib
GGG,2014B,627787,4,train
GGG,2014B,627812,3,train
GGG,2014B,627821,2,train
GGG,2014B,627827,4,train
GGG,2014B,627834,3,train
GGG,2014B,627843,1,calib
GGG,2014B,627895,0,test
GGG,2014B,627901,2,train
GGG,2014B,627973,4,train
GGG,2014B,628189,2,train
GGG,2014B,628217,1,calib
GGG,2014B,628227,0,test
GGG,2014B,628245,2,train
GGG,2014B,628280,4,train
GGG,2014B,628316,4,train
GGG,2014B,628365,1,calib
GGG,2014B,628367,0,test
GGG,2014B,628369,1,calib
GGG,2014B,628455,3,train
GGG,2014B,628495,4,train
GGG,2014B,628530,1,calib
GGG,2014B,628538,2,train
GGG,2014B,628545,4,train
GGG,2014B,628598,2,train
GGG,2014B,628630,3,train
GGG,2014B,628653,3,train
GGG,2014B,628669,1,calib
GGG,2014B,628712,2,train
GGG,2014B,628715,2,train
GGG,2014B,628722,1,calib
GGG,2014B,628759,2,train
GGG,2014B,628849,3,train
GGG,2014B,628851,1,calib
GGG,2014B,628869,4,train
GGG,2014B,628870,0,test
GGG,2014B,628881,2,train
GGG,2014B,628929,4,train
GGG,2014B,628931,1,calib
GGG,2014B,629153,4,train
GGG,2014B,629198,2,train
GGG,2014B,629310,2,train
GGG,2014B,629387,0,test
GGG,2014B,629514,1,calib
GGG,2014B,629537,3,train
GGG,2014B,629542,3,train
GGG,2014B,629580,4,train
GGG,2014B,629633,4,train
GGG,2014B,629736,2,train
GGG,2014B,629745,2,train
GGG,2014B,629772,4,train
GGG,2014B,629777,2,train
GGG,2014B,629779,3,train
GGG,2014B,629813,0,test
GGG,2014B,629820,4,train
GGG,2014B,629853,2,train
GGG,2014B,629960,2,train
GGG,2014B,629961,3,train
GGG,2014B,629963,4,train
GGG,2014B,629978,0,test
GGG,2014B,629990,3,train
GGG,2014B,630008,0,test
GGG,2014B,630099,1,calib
GGG,2014B,630108,4,train
GGG,2014B,630133,2,train
GGG,2014B,630149,0,test
GGG,2014B,630156,1,calib
GGG,2014B,630169,1,calib
GGG,2014B,630203,3,train
GGG,2014B,630219,0,test
GGG,2014B,630221,1,calib
GGG,2014B,630240,2,train
GGG,2014B,630242,4,train
GGG,2014B,630446,0,test
GGG,2014B,630496,3,train
GGG,2014B,630522,0,test
GGG,2014B,630538,2,train
GGG,2014B,630569,2,train
GGG,2014B,630571,3,train
GGG,2014B,630762,1,calib
GGG,2014B,630770,0,test
GGG,2014B,630776,1,calib
GGG,2014B,630787,4,train
GGG,2014B,630788,0,test
GGG,2014B,630834,4,train
GGG,2014B,630841,3,train
GGG,2014B,630863,3,train
GGG,2014B,630881,1,calib
GGG,2014B,630946,4,train
GGG,2014B,631033,4,train
GGG,2014B,631189,2,train
GGG,2014B,631201,4,train
GGG,2014B,631212,3,train
GGG,2014B,631277,3,train
GGG,2014B,631290,0,test
GGG,2014B,631392,1,calib
GGG,2014B,631446,3,train
GGG,2014B,631454,4,train
GGG,2014B,631542,3,train
GGG,2014B,631554,2,train
GGG,2014B,631693,0,test
GGG,2014B,631753,1,calib
GGG,2014B,631756,4,train
GGG,2014B,631786,1,calib
GGG,2014B,631788,2,train
GGG,2014B,631935,4,train
GGG,2014B,631953,0,test
GGG,2014B,631978,4,train
GGG,2014B,631992,1,calib
GGG,2014B,632152,0,test
GGG,2014B,632153,3,train
GGG,2014B,632210,0,test
GGG,2014B,632267,0,test
GGG,2014B,632475,4,train
GGG,2014B,632483,3,train
GGG,2014B,632485,2,train
GGG,2014B,632512,4,train
GGG,2014B,632514,3,train
GGG,2014B,632526,4,train
GGG,2014B,632533,1,calib
GGG,2014B,632543,0,test
GGG,2014B,632558,0,test
GGG,2014B,632559,3,train
GGG,2014B,632569,1,calib
GGG,2014B,632577,4,train
GGG,2014B,632613,3,train
GGG,2014B,632619,0,test
GGG,2014B,632631,4,train
GGG,2014B,632633,1,calib
GGG,2014B,632638,1,calib
GGG,2014B,632640,0,test
GGG,2014B,632667,0,test
GGG,2014B,632673,1,calib
GGG,2014B,632675,2,train
GGG,2014B,632687,0,test
GGG,2014B,632936,1,calib
GGG,2014B,632959,2,train
GGG,2014B,632966,3,train
GGG,2014B,632989,0,test
GGG,2014B,633026,4,train
GGG,2014B,633096,1,calib
GGG,2014B,633098,0,test
GGG,2014B,633118,4,train
GGG,2014B,633123,0,test
GGG,2014B,633209,1,calib
GGG,2014B,633285,3,train
GGG,2014B,633389,0,test
GGG,2014B,633417,1,calib
GGG,2014B,633429,3,train
GGG,2014B,633435,2,train
GGG,2014B,633436,0,test
GGG,2014B,633448,4,train
GGG,2014B,633453,1,calib
GGG,2014B,633459,0,test
GGG,2014B,633464,1,calib
GGG,2014B,633474,4,train
GGG,2014B,633498,3,train
GGG,2014B,633514,1,calib
GGG,2014B,633515,2,train
GGG,2014B,633569,1,calib
GGG,2014B,633585,1,calib
GGG,2014B,633588,0,test
GGG,2014B,633608,1,calib
GGG,2014B,633609,2,train
GGG,2014B,633643,0,test
GGG,2014B,633660,3,train
GGG,2014B,633666,2,train
GGG,2014B,633682,1,calib
GGG,2014B,633683,2,train
GGG,2014B,633685,4,train
GGG,2014B,633690,3,train
GGG,2014B,633747,2,train
GGG,2014B,633749,1,calib
GGG,2014B,633923,1,calib
GGG,2014B,633956,4,train
GGG,2014B,633967,1,calib
GGG,2014B,633979,2,train
GGG,2014B,634018,0,test
GGG,2014B,634027,1,calib
GGG,2014B,634054,2,train
GGG,2014B,634061,0,test
GGG,2014B,634066,1,calib
GGG,2014B,634076,4,train
GGG,2014B,634234,4,train
GGG,2014B,634258,0,test
GGG,2014B,634273,2,train
GGG,2014B,634311,3,train
GGG,2014B,634316,3,train
GGG,2014B,634320,2,train
GGG,2014B,634323,4,train
GGG,2014B,634340,0,test
GGG,2014B,634344,3,train
GGG,2014B,634345,4,train
GGG,2014B,634347,4,train
GGG,2014B,634369,1,calib
GGG,2014B,634404,4,train
GGG,2014B,634444,4,train
GGG,2014B,634461,0,test
GGG,2014B,634470,1,calib
GGG,2014B,634494,0,test
GGG,2014B,634498,0,test
GGG,2014B,634503,2,train
GGG,2014B,634529,1,calib
GGG,2014B,634530,4,train
GGG,2014B,634547,2,train
GGG,2014B,634551,3,train
GGG,2014B,634562,0,test
GGG,2014B,634569,1,calib
GGG,2014B,634583,4,train
GGG,2014B,634746,4,train
GGG,2014B,634751,2,train
GGG,2014B,634789,3,train
GGG,2014B,634822,3,train
GGG,2014B,634848,0,test
GGG,2014B,634899,4,train
GGG,2014B,634933,0,test
GGG,2014B,634968,4,train
GGG,2014B,634986,2,train
GGG,2014B,635017,2,train
GGG,2014B,635035,3,train
GGG,2014B,635052,2,train
GGG,2014B,635233,2,train
GGG,2014B,635506,2,train
GGG,2014B,635813,0,test
GGG,2014B,635885,4,train
GGG,2014B,1338955,0,test
GGG,2014B,1413027,3,train
GGG,2014B,1422737,3,train
GGG,2014B,1860171,1,calib
GGG,2014B,1882021,1,calib
GGG,2014B,1897611,1,calib
GGG,2014B,1986312,0,test
GGG,2014B,1994632,4,train
GGG,2014B,2011327,2,train
GGG,2014B,2067555,1,calib
GGG,2014B,2081937,1,calib
GGG,2014B,2082945,2,train
GGG,2014B,2135315,1,calib
GGG,2014B,2237813,0,test
GGG,2014B,2252963,4,train
GGG,2014B,2262510,1,calib
GGG,2014B,2264282,0,test
GGG,2014B,2272474,2,train
GGG,2014B,2322120,4,train
GGG,2014B,2351589,1,calib
GGG,2014B,2392554,3,train
GGG,2014B,2410140,0,test
GGG,2014B,2445562,4,train
GGG,2014B,2452045,4,train
GGG,2014B,2477545,1,calib
GGG,2014B,2526485,3,train
GGG,2014B,2533407,3,train
GGG,2014B,2546763,0,test
GGG,2014B,2563715,2,train
GGG,2014B,2574822,1,calib
GGG,2014B,2574825,3,train
GGG,2014B,2577437,4,train
GGG,2014B,2619903,3,train
GGG,2014B,2649914,3,train
GGG,2014B,2658277,1,calib
GGG,2014B,2672138,0,test
GGG,2014B,2677135,1,calib
GGG,2014B,2682002,0,test
GGG,2014B,2689480,4,train
GGG,2014B,2695362,1,calib
GGG,2014J,31205,2,train
GGG,2014J,52702,2,train
GGG,2014J,60162,4,train
GGG,2014J,63949,3,train
GGG,2014J,91041,4,train
GGG,2014J,92103,0,test
GGG,2014J,121182,2,train
GGG,2014J,125407,2,train
GGG,2014J,131314,1,calib
GGG,2014J,132932,1,calib
GGG,2014J,140938,3,train
GGG,2014J,141827,4,train
GGG,2014J,181251,2,train
GGG,2014J,198167,3,train
GGG,2014J,226879,4,train
GGG,2014J,226890,4,train
GGG,2014J,232480,0,test
GGG,2014J,237921,2,train
GGG,2014J,239751,3,train
GGG,2014J,260951,3,train
GGG,2014J,263341,1,calib
GGG,2014J,275136,4,train
GGG,2014J,276893,2,train
GGG,2014J,290854,1,calib
GGG,2014J,291937,2,train
GGG,2014J,302145,3,train
GGG,2014J,302522,1,calib
GGG,2014J,308807,3,train
GGG,2014J,313925,4,train
GGG,2014J,317399,4,train
GGG,2014J,323940,1,calib
GGG,2014J,330682,1,calib
GGG,2014J,338113,1,calib
GGG,2014J,339645,3,train
GGG,2014J,340242,3,train
GGG,2014J,342466,2,train
GGG,2014J,342946,1,calib
GGG,2014J,343655,3,train
GGG,2014J,348837,1,calib
GGG,2014J,350944,1,calib
GGG,2014J,358341,0,test
GGG,2014J,358966,2,train
GGG,2014J,370129,1,calib
GGG,2014J,371402,0,test
GGG,2014J,372141,3,train
GGG,2014J,378969,1,calib
GGG,2014J,380599,3,train
GGG,2014J,380668,0,test
GGG,2014J,383608,4,train
GGG,2014J,386180,1,calib
GGG,2014J,387446,1,calib
GGG,2014J,388259,0,test
GGG,2014J,396532,3,train
GGG,2014J,402596,4,train
GGG,2014J,410043,3,train
GGG,2014J,414633,2,train
GGG,2014J,415307,0,test
GGG,2014J,416700,4,train
GGG,2014J,423093,4,train
GGG,2014J,429004,4,train
GGG,2014J,439170,3,train
GGG,2014J,442987,1,calib
GGG,2014J,443765,1,calib
GGG,2014J,465567,0,test
GGG,2014J,465952,4,train
GGG,2014J,470187,4,train
GGG,2014J,470900,3,train
GGG,2014J,472049,4,train
GGG,2014J,478886,2,train
GGG,2014J,480914,0,test
GGG,2014J,498564,1,calib
GGG,2014J,499187,2,train
GGG,2014J,500915,2,train
GGG,2014J,501888,0,test
GGG,2014J,505216,2,train
GGG,2014J,505762,1,calib
GGG,2014J,506205,1,calib
GGG,2014J,513166,4,train
GGG,2014J,514648,3,train
GGG,2014J,515345,4,train
GGG,2014J,517263,1,calib
GGG,2014J,521631,4,train
GGG,2014J,527039,3,train
GGG,2014J,527538,0,test
GGG,2014J,532862,1,calib
GGG,2014J,534672,0,test
GGG,2014J,537115,4,train
GGG,2014J,541774,3,train
GGG,2014J,546286,3,train
GGG,2014J,546724,1,calib
GGG,2014J,547334,0,test
GGG,2014J,554580,3,train
GGG,2014J,558486,4,train
GGG,2014J,559366,4,train
GGG,2014J,559766,4,train
GGG,2014J,560643,1,calib
GGG,2014J,561419,0,test
GGG,2014J,566512,3,train
GGG,2014J,568852,1,calib
GGG,2014J,569374,4,train
GGG,2014J,569672,1,calib
GGG,2014J,571583,4,train
GGG,2014J,572471,0,test
GGG,2014J,573054,4,train
GGG,2014J,573320,3,train
GGG,2014J,574642,2,train
GGG,2014J,578797,3,train
GGG,2014J,579125,3,train
GGG,2014J,580717,2,train
GGG,2014J,581957,1,calib
GGG,2014J,584099,1,calib
GGG,2014J,586371,0,test
GGG,2014J,586861,2,train
GGG,2014J,587909,3,train
GGG,2014J,589562,3,train
GGG,2014J,591755,3,train
GGG,2014J,593658,2,train
GGG,2014J,595041,2,train
GGG,2014J,595941,1,calib
GGG,2014J,599282,4,train
GGG,2014J,600320,3,train
GGG,2014J,602360,1,calib
GGG,2014J,603585,2,train
GGG,2014J,604061,1,calib
GGG,2014J,606856,3,train
GGG,2014J,607342,2,train
GGG,2014J,607387,1,calib
GGG,2014J,608536,4,train
GGG,2014J,609257,4,train
GGG,2014J,609427,2,train
GGG,2014J,610302,0,test
GGG,2014J,611967,3,train
GGG,2014J,612235,4,train
GGG,2014J,612429,3,train
GGG,2014J,613027,0,test
GGG,2014J,613059,2,train
GGG,2014J,613728,3,train
GGG,2014J,614798,1,calib
GGG,2014J,616704,4,train
GGG,2014J,617962,1,calib
GGG,2014J,618253,2,train
GGG,2014J,620239,4,train
GGG,2014J,620826,4,train
GGG,2014J,621485,0,test
GGG,2014J,622118,4,train
GGG,2014J,623178,1,calib
GGG,2014J,623475,1,calib
GGG,2014J,623588,2,train
GGG,2014J,623812,2,train
GGG,2014J,624563,1,calib
GGG,2014J,624767,4,train
GGG,2014J,625241,2,train
GGG,2014J,625411,0,test
GGG,2014J,625530,1,calib
GGG,2014J,625835,2,train
GGG,2014J,626005,1,calib
GGG,2014J,626384,1,calib
GGG,2014J,627481,3,train
GGG,2014J,627809,0,test
GGG,2014J,627812,3,train
GGG,2014J,628172,0,test
GGG,2014J,628299,4,train
GGG,2014J,628569,1,calib
GGG,2014J,629258,4,train
GGG,2014J,631446,3,train
GGG,2014J,631723,4,train
GGG,2014J,632161,4,train
GGG,2014J,632266,4,train
GGG,2014J,632365,4,train
GGG,2014J,632368,1,calib
GGG,2014J,633060,0,test
GGG,2014J,633093,4,train
GGG,2014J,633424,2,train
GGG,2014J,633561,0,test
GGG,2014J,633818,2,train
GGG,2014J,633987,0,test
GGG,2014J,634019,2,train
GGG,2014J,634785,2,train
GGG,2014J,635279,0,test
GGG,2014J,635334,4,train
GGG,2014J,635703,4,train
GGG,2014J,635719,1,calib
GGG,2014J,635779,3,train
GGG,2014J,635972,2,train
GGG,2014J,635988,2,train
GGG,2014J,636018,0,test
GGG,2014J,636282,4,train
GGG,2014J,636283,3,train
GGG,2014J,636323,1,calib
GGG,2014J,636458,0,test
GGG,2014J,636464,1,calib
GGG,2014J,636554,4,train
GGG,2014J,636718,1,calib
GGG,2014J,637067,0,test
GGG,2014J,637203,3,train
GGG,2014J,637206,4,train
GGG,2014J,637246,3,train
GGG,2014J,637280,1,calib
GGG,2014J,637468,3,train
GGG,2014J,637476,2,train
GGG,2014J,637496,1,calib
GGG,2014J,637621,4,train
GGG,2014J,637722,3,train
GGG,2014J,637993,2,train
GGG,2014J,638007,2,train
GGG,2014J,638092,1,calib
GGG,2014J,638228,0,test
GGG,2014J,638503,3,train
GGG,2014J,638561,3,train
GGG,2014J,638621,1,calib
GGG,2014J,638699,1,calib
GGG,2014J,639181,0,test
GGG,2014J,639251,3,train
GGG,2014J,639461,4,train
GGG,2014J,639533,1,calib
GGG,2014J,639995,3,train
GGG,2014J,640505,0,test
GGG,2014J,640654,2,train
GGG,2014J,640835,2,train
GGG,2014J,640995,1,calib
GGG,2014J,641073,2,train
GGG,2014J,641112,1,calib
GGG,2014J,641134,3,train
GGG,2014J,641434,4,train
GGG,2014J,641452,4,train
GGG,2014J,641504,3,train
GGG,2014J,641535,2,train
GGG,2014J,641766,2,train
GGG,2014J,641940,3,train
GGG,2014J,642181,2,train
GGG,2014J,642196,4,train
GGG,2014J,642528,1,calib
GGG,2014J,642561,4,train
GGG,2014J,642590,1,calib
GGG,2014J,642694,2,train
GGG,2014J,642821,0,test
GGG,2014J,642851,1,calib
GGG,2014J,642879,2,train
GGG,2014J,642883,4,train
GGG,2014J,642900,0,test
GGG,2014J,642905,3,train
GGG,2014J,642949,1,calib
GGG,2014J,642953,1,calib
GGG,2014J,642968,0,test
GGG,2014J,642989,3,train
GGG,2014J,643085,0,test
GGG,2014J,643191,4,train
GGG,2014J,643206,0,test
GGG,2014J,643323,2,train
GGG,2014J,643406,1,calib
GGG,2014J,643525,3,train
GGG,2014J,643529,2,train
GGG,2014J,643619,4,train
GGG,2014J,643659,2,train
GGG,2014J,643672,3,train
GGG,2014J,643712,3,train
GGG,2014J,643970,3,train
GGG,2014J,644061,1,calib
GGG,2014J,644105,4,train
GGG,2014J,644144,1,calib
GGG,2014J,644160,1,calib
GGG,2014J,644188,4,train
GGG,2014J,644191,2,train
GGG,2014J,644226,2,train
GGG,2014J,644252,4,train
GGG,2014J,644301,4,train
GGG,2014J,644384,1,calib
GGG,2014J,644441,4,train
GGG,2014J,644470,2,train
GGG,2014J,644743,1,calib
GGG,2014J,644904,0,test
GGG,2014J,644990,4,train
GGG,2014J,645157,2,train
GGG,2014J,645231,4,train
GGG,2014J,645232,2,train
GGG,2014J,645326,4,train
GGG,2014J,645377,2,train
GGG,2014J,645598,1,calib
GGG,2014J,645607,0,test
GGG,2014J,645730,4,train
GGG,2014J,645801,2,train
GGG,2014J,645851,1,calib
GGG,2014J,645876,3,train
GGG,2014J,645928,3,train
GGG,2014J,645969,3,train
GGG,2014J,646131,4,train
GGG,2014J,646152,3,train
GGG,2014J,646169,4,train
GGG,2014J,646342,1,calib
GGG,2014J,646367,1,calib
GGG,2014J,646401,4,train
GGG,2014J,646430,4,train
GGG,2014J,646432,0,test
GGG,2014J,646470,4,train
GGG,2014J,646508,1,calib
GGG,2014J,646572,4,train
GGG,2014J,646576,1,calib
GGG,2014J,646685,0,test
GGG,2014J,646729,3,train
GGG,2014J,646748,4,train
GGG,2014J,646801,1,calib
GGG,2014J,646821,3,train
GGG,2014J,646857,0,test
GGG,2014J,646881,4,train
GGG,2014J,646889,1,calib
GGG,2014J,646891,0,test
GGG,2014J,646905,3,train
GGG,2014J,646953,1,calib
GGG,2014J,647054,1,calib
GGG,2014J,647067,2,train
GGG,2014J,647102,0,test
GGG,2014J,647345,4,train
GGG,2014J,647442,1,calib
GGG,2014J,647654,3,train
GGG,2014J,647758,1,calib
GGG,2014J,647761,0,test
GGG,2014J,647850,3,train
GGG,2014J,647893,1,calib
GGG,2014J,647986,3,train
GGG,2014J,648023,1,calib
GGG,2014J,648049,0,test
GGG,2014J,648083,0,test
GGG,2014J,648100,0,test
GGG,2014J,648110,2,train
GGG,2014J,648115,4,train
GGG,2014J,648117,0,test
GGG,2014J,648158,3,train
GGG,2014J,648178,2,train
GGG,2014J,648207,4,train
GGG,2014J,648257,4,train
GGG,2014J,648274,3,train
GGG,2014J,648279,1,calib
GGG,2014J,648380,1,calib
GGG,2014J,648445,2,train
GGG,2014J,648498,1,calib
GGG,2014J,648522,2,train
GGG,2014J,648528,0,test
GGG,2014J,648750,2,train
GGG,2014J,648983,0,test
GGG,2014J,649095,4,train
GGG,2014J,649113,2,train
GGG,2014J,649153,2,train
GGG,2014J,649194,1,calib
GGG,2014J,649206,4,train
GGG,2014J,649300,3,train
GGG,2014J,649867,0,test
GGG,2014J,649909,4,train
GGG,2014J,650023,0,test
GGG,2014J,650257,4,train
GGG,2014J,650263,1,calib
GGG,2014J,650268,0,test
GGG,2014J,650316,0,test
GGG,2014J,650388,3,train
GGG,2014J,650503,4,train
GGG,2014J,650630,4,train
GGG,2014J,650652,4,train
GGG,2014J,650656,2,train
GGG,2014J,650662,3,train
GGG,2014J,650698,2,train
GGG,2014J,650751,2,train
GGG,2014J,650901,2,train
GGG,2014J,651210,2,train
GGG,2014J,651259,2,train
GGG,2014J,651281,4,train
GGG,2014J,651319,0,test
GGG,2014J,651436,0,test
GGG,2014J,651602,3,train
GGG,2014J,651624,3,train
GGG,2014J,651628,4,train
GGG,2014J,651660,0,test
GGG,2014J,651730,0,test
GGG,2014J,651740,4,train
GGG,2014J,651748,3,train
GGG,2014J,651943,2,train
GGG,2014J,651954,1,calib
GGG,2014J,652112,2,train
GGG,2014J,652281,0,test
GGG,2014J,652364,2,train
GGG,2014J,652414,3,train
GGG,2014J,652435,1,calib
GGG,2014J,652462,0,test
GGG,2014J,652539,0,test
GGG,2014J,652574,4,train
GGG,2014J,652578,3,train
GGG,2014J,652968,3,train
GGG,2014J,653157,2,train
GGG,2014J,653230,0,test
GGG,2014J,653249,0,test
GGG,2014J,653252,1,calib
GGG,2014J,653292,0,test
GGG,2014J,653374,2,train
GGG,2014J,653435,4,train
GGG,2014J,653495,0,test
GGG,2014J,653561,4,train
GGG,2014J,653601,1,calib
GGG,2014J,653806,3,train
GGG,2014J,653824,0,test
GGG,2014J,653867,2,train
GGG,2014J,653943,1,calib
GGG,2014J,654062,0,test
GGG,2014J,654064,1,calib
GGG,2014J,654237,2,train
GGG,2014J,654321,1,calib
GGG,2014J,654369,4,train
GGG,2014J,654681,4,train
GGG,2014J,654821,0,test
GGG,2014J,654914,0,test
GGG,2014J,654916,2,train
GGG,2014J,654945,4,train
GGG,2014J,654965,2,train
GGG,2014J,655065,4,train
GGG,2014J,655201,0,test
GGG,2014J,655376,1,calib
GGG,2014J,655556,1,calib
GGG,2014J,655625,4,train
GGG,2014J,655954,4,train
GGG,2014J,656014,2,train
GGG,2014J,656053,3,train
GGG,2014J,656111,4,train
GGG,2014J,656438,0,test
GGG,2014J,656506,1,calib
GGG,2014J,656543,1,calib
GGG,2014J,656637,2,train
GGG,2014J,656756,3,train
GGG,2014J,656936,3,train
GGG,2014J,656970,4,train
GGG,2014J,657045,2,train
GGG,2014J,657093,3,train
GGG,2014J,657231,4,train
GGG,2014J,657327,4,train
GGG,2014J,657351,2,train
GGG,2014J,674340,0,test
GGG,2014J,674359,2,train
GGG,2014J,674467,3,train
GGG,2014J,674471,4,train
GGG,2014J,674481,0,test
GGG,2014J,674563,3,train
GGG,2014J,674568,4,train
GGG,2014J,674640,4,train
GGG,2014J,674660,4,train
GGG,2014J,674710,3,train
GGG,2014J,674750,3,train
GGG,2014J,674766,2,train
GGG,2014J,674890,3,train
GGG,2014J,674927,0,test
GGG,2014J,674939,1,calib
GGG,2014J,674983,4,train
GGG,2014J,675242,3,train
GGG,2014J,675247,0,test
GGG,2014J,675264,3,train
GGG,2014J,675578,1,calib
GGG,2014J,675629,3,train
GGG,2014J,675811,4,train
GGG,2014J,675848,2,train
GGG,2014J,675879,4,train
GGG,2014J,675880,0,test
GGG,2014J,675885,3,train
GGG,2014J,675888,0,test
GGG,2014J,675891,3,train
GGG,2014J,675924,0,test
GGG,2014J,675949,4,train
GGG,2014J,675996,2,train
GGG,2014J,676034,4,train
GGG,2014J,676071,1,calib
GGG,2014J,676387,3,train
GGG,2014J,676690,4,train
GGG,2014J,676739,0,test
GGG,2014J,676742,1,calib
GGG,2014J,677022,2,train
GGG,2014J,677025,0,test
GGG,2014J,677066,3,train
GGG,2014J,677150,0,test
GGG,2014J,677184,1,calib
GGG,2014J,677216,4,train
GGG,2014J,677278,3,train
GGG,2014J,677356,1,calib
GGG,2014J,677433,4,train
GGG,2014J,677463,4,train
GGG,2014J,677491,1,calib
GGG,2014J,677551,3,train
GGG,2014J,677928,0,test
GGG,2014J,677963,4,train
GGG,2014J,678004,3,train
GGG,2014J,678009,0,test
GGG,2014J,678241,1,calib
GGG,2014J,678255,2,train
GGG,2014J,678261,3,train
GGG,2014J,678313,0,test
GGG,2014J,678432,1,calib
GGG,2014J,678612,1,calib
GGG,2014J,678618,2,train
GGG,2014J,678714,3,train
GGG,2014J,678762,2,train
GGG,2014J,678774,0,test
GGG,2014J,679127,4,train
GGG,2014J,679258,4,train
GGG,2014J,679275,0,test
GGG,2014J,679327,2,train
GGG,2014J,679332,3,train
GGG,2014J,679373,2,train
GGG,2014J,679405,4,train
GGG,2014J,679409,2,train
GGG,2014J,679769,2,train
GGG,2014J,679840,1,calib
GGG,2014J,679921,1,calib
GGG,2014J,680063,4,train
GGG,2014J,680176,3,train
GGG,2014J,680261,3,train
GGG,2014J,680340,0,test
GGG,2014J,680345,4,train
GGG,2014J,680354,0,test
GGG,2014J,680427,3,train
GGG,2014J,680484,1,calib
GGG,2014J,680569,4,train
GGG,2014J,680850,2,train
GGG,2014J,680966,4,train
GGG,2014J,680988,4,train
GGG,2014J,680992,0,test
GGG,2014J,681065,4,train
GGG,2014J,681107,2,train
GGG,2014J,681154,1,calib
GGG,2014J,681168,2,train
GGG,2014J,681195,1,calib
GGG,2014J,681268,3,train
GGG,2014J,681383,0,test
GGG,2014J,681421,3,train
GGG,2014J,681447,4,train
GGG,2014J,681532,0,test
GGG,2014J,681696,4,train
GGG,2014J,681751,0,test
GGG,2014J,681791,2,train
GGG,2014J,681876,2,train
GGG,2014J,682001,4,train
GGG,2014J,682100,1,calib
GGG,2014J,682123,0,test
GGG,2014J,682302,3,train
GGG,2014J,682307,2,train
GGG,2014J,682321,0,test
GGG,2014J,682413,4,train
GGG,2014J,682440,1,calib
GGG,2014J,682481,4,train
GGG,2014J,682543,1,calib
GGG,2014J,682625,4,train
GGG,2014J,682891,2,train
GGG,2014J,683005,4,train
GGG,2014J,683188,3,train
GGG,2014J,683256,4,train
GGG,2014J,683299,0,test
GGG,2014J,683336,2,train
GGG,2014J,683423,1,calib
GGG,2014J,683633,3,train
GGG,2014J,683696,2,train
GGG,2014J,683841,0,test
GGG,2014J,683974,4,train
GGG,2014J,684116,2,train
GGG,2014J,684146,0,test
GGG,2014J,684169,3,train
GGG,2014J,684341,0,test
GGG,2014J,684393,3,train
GGG,2014J,684427,4,train
GGG,2014J,684456,2,train
GGG,2014J,684733,4,train
GGG,2014J,684802,2,train
GGG,2014J,684811,3,train
GGG,2014J,684903,1,calib
GGG,2014J,684987,1,calib
GGG,2014J,684995,0,test
GGG,2014J,685028,0,test
GGG,2014J,685096,4,train
GGG,2014J,685272,1,calib
GGG,2014J,685282,0,test
GGG,2014J,685285,0,test
GGG,2014J,685338,1,calib
GGG,2014J,685436,1,calib
GGG,2014J,685447,4,train
GGG,2014J,685535,0,test
GGG,2014J,685545,4,train
GGG,2014J,685575,4,train
GGG,2014J,685627,1,calib
GGG,2014J,685676,4,train
GGG,2014J,685877,1,calib
GGG,2014J,685923,1,calib
GGG,2014J,686028,1,calib
GGG,2014J,686112,1,calib
GGG,2014J,686194,1,calib
GGG,2014J,686207,4,train
GGG,2014J,686267,0,test
GGG,2014J,686309,0,test
GGG,2014J,686373,2,train
GGG,2014J,686598,4,train
GGG,2014J,686650,1,calib
GGG,2014J,686668,3,train
GGG,2014J,686898,4,train
GGG,2014J,686918,3,train
GGG,2014J,686921,0,test
GGG,2014J,687028,3,train
GGG,2014J,687082,4,train
GGG,2014J,687143,3,train
GGG,2014J,687302,0,test
GGG,2014J,687523,4,train
GGG,2014J,687534,2,train
GGG,2014J,687586,3,train
GGG,2014J,687620,4,train
GGG,2014J,687626,4,train
GGG,2014J,687653,0,test
GGG,2014J,687722,1,calib
GGG,2014J,687780,3,train
GGG,2014J,687821,4,train
GGG,2014J,688038,2,train
GGG,2014J,688050,4,train
GGG,2014J,688199,0,test
GGG,2014J,688379,0,test
GGG,2014J,688388,2,train
GGG,2014J,688401,3,train
GGG,2014J,688658,2,train
GGG,2014J,688663,0,test
GGG,2014J,688811,0,test
GGG,2014J,688819,1,calib
GGG,2014J,688822,4,train
GGG,2014J,688856,1,calib
GGG,2014J,689065,1,calib
GGG,2014J,689335,0,test
GGG,2014J,689371,0,test
GGG,2014J,689433,1,calib
GGG,2014J,689485,3,train
GGG,2014J,689503,0,test
GGG,2014J,689554,4,train
GGG,2014J,689594,3,train
GGG,2014J,689636,3,train
GGG,2014J,689711,0,test
GGG,2014J,689754,0,test
GGG,2014J,689838,0,test
GGG,2014J,689839,3,train
GGG,2014J,689878,4,train
GGG,2014J,690029,1,calib
GGG,2014J,690038,0,test
GGG,2014J,690044,2,train
GGG,2014J,690057,4,train
GGG,2014J,690065,1,calib
GGG,2014J,690471,1,calib
GGG,2014J,690556,4,train
GGG,2014J,690579,0,test
GGG,2014J,690895,2,train
GGG,2014J,691127,2,train
GGG,2014J,691229,1,calib
GGG,2014J,691281,1,calib
GGG,2014J,691371,3,train
GGG,2014J,691501,4,train
GGG,2014J,691519,3,train
GGG,2014J,691556,0,test
GGG,2014J,691577,2,train
GGG,2014J,691787,4,train
GGG,2014J,692018,2,train
GGG,2014J,692171,0,test
GGG,2014J,692206,1,calib
GGG,2014J,692256,2,train
GGG,2014J,692320,1,calib
GGG,2014J,692828,3,train
GGG,2014J,692972,1,calib
GGG,2014J,693046,0,test
GGG,2014J,693053,4,train
GGG,2014J,693273,3,train
GGG,2014J,693364,3,train
GGG,2014J,693387,3,train
GGG,2014J,693421,0,test
GGG,2014J,693616,1,calib
GGG,2014J,693763,4,train
GGG,2014J,693788,3,train
GGG,2014J,693843,0,test
GGG,2014J,694009,1,calib
GGG,2014J,694070,0,test
GGG,2014J,694082,3,train
GGG,2014J,694292,4,train
GGG,2014J,694359,2,train
GGG,2014J,694416,2,train
GGG,2014J,694470,0,test
GGG,2014J,694723,3,train
GGG,2014J,694729,1,calib
GGG,2014J,694782,3,train
GGG,2014J,695143,3,train
GGG,2014J,695509,2,train
GGG,2014J,695655,2,train
GGG,2014J,695877,1,calib
GGG,2014J,695913,0,test
GGG,2014J,695951,0,test
GGG,2014J,696157,4,train
GGG,2014J,696514,0,test
GGG,2014J,696706,0,test
GGG,2014J,696708,4,train
GGG,2014J,696710,1,calib
GGG,2014J,696711,4,train
GGG,2014J,696712,3,train
GGG,2014J,696713,2,train
GGG,2014J,696876,3,train
GGG,2014J,697314,4,train
GGG,2014J,697325,0,test
GGG,2014J,697328,2,train
GGG,2014J,697364,1,calib
GGG,2014J,697456,3,train
GGG,2014J,697492,3,train
GGG,2014J,698019,1,calib
GGG,2014J,698065,3,train
GGG,2014J,698163,0,test
GGG,2014J,698460,1,calib
GGG,2014J,698548,0,test
GGG,2014J,699461,4,train
GGG,2014J,699628,4,train
GGG,2014J,1405453,1,calib
GGG,2014J,1420575,4,train
GGG,2014J,1689081,4,train
GGG,2014J,1734156,2,train
GGG,2014J,1777563,4,train
GGG,2014J,1782236,1,calib
GGG,2014J,1827650,1,calib
GGG,2014J,1841303,0,test
GGG,2014J,1890660,1,calib
GGG,2014J,1915795,2,train
GGG,2014J,1917808,2,train
GGG,2014J,1931810,2,train
GGG,2014J,1950911,4,train
GGG,2014J,1977701,1,calib
GGG,2014J,2004143,0,test
GGG,2014J,2052942,0,test
GGG,2014J,2053521,4,train
GGG,2014J,2203216,1,calib
GGG,2014J,2214722,4,train
GGG,2014J,2239862,3,train
GGG,2014J,2268380,2,train
GGG,2014J,2270562,4,train
GGG,2014J,2271766,0,test
GGG,2014J,2282141,0,test
GGG,2014J,2311714,4,train
GGG,2014J,2338614,0,test
GGG,2014J,2342238,0,test
GGG,2014J,2357806,3,train
GGG,2014J,2373245,0,test
GGG,2014J,2378591,0,test
GGG,2014J,2456431,3,train
GGG,2014J,2475886,4,train
GGG,2014J,2508153,4,train
GGG,2014J,2533195,4,train
GGG,2014J,2606765,2,train
GGG,2014J,2608143,4,train
GGG,2014J,2620947,3,train
GGG,2014J,2640965,0,test
GGG,2014J,2645731,0,test
GGG,2014J,2648187,1,calib
GGG,2014J,2679821,0,test
GGG,2014J,2684003,3,train
